timestamp,project_name,run_id,experiment_id,duration,emissions,emissions_rate,cpu_power,gpu_power,ram_power,cpu_energy,gpu_energy,ram_energy,energy_consumed,country_name,country_iso_code,region,cloud_provider,cloud_region,os,python_version,codecarbon_version,cpu_count,cpu_model,gpu_count,gpu_model,longitude,latitude,ram_total_size,tracking_mode,on_cloud,pue
2025-06-10T15:59:20,codecarbon,26d5442c-8c10-499c-99fa-f9aefc6ea5cd,5b0fa12a-3dd7-45bb-9766-cc326314d9f1,7.367666500002088,5.457194220364693e-05,7.406950654407534e-06,60.0,0.0,10.0,0.0001227937266666,0,2.045851694444233e-05,0.000143252243611,Germany,DEU,north rhine-westphalia,,,Windows-10-10.0.26100-SP0,3.11.0,3.0.1,8,Intel(R) Core(TM) i5-8250U CPU @ 1.60GHz,,,7.2005,51.6104,7.873264312744141,machine,N,1.0
2025-06-10T15:59:20,codecarbon,26d5442c-8c10-499c-99fa-f9aefc6ea5cd,5b0fa12a-3dd7-45bb-9766-cc326314d9f1,7.39331360000142,5.475898621981805e-05,7.4065553258565316e-06,60.0,0.0,10.0,0.0001232207716666,0,2.052246555555636e-05,0.0001437432372222,Germany,DEU,north rhine-westphalia,,,Windows-10-10.0.26100-SP0,3.11.0,3.0.1,8,Intel(R) Core(TM) i5-8250U CPU @ 1.60GHz,,,7.2005,51.6104,7.873264312744141,machine,N,1.0
2025-06-10T15:59:44,codecarbon,0174348a-8cb1-433f-8f32-04668b9da99d,5b0fa12a-3dd7-45bb-9766-cc326314d9f1,6.806419500000629,5.041455284357187e-05,7.406912377876093e-06,60.0,0.0,10.0,0.0001134392999999,0,1.88997283333366e-05,0.0001323390283333,Germany,DEU,north rhine-westphalia,,,Windows-10-10.0.26100-SP0,3.11.0,3.0.1,8,Intel(R) Core(TM) i5-8250U CPU @ 1.60GHz,,,7.2005,51.6104,7.873264312744141,machine,N,1.0
2025-06-10T15:59:44,codecarbon,0174348a-8cb1-433f-8f32-04668b9da99d,5b0fa12a-3dd7-45bb-9766-cc326314d9f1,6.818748499998037,5.050213377767961e-05,7.40636405312414e-06,60.0,0.0,10.0,0.0001136443299999,0,1.8924599722231508e-05,0.0001325689297222,Germany,DEU,north rhine-westphalia,,,Windows-10-10.0.26100-SP0,3.11.0,3.0.1,8,Intel(R) Core(TM) i5-8250U CPU @ 1.60GHz,,,7.2005,51.6104,7.873264312744141,machine,N,1.0
2025-06-10T16:25:12,chat_request,e94b0d41-e239-4a09-b7a1-0a5586e50ecc,5b0fa12a-3dd7-45bb-9766-cc326314d9f1,7.592658999998093,5.619199736923095e-05,7.400832484277914e-06,60.0,0.0,10.0,0.0001264814266666,0,2.102348833331133e-05,0.0001475049149999,Germany,DEU,north rhine-westphalia,,,Windows-10-10.0.26100-SP0,3.11.0,3.0.1,8,Intel(R) Core(TM) i5-8250U CPU @ 1.60GHz,,,7.2005,51.6104,7.873264312744141,machine,N,1.0
2025-06-10T16:25:43,chat_request,efbdea15-b906-4972-8b0b-26c41a36d8b7,5b0fa12a-3dd7-45bb-9766-cc326314d9f1,8.965031200001249,6.634983017868415e-05,7.400959204545201e-06,60.0,0.0,10.0,0.0001493864683333,0,2.4782924444439738e-05,0.0001741693927777,Germany,DEU,north rhine-westphalia,,,Windows-10-10.0.26100-SP0,3.11.0,3.0.1,8,Intel(R) Core(TM) i5-8250U CPU @ 1.60GHz,,,7.2005,51.6104,7.873264312744141,machine,N,1.0
2025-06-10T16:26:06,classify_request,c3ebc979-d093-468e-affd-f548af6c2838,5b0fa12a-3dd7-45bb-9766-cc326314d9f1,5.45204780000131,4.033449203486376e-05,7.398044462276005e-06,60.0,0.0,10.0,9.083615166673554e-05,0,1.504255166667766e-05,0.0001058787033334,Germany,DEU,north rhine-westphalia,,,Windows-10-10.0.26100-SP0,3.11.0,3.0.1,8,Intel(R) Core(TM) i5-8250U CPU @ 1.60GHz,,,7.2005,51.6104,7.873264312744141,machine,N,1.0
2025-06-10T16:26:27,daiy_aiaas,0e9dc6bb-4bce-4216-9b46-760b073298f8,5b0fa12a-3dd7-45bb-9766-cc326314d9f1,109.2993549999992,0.0008090470081863,7.402120608912863e-06,60.0,0.0,10.0,0.001821042213333,0,0.0003027194566666,0.0021237616699996,Germany,DEU,north rhine-westphalia,,,Windows-10-10.0.26100-SP0,3.11.0,3.0.1,8,Intel(R) Core(TM) i5-8250U CPU @ 1.60GHz,,,7.2005,51.6104,7.873264312744141,machine,N,1.0
2025-06-10T16:28:47,chat_request,1db67986-1a25-4b74-82e9-f272f7da4a61,5b0fa12a-3dd7-45bb-9766-cc326314d9f1,8.913863599998876,6.601434656120757e-05,7.405806227640267e-06,60.0,0.0,10.0,0.0001485511416666,0,2.4737601111115105e-05,0.0001732887427778,Germany,DEU,north rhine-westphalia,,,Windows-10-10.0.26100-SP0,3.11.0,3.0.1,8,Intel(R) Core(TM) i5-8250U CPU @ 1.60GHz,,,7.2005,51.6104,7.873264312744141,machine,N,1.0
2025-06-10T16:29:23,chat_request,30e2acd6-8f7d-451e-812a-51e61c6fc711,5b0fa12a-3dd7-45bb-9766-cc326314d9f1,20.59147049999956,0.0001524977656131,7.405870581859219e-06,60.0,0.0,10.0,0.0003431709033333,0,5.713823333333292e-05,0.0004003091366666,Germany,DEU,north rhine-westphalia,,,Windows-10-10.0.26100-SP0,3.11.0,3.0.1,8,Intel(R) Core(TM) i5-8250U CPU @ 1.60GHz,,,7.2005,51.6104,7.873264312744141,machine,N,1.0
2025-06-10T16:29:44,classify_request,45dcdf38-8416-49f9-b210-752d17a0f47a,5b0fa12a-3dd7-45bb-9766-cc326314d9f1,3.717946200002189,2.7534063043327755e-05,7.405718523660064e-06,60.0,0.0,10.0,6.196047666671803e-05,0,1.031689055556247e-05,7.22773672222805e-05,Germany,DEU,north rhine-westphalia,,,Windows-10-10.0.26100-SP0,3.11.0,3.0.1,8,Intel(R) Core(TM) i5-8250U CPU @ 1.60GHz,,,7.2005,51.6104,7.873264312744141,machine,N,1.0
2025-06-10T16:40:51,chat_request,07462667-8062-4667-8eaa-eadbc9e8fb93,5b0fa12a-3dd7-45bb-9766-cc326314d9f1,10.45450410000194,7.74235566288383e-05,7.405760798240437e-06,60.0,0.0,10.0,0.0001742283816666,0,2.900972472222444e-05,0.0002032381063888,Germany,DEU,north rhine-westphalia,,,Windows-10-10.0.26100-SP0,3.11.0,3.0.1,8,Intel(R) Core(TM) i5-8250U CPU @ 1.60GHz,,,7.2005,51.6104,7.873264312744141,machine,N,1.0
2025-06-10T16:43:59,chat_request,a75a8e3e-29d2-492b-b459-22760380a18a,5b0fa12a-3dd7-45bb-9766-cc326314d9f1,7.575390000001789,5.610211655535982e-05,7.405838716600276e-06,60.0,0.0,10.0,0.0001262478516666,0,2.1021124722230727e-05,0.0001472689763889,Germany,DEU,north rhine-westphalia,,,Windows-10-10.0.26100-SP0,3.11.0,3.0.1,8,Intel(R) Core(TM) i5-8250U CPU @ 1.60GHz,,,7.2005,51.6104,7.873264312744141,machine,N,1.0
2025-06-10T16:49:40,classify_request,d94978ff-a51f-4c67-b1f2-54755069f062,5b0fa12a-3dd7-45bb-9766-cc326314d9f1,2.846505400000752,2.10794532261522e-05,7.405379672262921e-06,60.0,0.0,10.0,4.743700500002888e-05,0,7.896905555561615e-06,5.533391055559049e-05,Germany,DEU,north rhine-westphalia,,,Windows-10-10.0.26100-SP0,3.11.0,3.0.1,8,Intel(R) Core(TM) i5-8250U CPU @ 1.60GHz,,,7.2005,51.6104,7.873264312744141,machine,N,1.0
2025-06-10T16:50:15,chat_request,43b54932-2fad-419b-ae32-f7cd7ac1ce3b,5b0fa12a-3dd7-45bb-9766-cc326314d9f1,7.361133399997925,5.451727958232768e-05,7.406098574757937e-06,60.0,0.0,10.0,0.0001226800016666,0,2.0428751666663125e-05,0.0001431087533333,Germany,DEU,north rhine-westphalia,,,Windows-10-10.0.26100-SP0,3.11.0,3.0.1,8,Intel(R) Core(TM) i5-8250U CPU @ 1.60GHz,,,7.2005,51.6104,7.873264312744141,machine,N,1.0
2025-06-10T17:08:10,chat_request,b3f0f7e9-1e77-4f08-b2bc-c933331fdbd0,5b0fa12a-3dd7-45bb-9766-cc326314d9f1,49.10444389999975,0.0003636834893978,7.40632538550848e-06,60.0,0.0,10.0,0.0008183971799999,0,0.0001362779463889,0.0009546751263888,Germany,DEU,north rhine-westphalia,,,Windows-10-10.0.26100-SP0,3.11.0,3.0.1,8,Intel(R) Core(TM) i5-8250U CPU @ 1.60GHz,,,7.2005,51.6104,7.873264312744141,machine,N,1.0
2025-06-10T17:10:38,chat_request,1fba9338-f7fe-4bc6-89fb-0ec0c21bb234,5b0fa12a-3dd7-45bb-9766-cc326314d9f1,10.017845899998065,7.419993656494474e-05,7.406775598829991e-06,60.0,0.0,10.0,0.0001669629283333,0,2.7813122499992463e-05,0.0001947760508332,Germany,DEU,north rhine-westphalia,,,Windows-10-10.0.26100-SP0,3.11.0,3.0.1,8,Intel(R) Core(TM) i5-8250U CPU @ 1.60GHz,,,7.2005,51.6104,7.873264312744141,machine,N,1.0
2025-06-10T17:10:54,chat_request,9c87e329-d46a-4c7c-9f52-9dbfefeecd03,5b0fa12a-3dd7-45bb-9766-cc326314d9f1,5.427685499998916,4.01967288746799e-05,7.405869200543754e-06,60.0,0.0,10.0,9.045990999996625e-05,0,1.5057162777773357e-05,0.0001055170727777,Germany,DEU,north rhine-westphalia,,,Windows-10-10.0.26100-SP0,3.11.0,3.0.1,8,Intel(R) Core(TM) i5-8250U CPU @ 1.60GHz,,,7.2005,51.6104,7.873264312744141,machine,N,1.0
2025-06-10T17:11:16,chat_request,d16f0379-1c4d-4316-b824-78d193e65f16,5b0fa12a-3dd7-45bb-9766-cc326314d9f1,5.701185200003238,4.222243155790589e-05,7.4059042245956e-06,60.0,0.0,10.0,9.50182316667148e-05,0,1.5816343888885364e-05,0.0001108345755556,Germany,DEU,north rhine-westphalia,,,Windows-10-10.0.26100-SP0,3.11.0,3.0.1,8,Intel(R) Core(TM) i5-8250U CPU @ 1.60GHz,,,7.2005,51.6104,7.873264312744141,machine,N,1.0
2025-06-10T17:29:14,chat_request,c09c269f-cc39-4bea-89ae-c541d39e24f3,5b0fa12a-3dd7-45bb-9766-cc326314d9f1,2.098337799998262,1.5540533982157333e-05,7.406116394686405e-06,60.0,0.0,10.0,3.497164499998083e-05,0,5.822511666661336e-06,4.0794156666642166e-05,Germany,DEU,north rhine-westphalia,,,Windows-10-10.0.26100-SP0,3.11.0,3.0.1,8,Intel(R) Core(TM) i5-8250U CPU @ 1.60GHz,,,7.2005,51.6104,7.873264312744141,machine,N,1.0
2025-06-10T17:31:09,chat_request,210ed992-a123-4059-aa4f-7bcf5d48f9e1,5b0fa12a-3dd7-45bb-9766-cc326314d9f1,32.2640696999988,0.0002389641686868,7.406510428126358e-06,60.0,0.0,10.0,0.0005377280716666,0,8.955679166667526e-05,0.0006272848633333,Germany,DEU,north rhine-westphalia,,,Windows-10-10.0.26100-SP0,3.11.0,3.0.1,8,Intel(R) Core(TM) i5-8250U CPU @ 1.60GHz,,,7.2005,51.6104,7.873264312744141,machine,N,1.0
2025-06-10T17:41:36,chat_request,088d5116-a7a4-4d60-ada1-5762fea339c5,5b0fa12a-3dd7-45bb-9766-cc326314d9f1,24.90012840000054,0.0001844247097722,7.406576657340956e-06,60.0,0.0,10.0,0.0004149981616666,0,6.911972722222749e-05,0.0004841178888889,Germany,DEU,north rhine-westphalia,,,Windows-10-10.0.26100-SP0,3.11.0,3.0.1,8,Intel(R) Core(TM) i5-8250U CPU @ 1.60GHz,,,7.2005,51.6104,7.873264312744141,machine,N,1.0
2025-06-10T17:48:17,chat_request,e7f80511-c8c6-486c-bab8-731ec1475c65,5b0fa12a-3dd7-45bb-9766-cc326314d9f1,20.05362629999945,0.0001485278565628,7.406533578559327e-06,60.0,0.0,10.0,0.000334223285,0,5.566477527778868e-05,0.0003898880602777,Germany,DEU,north rhine-westphalia,,,Windows-10-10.0.26100-SP0,3.11.0,3.0.1,8,Intel(R) Core(TM) i5-8250U CPU @ 1.60GHz,,,7.2005,51.6104,7.873264312744141,machine,N,1.0
2025-06-10T17:49:04,chat_request,a9332300-0817-48c4-9d3f-8cf6eb8bbe3a,5b0fa12a-3dd7-45bb-9766-cc326314d9f1,17.472258000001602,0.0001294070484495,7.406429578222046e-06,60.0,0.0,10.0,0.0002912014833332,0,4.849414194444156e-05,0.0003396956252776,Germany,DEU,north rhine-westphalia,,,Windows-10-10.0.26100-SP0,3.11.0,3.0.1,8,Intel(R) Core(TM) i5-8250U CPU @ 1.60GHz,,,7.2005,51.6104,7.873264312744141,machine,N,1.0
2025-06-10T17:49:29,chat_request,3887b529-206e-4042-9105-2f89862f8e07,5b0fa12a-3dd7-45bb-9766-cc326314d9f1,8.064193700000033,5.97276181286409e-05,7.406520769539633e-06,60.0,0.0,10.0,0.0001344023883333,0,2.238358916667696e-05,0.0001567859775,Germany,DEU,north rhine-westphalia,,,Windows-10-10.0.26100-SP0,3.11.0,3.0.1,8,Intel(R) Core(TM) i5-8250U CPU @ 1.60GHz,,,7.2005,51.6104,7.873264312744141,machine,N,1.0
2025-06-10T17:49:58,classify_request,77750c31-70f1-440d-a8b8-9cbd0974bc04,5b0fa12a-3dd7-45bb-9766-cc326314d9f1,5.2643681000008655,3.897889563963746e-05,7.404287637034928e-06,60.0,0.0,10.0,8.772443999999571e-05,0,1.45958005555561e-05,0.0001023202405555,Germany,DEU,north rhine-westphalia,,,Windows-10-10.0.26100-SP0,3.11.0,3.0.1,8,Intel(R) Core(TM) i5-8250U CPU @ 1.60GHz,,,7.2005,51.6104,7.873264312744141,machine,N,1.0
2025-06-10T17:54:54,chat_request,bbfe503a-3954-4408-b54b-f3ab6b5fdcb5,5b0fa12a-3dd7-45bb-9766-cc326314d9f1,12.44835410000087,9.219888269522692e-05,7.4065118934253715e-06,60.0,0.0,10.0,0.0002074703133334,0,3.455326638888639e-05,0.0002420235797223,Germany,DEU,north rhine-westphalia,,,Windows-10-10.0.26100-SP0,3.11.0,3.0.1,8,Intel(R) Core(TM) i5-8250U CPU @ 1.60GHz,,,7.2005,51.6104,7.873264312744141,machine,N,1.0
2025-06-10T17:55:44,chat_request,2b649cdd-adda-46cb-b5e0-7e62c3eb82ba,5b0fa12a-3dd7-45bb-9766-cc326314d9f1,25.531866700002865,0.0001890992303975,7.4064005041026545e-06,60.0,0.0,10.0,0.0004255264166667,0,7.08621655555564e-05,0.0004963885822222,Germany,DEU,north rhine-westphalia,,,Windows-10-10.0.26100-SP0,3.11.0,3.0.1,8,Intel(R) Core(TM) i5-8250U CPU @ 1.60GHz,,,7.2005,51.6104,7.873264312744141,machine,N,1.0
2025-06-10T17:59:25,chat_request,52be06ae-564d-420c-8733-096538b3d39c,5b0fa12a-3dd7-45bb-9766-cc326314d9f1,30.26208019999831,0.0002241363643241,7.406508833591613e-06,60.0,0.0,10.0,0.0005043621749999,0,8.399945861111621e-05,0.000588361633611,Germany,DEU,north rhine-westphalia,,,Windows-10-10.0.26100-SP0,3.11.0,3.0.1,8,Intel(R) Core(TM) i5-8250U CPU @ 1.60GHz,,,7.2005,51.6104,7.873264312744141,machine,N,1.0
2025-06-10T18:01:42,chat_request,8a5eab5f-b5a9-4f55-9634-775951e8e834,5b0fa12a-3dd7-45bb-9766-cc326314d9f1,32.30707820000316,0.0002392842729295,7.406558756202142e-06,60.0,0.0,10.0,0.0005384456133332,0,8.96795288888926e-05,0.0006281251422221,Germany,DEU,north rhine-westphalia,,,Windows-10-10.0.26100-SP0,3.11.0,3.0.1,8,Intel(R) Core(TM) i5-8250U CPU @ 1.60GHz,,,7.2005,51.6104,7.873264312744141,machine,N,1.0
2025-06-10T20:35:59,chat_request,92319119-883a-4b97-9149-c23d00d64873,5b0fa12a-3dd7-45bb-9766-cc326314d9f1,18.0926973,0.0001339988043011,7.40623700708132e-06,60.0,0.0,10.0,0.0003015402733333,0,5.020878638888872e-05,0.0003517490597222,Germany,DEU,north rhine-westphalia,,,Windows-10-10.0.26100-SP0,3.11.0,3.0.1,8,Intel(R) Core(TM) i5-8250U CPU @ 1.60GHz,,,7.2005,51.6104,7.873264312744141,machine,N,1.0
2025-06-10T20:36:47,classify_request,9d662a73-eeea-4ed3-b7f3-5795904b5506,5b0fa12a-3dd7-45bb-9766-cc326314d9f1,6.184099800000013,4.579480351613897e-05,7.4052497529452675e-06,60.0,0.0,10.0,0.0001030648533333,0,1.714725722222236e-05,0.0001202121105555,Germany,DEU,north rhine-westphalia,,,Windows-10-10.0.26100-SP0,3.11.0,3.0.1,8,Intel(R) Core(TM) i5-8250U CPU @ 1.60GHz,,,7.2005,51.6104,7.873264312744141,machine,N,1.0
2025-06-10T20:45:31,chat_request,386628c5-48b7-482a-b7a9-341dd6896a15,5b0fa12a-3dd7-45bb-9766-cc326314d9f1,10.373891200000005,7.682685686617995e-05,7.405789725862937e-06,60.0,0.0,10.0,0.0001728953999999,0,2.8776359722221893e-05,0.0002016717597222,Germany,DEU,north rhine-westphalia,,,Windows-10-10.0.26100-SP0,3.11.0,3.0.1,8,Intel(R) Core(TM) i5-8250U CPU @ 1.60GHz,,,7.2005,51.6104,7.873264312744141,machine,N,1.0
2025-06-10T20:47:34,chat_request,eac8cb68-cc02-455e-ad77-adf46af8c5bb,5b0fa12a-3dd7-45bb-9766-cc326314d9f1,8.035388200000057,5.9513947823860695e-05,7.40648072533201e-06,60.0,0.0,10.0,0.0001339217033333,0,2.230338611111114e-05,0.0001562250894444,Germany,DEU,north rhine-westphalia,,,Windows-10-10.0.26100-SP0,3.11.0,3.0.1,8,Intel(R) Core(TM) i5-8250U CPU @ 1.60GHz,,,7.2005,51.6104,7.873264312744141,machine,N,1.0
2025-06-10T20:47:49,chat_request,d3f927b5-f1c6-44ef-99e9-8599d56105c7,5b0fa12a-3dd7-45bb-9766-cc326314d9f1,5.197321299999999,3.8488587487152345e-05,7.40546625184638e-06,60.0,0.0,10.0,8.662051333333238e-05,0,1.4412660277777591e-05,0.0001010331736111,Germany,DEU,north rhine-westphalia,,,Windows-10-10.0.26100-SP0,3.11.0,3.0.1,8,Intel(R) Core(TM) i5-8250U CPU @ 1.60GHz,,,7.2005,51.6104,7.873264312744141,machine,N,1.0
2025-06-10T21:03:27,chat_request,7b304350-10d9-4b39-a5cf-63303bff7a94,5b0fa12a-3dd7-45bb-9766-cc326314d9f1,15.01945999999998,0.000111244410644,7.406685103460027e-06,60.0,0.0,10.0,0.0002503218816666,0,4.169652138888927e-05,0.0002920184030555,Germany,DEU,north rhine-westphalia,,,Windows-10-10.0.26100-SP0,3.11.0,3.0.1,8,Intel(R) Core(TM) i5-8250U CPU @ 1.60GHz,,,7.2005,51.6104,7.873264312744141,machine,N,1.0
2025-06-10T21:04:10,chat_request,d4932924-96a7-4e5c-b80b-7da760b820d5,5b0fa12a-3dd7-45bb-9766-cc326314d9f1,18.783711999999923,0.000139120093986,7.406421797035782e-06,60.0,0.0,10.0,0.0003130579183333,0,5.213461083333376e-05,0.0003651925291666,Germany,DEU,north rhine-westphalia,,,Windows-10-10.0.26100-SP0,3.11.0,3.0.1,8,Intel(R) Core(TM) i5-8250U CPU @ 1.60GHz,,,7.2005,51.6104,7.873264312744141,machine,N,1.0
2025-06-10T21:04:29,chat_request,85890ac4-92c1-490b-9a96-a63cec98d67b,5b0fa12a-3dd7-45bb-9766-cc326314d9f1,5.1964534000001095,3.8484242646584696e-05,7.405866979695014e-06,60.0,0.0,10.0,8.660578166667013e-05,0,1.4415986666666763e-05,0.0001010217683333,Germany,DEU,north rhine-westphalia,,,Windows-10-10.0.26100-SP0,3.11.0,3.0.1,8,Intel(R) Core(TM) i5-8250U CPU @ 1.60GHz,,,7.2005,51.6104,7.873264312744141,machine,N,1.0
2025-06-10T21:05:07,chat_request,8c377b1a-c3b7-454d-a933-b530b4417cb8,5b0fa12a-3dd7-45bb-9766-cc326314d9f1,15.847621200000049,0.0001173744061937,7.406436884908465e-06,60.0,0.0,10.0,0.0002641245633333,0,4.39851786111117e-05,0.0003081097419444,Germany,DEU,north rhine-westphalia,,,Windows-10-10.0.26100-SP0,3.11.0,3.0.1,8,Intel(R) Core(TM) i5-8250U CPU @ 1.60GHz,,,7.2005,51.6104,7.873264312744141,machine,N,1.0
2025-06-10T21:05:43,chat_request,7b332ed5-60cf-4bc5-81b7-47594271ca67,5b0fa12a-3dd7-45bb-9766-cc326314d9f1,19.00271879999991,0.0001407436441562,7.406500387526133e-06,60.0,0.0,10.0,0.0003167096533333,0,5.274472166666695e-05,0.0003694543749999,Germany,DEU,north rhine-westphalia,,,Windows-10-10.0.26100-SP0,3.11.0,3.0.1,8,Intel(R) Core(TM) i5-8250U CPU @ 1.60GHz,,,7.2005,51.6104,7.873264312744141,machine,N,1.0
2025-06-10T21:06:21,chat_request,7051de3a-0cc6-4f99-ba26-faa6cce231b2,5b0fa12a-3dd7-45bb-9766-cc326314d9f1,11.798833900000318,8.738859328877924e-05,7.406544920407506e-06,60.0,0.0,10.0,0.0001966456316666,0,3.275085944444653e-05,0.0002293964911111,Germany,DEU,north rhine-westphalia,,,Windows-10-10.0.26100-SP0,3.11.0,3.0.1,8,Intel(R) Core(TM) i5-8250U CPU @ 1.60GHz,,,7.2005,51.6104,7.873264312744141,machine,N,1.0
2025-06-10T21:06:46,chat_request,6e09f9bd-7e5f-461b-b30e-27367af7ae0a,5b0fa12a-3dd7-45bb-9766-cc326314d9f1,5.5458637000001545,4.107241546511067e-05,7.405954723537386e-06,60.0,0.0,10.0,9.242981999999907e-05,0,1.53859444444442e-05,0.0001078157644444,Germany,DEU,north rhine-westphalia,,,Windows-10-10.0.26100-SP0,3.11.0,3.0.1,8,Intel(R) Core(TM) i5-8250U CPU @ 1.60GHz,,,7.2005,51.6104,7.873264312744141,machine,N,1.0
2025-06-10T21:07:22,chat_request,e5fbd3bd-a2b7-4038-9fc9-4529f8a1d467,5b0fa12a-3dd7-45bb-9766-cc326314d9f1,13.055967100000087,9.669835584313689e-05,7.406449105033071e-06,60.0,0.0,10.0,0.0002175978533333,0,3.623691722222146e-05,0.0002538347705555,Germany,DEU,north rhine-westphalia,,,Windows-10-10.0.26100-SP0,3.11.0,3.0.1,8,Intel(R) Core(TM) i5-8250U CPU @ 1.60GHz,,,7.2005,51.6104,7.873264312744141,machine,N,1.0
2025-06-10T21:07:52,chat_request,595f21cc-c285-4050-8c53-d02d4d34ab7a,5b0fa12a-3dd7-45bb-9766-cc326314d9f1,18.0373725000004,0.0001335957165559,7.406606286804695e-06,60.0,0.0,10.0,0.0003006205049999,0,5.007044277777798e-05,0.0003506909477777,Germany,DEU,north rhine-westphalia,,,Windows-10-10.0.26100-SP0,3.11.0,3.0.1,8,Intel(R) Core(TM) i5-8250U CPU @ 1.60GHz,,,7.2005,51.6104,7.873264312744141,machine,N,1.0
2025-06-10T21:08:38,chat_request,6b08738a-dfe6-433d-804e-0990394ba21b,5b0fa12a-3dd7-45bb-9766-cc326314d9f1,17.7170772999998,0.0001312224225002,7.406550204543931e-06,60.0,0.0,10.0,0.0002952817099999,0,4.917930194444454e-05,0.0003444610119444,Germany,DEU,north rhine-westphalia,,,Windows-10-10.0.26100-SP0,3.11.0,3.0.1,8,Intel(R) Core(TM) i5-8250U CPU @ 1.60GHz,,,7.2005,51.6104,7.873264312744141,machine,N,1.0
2025-06-10T21:10:12,chat_request,c9a5bca2-b0b9-4555-a8ff-8a79b3a19d72,5b0fa12a-3dd7-45bb-9766-cc326314d9f1,15.0725738000001,0.0001116345968825,7.406472070654538e-06,60.0,0.0,10.0,0.0002512075883333,0,4.1835059999999023e-05,0.0002930426483333,Germany,DEU,north rhine-westphalia,,,Windows-10-10.0.26100-SP0,3.11.0,3.0.1,8,Intel(R) Core(TM) i5-8250U CPU @ 1.60GHz,,,7.2005,51.6104,7.873264312744141,machine,N,1.0
2025-06-10T21:15:34,classify_request,d6029b13-aa54-4a15-974f-dc8c17d24e33,5b0fa12a-3dd7-45bb-9766-cc326314d9f1,2.9286388000000443,2.168994697666664e-05,7.406152980239937e-06,60.0,0.0,10.0,4.880957166666728e-05,0,8.12689499999932e-06,5.69364666666666e-05,Germany,DEU,north rhine-westphalia,,,Windows-10-10.0.26100-SP0,3.11.0,3.0.1,8,Intel(R) Core(TM) i5-8250U CPU @ 1.60GHz,,,7.2005,51.6104,7.873264312744141,machine,N,1.0
2025-06-10T21:18:26,chat_request,c90a9a4a-9310-4a19-b05d-04805ad7c982,5b0fa12a-3dd7-45bb-9766-cc326314d9f1,22.055324800000108,0.0001633543796636,7.4065732944304285e-06,60.0,0.0,10.0,0.000367584555,0,6.122337166666765e-05,0.0004288079266666,Germany,DEU,north rhine-westphalia,,,Windows-10-10.0.26100-SP0,3.11.0,3.0.1,8,Intel(R) Core(TM) i5-8250U CPU @ 1.60GHz,,,7.2005,51.6104,7.873264312744141,machine,N,1.0
2025-06-10T21:27:32,chat_request,16fb045c-c845-4331-bcf2-052810e2ac84,5b0fa12a-3dd7-45bb-9766-cc326314d9f1,19.23091299999988,0.0001424360966471,7.4066216537479e-06,60.0,0.0,10.0,0.0003205117,0,5.338539055555631e-05,0.0003738970905555,Germany,DEU,north rhine-westphalia,,,Windows-10-10.0.26100-SP0,3.11.0,3.0.1,8,Intel(R) Core(TM) i5-8250U CPU @ 1.60GHz,,,7.2005,51.6104,7.873264312744141,machine,N,1.0
2025-06-10T21:27:56,chat_request,210ced3d-a042-4ec2-94db-1638ab9d829e,5b0fa12a-3dd7-45bb-9766-cc326314d9f1,6.993208100000175,5.179556833916816e-05,7.406553272619883e-06,60.0,0.0,10.0,0.0001165523,0,1.9411916666666053e-05,0.0001359642166666,Germany,DEU,north rhine-westphalia,,,Windows-10-10.0.26100-SP0,3.11.0,3.0.1,8,Intel(R) Core(TM) i5-8250U CPU @ 1.60GHz,,,7.2005,51.6104,7.873264312744141,machine,N,1.0
2025-06-10T21:28:49,chat_request,c6ac84fb-f57d-46b8-93dd-5ccde52ff73e,5b0fa12a-3dd7-45bb-9766-cc326314d9f1,20.733873499999845,0.0001535599101916,7.40623358156669e-06,60.0,0.0,10.0,0.0003455602583333,0,5.753702527777781e-05,0.0004030972836111,Germany,DEU,north rhine-westphalia,,,Windows-10-10.0.26100-SP0,3.11.0,3.0.1,8,Intel(R) Core(TM) i5-8250U CPU @ 1.60GHz,,,7.2005,51.6104,7.873264312744141,machine,N,1.0
2025-06-11T13:36:05,classify_request,e83e2991-99f7-42ed-9823-1d33eab6e083,5b0fa12a-3dd7-45bb-9766-cc326314d9f1,6.770077500000298,5.0130777262694565e-05,7.404756779031312e-06,60.0,0.0,10.0,0.0001128214716666,0,1.8772641111111928e-05,0.0001315941127777,Germany,DEU,north rhine-westphalia,,,Windows-10-10.0.26100-SP0,3.11.0,3.0.1,8,Intel(R) Core(TM) i5-8250U CPU @ 1.60GHz,,,7.2005,51.6104,7.873264312744141,machine,N,1.0
2025-06-11T13:36:23,classify_request,ec57cbe9-f481-4d44-8c7c-ca2c229004d4,5b0fa12a-3dd7-45bb-9766-cc326314d9f1,2.477245899999616,1.834712173188834e-05,7.40625778486148e-06,60.0,0.0,10.0,4.128681333333286e-05,0,6.874682222221256e-06,4.816149555555411e-05,Germany,DEU,north rhine-westphalia,,,Windows-10-10.0.26100-SP0,3.11.0,3.0.1,8,Intel(R) Core(TM) i5-8250U CPU @ 1.60GHz,,,7.2005,51.6104,7.873264312744141,machine,N,1.0
2025-06-11T13:36:42,classify_request,cb1e3486-eb26-4a82-af2b-725448b83106,5b0fa12a-3dd7-45bb-9766-cc326314d9f1,2.726733800000148,2.0194304790096675e-05,7.406041906289343e-06,60.0,0.0,10.0,4.544464499999776e-05,0,7.565736388889693e-06,5.3010381388887454e-05,Germany,DEU,north rhine-westphalia,,,Windows-10-10.0.26100-SP0,3.11.0,3.0.1,8,Intel(R) Core(TM) i5-8250U CPU @ 1.60GHz,,,7.2005,51.6104,7.873264312744141,machine,N,1.0
2025-06-11T13:37:43,chat_request,41780663-bd97-4a95-b98c-d0eccea204cb,5b0fa12a-3dd7-45bb-9766-cc326314d9f1,17.794283999999607,0.0001317929657068,7.406477591725773e-06,60.0,0.0,10.0,0.0002965685249999,0,4.939017222222143e-05,0.0003459586972222,Germany,DEU,north rhine-westphalia,,,Windows-10-10.0.26100-SP0,3.11.0,3.0.1,8,Intel(R) Core(TM) i5-8250U CPU @ 1.60GHz,,,7.2005,51.6104,7.873264312744141,machine,N,1.0
2025-06-11T13:38:13,chat_request,16e642b0-b7ac-4e72-8469-a5f3f81b8785,5b0fa12a-3dd7-45bb-9766-cc326314d9f1,15.740256500000214,0.0001165758459995,7.406222763878316e-06,60.0,0.0,10.0,0.0002623353666666,0,4.367814166666904e-05,0.0003060135083333,Germany,DEU,north rhine-westphalia,,,Windows-10-10.0.26100-SP0,3.11.0,3.0.1,8,Intel(R) Core(TM) i5-8250U CPU @ 1.60GHz,,,7.2005,51.6104,7.873264312744141,machine,N,1.0
2025-06-11T13:38:33,chat_request,6836fc66-0eea-4f5b-9e20-7511273640e1,5b0fa12a-3dd7-45bb-9766-cc326314d9f1,12.1125677,8.971233887109332e-05,7.4065500472780285e-06,60.0,0.0,10.0,0.0002018744249999,0,3.3621936388888373e-05,0.0002354963613888,Germany,DEU,north rhine-westphalia,,,Windows-10-10.0.26100-SP0,3.11.0,3.0.1,8,Intel(R) Core(TM) i5-8250U CPU @ 1.60GHz,,,7.2005,51.6104,7.873264312744141,machine,N,1.0
2025-06-11T13:39:10,chat_request,453c4fb7-b9f6-4323-b1d9-bb57fd05d5ce,5b0fa12a-3dd7-45bb-9766-cc326314d9f1,10.493157799999608,7.771462644985558e-05,7.406219169777327e-06,60.0,0.0,10.0,0.0001748837649999,0,2.911840444444099e-05,0.0002040021694444,Germany,DEU,north rhine-westphalia,,,Windows-10-10.0.26100-SP0,3.11.0,3.0.1,8,Intel(R) Core(TM) i5-8250U CPU @ 1.60GHz,,,7.2005,51.6104,7.873264312744141,machine,N,1.0
2025-06-11T13:39:58,chat_request,6b43ef0f-98cc-47bc-a8b0-39a27d75147c,5b0fa12a-3dd7-45bb-9766-cc326314d9f1,13.47505639999963,9.980367453001175e-05,7.4065496698043135e-06,60.0,0.0,10.0,0.0002245826433333,0,3.740363972221985e-05,0.0002619862830555,Germany,DEU,north rhine-westphalia,,,Windows-10-10.0.26100-SP0,3.11.0,3.0.1,8,Intel(R) Core(TM) i5-8250U CPU @ 1.60GHz,,,7.2005,51.6104,7.873264312744141,machine,N,1.0
2025-06-11T13:40:23,chat_request,685776b2-aeaa-4b1c-a4fd-07f35534cd03,5b0fa12a-3dd7-45bb-9766-cc326314d9f1,15.369077000000289,0.0001138296936393,7.406410524154285e-06,60.0,0.0,10.0,0.0002561488183333,0,4.265599500000059e-05,0.0002988048133333,Germany,DEU,north rhine-westphalia,,,Windows-10-10.0.26100-SP0,3.11.0,3.0.1,8,Intel(R) Core(TM) i5-8250U CPU @ 1.60GHz,,,7.2005,51.6104,7.873264312744141,machine,N,1.0
2025-06-11T13:40:57,chat_request,27ef6ee4-f8d5-4dcf-9d56-62cfd69f47ba,5b0fa12a-3dd7-45bb-9766-cc326314d9f1,20.140176200000496,0.0001491633799981,7.406259931240418e-06,60.0,0.0,10.0,0.0003356657916666,0,5.589052805555639e-05,0.0003915563197222,Germany,DEU,north rhine-westphalia,,,Windows-10-10.0.26100-SP0,3.11.0,3.0.1,8,Intel(R) Core(TM) i5-8250U CPU @ 1.60GHz,,,7.2005,51.6104,7.873264312744141,machine,N,1.0
2025-06-11T13:41:55,chat_request,be91b3c9-3ced-4aed-920c-3e35c9ac58c2,5b0fa12a-3dd7-45bb-9766-cc326314d9f1,19.94318729999941,0.0001477080517395,7.406441584166573e-06,60.0,0.0,10.0,0.0003323840283333,0,5.535203083333424e-05,0.0003877360591666,Germany,DEU,north rhine-westphalia,,,Windows-10-10.0.26100-SP0,3.11.0,3.0.1,8,Intel(R) Core(TM) i5-8250U CPU @ 1.60GHz,,,7.2005,51.6104,7.873264312744141,machine,N,1.0
2025-06-11T13:42:42,chat_request,46126eb1-ccaa-4901-bb31-bfb7464886b4,5b0fa12a-3dd7-45bb-9766-cc326314d9f1,18.980586099999528,0.0001405802193575,7.406526785680147e-06,60.0,0.0,10.0,0.0003163405266666,0,5.2684855555553946e-05,0.0003690253822222,Germany,DEU,north rhine-westphalia,,,Windows-10-10.0.26100-SP0,3.11.0,3.0.1,8,Intel(R) Core(TM) i5-8250U CPU @ 1.60GHz,,,7.2005,51.6104,7.873264312744141,machine,N,1.0
2025-06-11T13:43:11,chat_request,f6bbc59d-1a57-41c0-a4fc-93f5b1740e3a,5b0fa12a-3dd7-45bb-9766-cc326314d9f1,14.282341600000109,0.0001057600285194,7.404950216251533e-06,60.0,0.0,10.0,0.0002380335099999,0,3.958829999999883e-05,0.0002776218099999,Germany,DEU,north rhine-westphalia,,,Windows-10-10.0.26100-SP0,3.11.0,3.0.1,8,Intel(R) Core(TM) i5-8250U CPU @ 1.60GHz,,,7.2005,51.6104,7.873264312744141,machine,N,1.0
2025-06-11T13:45:03,chat_request,654ff72c-645e-4477-a059-46b215258ded,5b0fa12a-3dd7-45bb-9766-cc326314d9f1,13.567124000000147,0.0001004841383194,7.40644357045853e-06,60.0,0.0,10.0,0.0002261170899999,0,3.765542166666668e-05,0.0002637725116666,Germany,DEU,north rhine-westphalia,,,Windows-10-10.0.26100-SP0,3.11.0,3.0.1,8,Intel(R) Core(TM) i5-8250U CPU @ 1.60GHz,,,7.2005,51.6104,7.873264312744141,machine,N,1.0
2025-06-11T13:45:25,chat_request,7bd105e9-f036-40a0-9f56-73423b83575d,5b0fa12a-3dd7-45bb-9766-cc326314d9f1,6.851215499999853,5.074327068326801e-05,7.406462500452525e-06,60.0,0.0,10.0,0.0001141858916666,0,1.9016026388888147e-05,0.0001332019180555,Germany,DEU,north rhine-westphalia,,,Windows-10-10.0.26100-SP0,3.11.0,3.0.1,8,Intel(R) Core(TM) i5-8250U CPU @ 1.60GHz,,,7.2005,51.6104,7.873264312744141,machine,N,1.0
2025-06-11T13:46:06,chat_request,973341ec-e360-42f7-bdfa-4b7e998559c4,5b0fa12a-3dd7-45bb-9766-cc326314d9f1,12.77588680000008,9.46253223446481e-05,7.40655610259849e-06,60.0,0.0,10.0,0.0002129301533333,0,3.546287027777453e-05,0.000248393023611,Germany,DEU,north rhine-westphalia,,,Windows-10-10.0.26100-SP0,3.11.0,3.0.1,8,Intel(R) Core(TM) i5-8250U CPU @ 1.60GHz,,,7.2005,51.6104,7.873264312744141,machine,N,1.0
2025-06-11T13:50:27,chat_request,6d735a09-7c03-4b3e-bd14-dfff4f3877f3,5b0fa12a-3dd7-45bb-9766-cc326314d9f1,13.367352700000083,9.900715252418162e-05,7.406638752352289e-06,60.0,0.0,10.0,0.000222787685,0,3.710771472222203e-05,0.0002598953997222,Germany,DEU,north rhine-westphalia,,,Windows-10-10.0.26100-SP0,3.11.0,3.0.1,8,Intel(R) Core(TM) i5-8250U CPU @ 1.60GHz,,,7.2005,51.6104,7.873264312744141,machine,N,1.0
2025-06-11T14:01:20,classify_request,69ecf015-de08-40ba-9381-1a9ed2c52a3f,5b0fa12a-3dd7-45bb-9766-cc326314d9f1,3.213375000000269,2.3785699804059943e-05,7.4020927542095e-06,60.0,0.0,10.0,5.352770000001025e-05,0,8.910152222223487e-06,6.243785222223374e-05,Germany,DEU,north rhine-westphalia,,,Windows-10-10.0.26100-SP0,3.11.0,3.0.1,8,Intel(R) Core(TM) i5-8250U CPU @ 1.60GHz,,,7.2005,51.6104,7.873264312744141,machine,N,1.0
2025-06-11T14:40:46,chat_request,1b72ab1a-d445-43a3-8e44-36fae3911cb3,5b0fa12a-3dd7-45bb-9766-cc326314d9f1,37.63537890000043,0.0002786509720713,7.403963510285273e-06,60.0,0.0,10.0,0.00062714441,0,0.0001043189633333,0.0007314633733334,Germany,DEU,north rhine-westphalia,,,Windows-10-10.0.26100-SP0,3.11.0,3.0.1,8,Intel(R) Core(TM) i5-8250U CPU @ 1.60GHz,,,7.2005,51.6104,7.873264312744141,machine,N,1.0
2025-06-11T14:45:30,classify_request,c6ab9d6d-6a57-4ab7-8a1f-6d287691eac4,5b0fa12a-3dd7-45bb-9766-cc326314d9f1,9.792013000000225,7.245940585604459e-05,7.399847800043048e-06,60.0,0.0,10.0,0.0001631328,0,2.7074329166665244e-05,0.0001902071291666,Germany,DEU,north rhine-westphalia,,,Windows-10-10.0.26100-SP0,3.11.0,3.0.1,8,Intel(R) Core(TM) i5-8250U CPU @ 1.60GHz,,,7.2005,51.6104,7.873264312744141,machine,N,1.0
2025-06-11T14:46:08,classify_request,33b54acf-9f6a-474f-b2a1-27f50631c530,5b0fa12a-3dd7-45bb-9766-cc326314d9f1,5.260099499999342,3.893472364057799e-05,7.401898698034679e-06,60.0,0.0,10.0,8.766564166665679e-05,0,1.4538646666662518e-05,0.0001022042883333,Germany,DEU,north rhine-westphalia,,,Windows-10-10.0.26100-SP0,3.11.0,3.0.1,8,Intel(R) Core(TM) i5-8250U CPU @ 1.60GHz,,,7.2005,51.6104,7.873264312744141,machine,N,1.0
2025-06-13T17:13:47,classify_request,20cc3cc4-0b09-4bfc-9961-95adba0f808e,5b0fa12a-3dd7-45bb-9766-cc326314d9f1,3.8915025000000014,2.8819785483680265e-05,7.405824738306157e-06,60.0,0.0,10.0,6.485726833333275e-05,0,1.0795141388888711e-05,7.565240972222146e-05,Germany,DEU,north rhine-westphalia,,,Windows-10-10.0.26100-SP0,3.11.0,3.0.1,8,Intel(R) Core(TM) i5-8250U CPU @ 1.60GHz,,,7.2005,51.6104,7.873264312744141,machine,N,1.0
2025-06-13T17:14:09,classify_request,6d2ae606-7689-48e7-b50d-e975884ad42c,5b0fa12a-3dd7-45bb-9766-cc326314d9f1,2.6668227000000115,1.9749593072208345e-05,7.405664078158724e-06,60.0,0.0,10.0,4.4445821666666536e-05,0,7.3971841666668255e-06,5.184300583333336e-05,Germany,DEU,north rhine-westphalia,,,Windows-10-10.0.26100-SP0,3.11.0,3.0.1,8,Intel(R) Core(TM) i5-8250U CPU @ 1.60GHz,,,7.2005,51.6104,7.873264312744141,machine,N,1.0
2025-06-13T17:19:29,classify_request,33e37801-2d11-4021-b11b-09df882160eb,5b0fa12a-3dd7-45bb-9766-cc326314d9f1,4.470056999999997,3.31051466365144e-05,7.4059786343920036e-06,60.0,0.0,10.0,7.44993700000009e-05,0,1.2402183055555978e-05,8.690155305555688e-05,Germany,DEU,north rhine-westphalia,,,Windows-10-10.0.26100-SP0,3.11.0,3.0.1,8,Intel(R) Core(TM) i5-8250U CPU @ 1.60GHz,,,7.2005,51.6104,7.873264312744141,machine,N,1.0
2025-06-13T17:30:18,classify_request,f961ae4d-b0e8-4058-8340-9c170778da58,5b0fa12a-3dd7-45bb-9766-cc326314d9f1,0.0391260000001238,2.871642369584143e-07,7.339473418123625e-06,60.0,0.0,10.0,6.515533333337468e-07,0,1.0225749999979904e-07,7.538108333335458e-07,Germany,DEU,north rhine-westphalia,,,Windows-10-10.0.26100-SP0,3.11.0,3.0.1,8,Intel(R) Core(TM) i5-8250U CPU @ 1.60GHz,,,7.2005,51.6104,7.873264312744141,machine,N,1.0
2025-06-13T17:33:19,classify_request,4ca5cb64-83ff-442f-9143-ae431fe475f9,5b0fa12a-3dd7-45bb-9766-cc326314d9f1,4.671086500000001,3.4595468750514326e-05,7.406300172457589e-06,60.0,0.0,10.0,7.784993333333432e-05,0,1.2963739722222398e-05,9.081367305555672e-05,Germany,DEU,north rhine-westphalia,,,Windows-10-10.0.26100-SP0,3.11.0,3.0.1,8,Intel(R) Core(TM) i5-8250U CPU @ 1.60GHz,,,7.2005,51.6104,7.873264312744141,machine,N,1.0
2025-06-13T17:33:35,classify_request,b9828dc2-4d01-4768-8b9c-ebe92eba8d2d,5b0fa12a-3dd7-45bb-9766-cc326314d9f1,3.35637359999987,2.485812516484601e-05,7.406244991572742e-06,60.0,0.0,10.0,5.5938679999997024e-05,0,9.31430638888868e-06,6.525298638888571e-05,Germany,DEU,north rhine-westphalia,,,Windows-10-10.0.26100-SP0,3.11.0,3.0.1,8,Intel(R) Core(TM) i5-8250U CPU @ 1.60GHz,,,7.2005,51.6104,7.873264312744141,machine,N,1.0
2025-06-13T17:34:01,classify_request,d986bf0a-eb9b-4abc-b864-39f3d35ffcfd,5b0fa12a-3dd7-45bb-9766-cc326314d9f1,3.031314299999849,2.2450588466012607e-05,7.406222596585819e-06,60.0,0.0,10.0,5.052084833333008e-05,0,8.412314722222113e-06,5.893316305555219e-05,Germany,DEU,north rhine-westphalia,,,Windows-10-10.0.26100-SP0,3.11.0,3.0.1,8,Intel(R) Core(TM) i5-8250U CPU @ 1.60GHz,,,7.2005,51.6104,7.873264312744141,machine,N,1.0
2025-06-13T17:34:22,classify_request,52c1ba3d-fa46-40d5-8f06-33c6d72046c5,5b0fa12a-3dd7-45bb-9766-cc326314d9f1,3.4553187999999864,2.558630093118112e-05,7.404903110873943e-06,60.0,0.0,10.0,5.7586976666668e-05,0,9.577483055555705e-06,6.71644597222237e-05,Germany,DEU,north rhine-westphalia,,,Windows-10-10.0.26100-SP0,3.11.0,3.0.1,8,Intel(R) Core(TM) i5-8250U CPU @ 1.60GHz,,,7.2005,51.6104,7.873264312744141,machine,N,1.0
2025-06-13T17:35:02,classify_request,222eb35d-30cc-4fae-918e-0a88bcd1ca8b,5b0fa12a-3dd7-45bb-9766-cc326314d9f1,3.184589099999812,2.358510074034593e-05,7.406010634259638e-06,60.0,0.0,10.0,5.3075568333330615e-05,0,8.835708055554885e-06,6.19112763888855e-05,Germany,DEU,north rhine-westphalia,,,Windows-10-10.0.26100-SP0,3.11.0,3.0.1,8,Intel(R) Core(TM) i5-8250U CPU @ 1.60GHz,,,7.2005,51.6104,7.873264312744141,machine,N,1.0
2025-06-13T17:35:26,classify_request,73c3e057-483b-481d-823d-c31505b329ea,5b0fa12a-3dd7-45bb-9766-cc326314d9f1,3.304194400000142,2.447006589711013e-05,7.405758540450611e-06,60.0,0.0,10.0,5.506820499999776e-05,0,9.16611944444412e-06,6.423432444444188e-05,Germany,DEU,north rhine-westphalia,,,Windows-10-10.0.26100-SP0,3.11.0,3.0.1,8,Intel(R) Core(TM) i5-8250U CPU @ 1.60GHz,,,7.2005,51.6104,7.873264312744141,machine,N,1.0
2025-06-13T17:35:50,classify_request,4749ab6e-058d-43f0-b44f-1fdf7b3530d6,5b0fa12a-3dd7-45bb-9766-cc326314d9f1,3.254055599999901,2.409970292088867e-05,7.406051365836958e-06,60.0,0.0,10.0,5.423320999999912e-05,0,9.028905555555869e-06,6.326211555555498e-05,Germany,DEU,north rhine-westphalia,,,Windows-10-10.0.26100-SP0,3.11.0,3.0.1,8,Intel(R) Core(TM) i5-8250U CPU @ 1.60GHz,,,7.2005,51.6104,7.873264312744141,machine,N,1.0
2025-06-13T18:40:10,img_classification,3cea79d1-af8e-46ee-8a59-f6a755170164,5b0fa12a-3dd7-45bb-9766-cc326314d9f1,2.608749400000306,1.9320698504142e-05,7.406115169260693e-06,60.0,0.0,10.0,4.3478500000007136e-05,0,7.238650555556585e-06,5.071715055556372e-05,Germany,DEU,north rhine-westphalia,,,Windows-10-10.0.26100-SP0,3.11.0,3.0.1,8,Intel(R) Core(TM) i5-8250U CPU @ 1.60GHz,,,7.2005,51.6104,7.873264312744141,machine,N,1.0
2025-06-13T18:45:46,img_classification,4801ffd5-0df8-413d-a58f-5beb7baa736f,5b0fa12a-3dd7-45bb-9766-cc326314d9f1,3.106590800000049,2.300922021264221e-05,7.406582229188938e-06,60.0,0.0,10.0,5.177590500000709e-05,0,8.623675555557182e-06,6.039958055556427e-05,Germany,DEU,north rhine-westphalia,,,Windows-10-10.0.26100-SP0,3.11.0,3.0.1,8,Intel(R) Core(TM) i5-8250U CPU @ 1.60GHz,,,7.2005,51.6104,7.873264312744141,machine,N,1.0
2025-06-13T18:46:58,img_classification,6e210805-771c-4d4b-ba00-5029dc54f78d,5b0fa12a-3dd7-45bb-9766-cc326314d9f1,2.966807400000107,2.1972880552237224e-05,7.406237611594346e-06,60.0,0.0,10.0,4.944579666666868e-05,0,8.23337527777868e-06,5.767917194444736e-05,Germany,DEU,north rhine-westphalia,,,Windows-10-10.0.26100-SP0,3.11.0,3.0.1,8,Intel(R) Core(TM) i5-8250U CPU @ 1.60GHz,,,7.2005,51.6104,7.873264312744141,machine,N,1.0
2025-06-13T18:48:28,img_classification,b734f823-71d8-4b18-88d0-ff380a08e2a5,5b0fa12a-3dd7-45bb-9766-cc326314d9f1,2.651713399999608,1.9639412702639457e-05,7.406310464261471e-06,60.0,0.0,10.0,4.419446000000183e-05,0,7.359320555555213e-06,5.155378055555704e-05,Germany,DEU,north rhine-westphalia,,,Windows-10-10.0.26100-SP0,3.11.0,3.0.1,8,Intel(R) Core(TM) i5-8250U CPU @ 1.60GHz,,,7.2005,51.6104,7.873264312744141,machine,N,1.0
2025-06-13T18:49:37,img_classification,2ff3f3ec-7b1b-411a-92ae-518682f71aad,5b0fa12a-3dd7-45bb-9766-cc326314d9f1,2.705466299999898,2.0036807255944697e-05,7.406045773309189e-06,60.0,0.0,10.0,4.5090090000000295e-05,0,7.506857777778148e-06,5.259694777777844e-05,Germany,DEU,north rhine-westphalia,,,Windows-10-10.0.26100-SP0,3.11.0,3.0.1,8,Intel(R) Core(TM) i5-8250U CPU @ 1.60GHz,,,7.2005,51.6104,7.873264312744141,machine,N,1.0
2025-06-13T18:53:02,img_classification,a4fe3b42-cef8-4171-8910-029d8d9d8070,5b0fa12a-3dd7-45bb-9766-cc326314d9f1,2.876686399999926,2.1305784509973125e-05,7.406363276154701e-06,60.0,0.0,10.0,4.79440650000015e-05,0,7.98396888888975e-06,5.5928033888891256e-05,Germany,DEU,north rhine-westphalia,,,Windows-10-10.0.26100-SP0,3.11.0,3.0.1,8,Intel(R) Core(TM) i5-8250U CPU @ 1.60GHz,,,7.2005,51.6104,7.873264312744141,machine,N,1.0
2025-06-13T18:53:24,img_classification,6b1ae42a-c613-473e-9fe1-96193742df6b,5b0fa12a-3dd7-45bb-9766-cc326314d9f1,2.7926644999997734,2.068339802954444e-05,7.406331132703594e-06,60.0,0.0,10.0,4.65435100000074e-05,0,7.750749166666537e-06,5.429425916667394e-05,Germany,DEU,north rhine-westphalia,,,Windows-10-10.0.26100-SP0,3.11.0,3.0.1,8,Intel(R) Core(TM) i5-8250U CPU @ 1.60GHz,,,7.2005,51.6104,7.873264312744141,machine,N,1.0
2025-06-13T18:53:42,img_classification,0ff79c11-bfd2-498a-b0ca-f3b2f281c13a,5b0fa12a-3dd7-45bb-9766-cc326314d9f1,2.815589499999988,2.0852937393190217e-05,7.406242065183973e-06,60.0,0.0,10.0,4.692556666665647e-05,0,7.813736111110202e-06,5.473930277776668e-05,Germany,DEU,north rhine-westphalia,,,Windows-10-10.0.26100-SP0,3.11.0,3.0.1,8,Intel(R) Core(TM) i5-8250U CPU @ 1.60GHz,,,7.2005,51.6104,7.873264312744141,machine,N,1.0
2025-06-13T18:56:09,img_classification,e1cf98f1-3a01-4d43-ba1d-46f90b208151,5b0fa12a-3dd7-45bb-9766-cc326314d9f1,15.932860599999913,0.0001177040863554,7.387504937779358e-06,60.0,0.0,10.0,0.0002655230433333,0,4.345211444444633e-05,0.0003089751577777,Germany,DEU,north rhine-westphalia,,,Windows-10-10.0.26100-SP0,3.11.0,3.0.1,8,Intel(R) Core(TM) i5-8250U CPU @ 1.60GHz,,,7.2005,51.6104,7.873264312744141,machine,N,1.0
2025-06-13T18:56:35,img_classification,a93b1db9-5220-485b-9050-f78c4a1f6896,5b0fa12a-3dd7-45bb-9766-cc326314d9f1,5.910343899999134,4.376606159267335e-05,7.404994080408716e-06,60.0,0.0,10.0,9.85036449999825e-05,0,1.6382984722220804e-05,0.0001148866297222,Germany,DEU,north rhine-westphalia,,,Windows-10-10.0.26100-SP0,3.11.0,3.0.1,8,Intel(R) Core(TM) i5-8250U CPU @ 1.60GHz,,,7.2005,51.6104,7.873264312744141,machine,N,1.0
2025-06-13T18:58:10,img_classification,6f68f2f3-31a2-4069-8cac-6b79c7d1b7bb,5b0fa12a-3dd7-45bb-9766-cc326314d9f1,10.57989069999985,4.888850440613821e-07,4.62088936383236e-08,60.0,0.0,10.0,0.0001763204149999,0,2.933380416666801e-05,0.0002056542191666,Canada,CAN,quebec,,,Windows-10-10.0.26100-SP0,3.11.0,3.0.1,8,Intel(R) Core(TM) i5-8250U CPU @ 1.60GHz,,,-71.2,46.8,7.873264312744141,machine,N,1.0
2025-06-13T19:06:24,img_classification,dab02901-cd9a-4090-93ad-3cc0bd84ff00,5b0fa12a-3dd7-45bb-9766-cc326314d9f1,38.04209019999962,0.0002811639152013,7.390864006765575e-06,60.0,0.0,10.0,0.0006331216233333,0,0.0001049382669444,0.0007380598902777,Germany,DEU,north rhine-westphalia,,,Windows-10-10.0.26100-SP0,3.11.0,3.0.1,8,Intel(R) Core(TM) i5-8250U CPU @ 1.60GHz,,,7.2005,51.6104,7.873264312744141,machine,N,1.0
2025-06-13T19:08:37,chat_request,4e652d6b-9524-49fd-88e9-676458de9772,5b0fa12a-3dd7-45bb-9766-cc326314d9f1,8.52532710000014,6.3144331800479e-05,7.406675551543114e-06,60.0,0.0,10.0,0.0001420875699999,0,2.366733694444368e-05,0.0001657549069444,Germany,DEU,north rhine-westphalia,,,Windows-10-10.0.26100-SP0,3.11.0,3.0.1,8,Intel(R) Core(TM) i5-8250U CPU @ 1.60GHz,,,7.2005,51.6104,7.873264312744141,machine,N,1.0
2025-06-13T19:09:03,img_classification,e1ed9331-e62e-45bb-8d07-18051531f307,5b0fa12a-3dd7-45bb-9766-cc326314d9f1,14.771142999999938,0.0001093570250857,7.403423356321017e-06,60.0,0.0,10.0,0.000246127005,0,4.093698000000232e-05,0.000287063985,Germany,DEU,north rhine-westphalia,,,Windows-10-10.0.26100-SP0,3.11.0,3.0.1,8,Intel(R) Core(TM) i5-8250U CPU @ 1.60GHz,,,7.2005,51.6104,7.873264312744141,machine,N,1.0
2025-06-13T19:11:32,img_classification,9088c7a6-9adb-4d4f-93f1-d08b56b68511,5b0fa12a-3dd7-45bb-9766-cc326314d9f1,6.146279599999616,4.550391559875077e-05,7.403489356187703e-06,60.0,0.0,10.0,0.00010243422,0,1.70143050000004e-05,0.000119448525,Germany,DEU,north rhine-westphalia,,,Windows-10-10.0.26100-SP0,3.11.0,3.0.1,8,Intel(R) Core(TM) i5-8250U CPU @ 1.60GHz,,,7.2005,51.6104,7.873264312744141,machine,N,1.0
2025-06-13T19:11:54,img_classification,6b4e0512-72e7-48ae-95f5-b354c3f0b411,5b0fa12a-3dd7-45bb-9766-cc326314d9f1,4.83598450000045,3.581789835895801e-05,7.406537047204076e-06,60.0,0.0,10.0,8.059873333333295e-05,0,1.3423837499999535e-05,9.402257083333248e-05,Germany,DEU,north rhine-westphalia,,,Windows-10-10.0.26100-SP0,3.11.0,3.0.1,8,Intel(R) Core(TM) i5-8250U CPU @ 1.60GHz,,,7.2005,51.6104,7.873264312744141,machine,N,1.0
2025-06-13T19:13:27,img_classification,4bfa4b5f-1e1a-4d11-93d8-26f04da9bdc0,5b0fa12a-3dd7-45bb-9766-cc326314d9f1,5.132354999999734,3.800884582947255e-05,7.40573203324293e-06,60.0,0.0,10.0,8.553288833333378e-05,0,1.4240955555555956e-05,9.977384388888974e-05,Germany,DEU,north rhine-westphalia,,,Windows-10-10.0.26100-SP0,3.11.0,3.0.1,8,Intel(R) Core(TM) i5-8250U CPU @ 1.60GHz,,,7.2005,51.6104,7.873264312744141,machine,N,1.0
2025-06-13T19:13:48,img_classification,ebc12348-c18d-4dc5-a163-fd8371a635ac,5b0fa12a-3dd7-45bb-9766-cc326314d9f1,4.785077300000012,3.5438022849599324e-05,7.405945740855479e-06,60.0,0.0,10.0,7.974920666667155e-05,0,1.3276184722222852e-05,9.30253913888944e-05,Germany,DEU,north rhine-westphalia,,,Windows-10-10.0.26100-SP0,3.11.0,3.0.1,8,Intel(R) Core(TM) i5-8250U CPU @ 1.60GHz,,,7.2005,51.6104,7.873264312744141,machine,N,1.0
2025-06-13T19:14:08,img_classification,198f56ae-e07c-40f9-842e-9cd460a7a8bd,5b0fa12a-3dd7-45bb-9766-cc326314d9f1,4.889035100000001,3.621178002416577e-05,7.406733493111098e-06,60.0,0.0,10.0,8.148323333333186e-05,0,1.3573283333332458e-05,9.505651666666432e-05,Germany,DEU,north rhine-westphalia,,,Windows-10-10.0.26100-SP0,3.11.0,3.0.1,8,Intel(R) Core(TM) i5-8250U CPU @ 1.60GHz,,,7.2005,51.6104,7.873264312744141,machine,N,1.0
2025-06-13T19:15:29,img_classification,1b18a8de-f706-449d-86a5-9621807e0ce6,5b0fa12a-3dd7-45bb-9766-cc326314d9f1,5.347286299999723,3.95997831876392e-05,7.405584995073343e-06,60.0,0.0,10.0,8.911867000000105e-05,0,1.483141055555532e-05,0.0001039500805555,Germany,DEU,north rhine-westphalia,,,Windows-10-10.0.26100-SP0,3.11.0,3.0.1,8,Intel(R) Core(TM) i5-8250U CPU @ 1.60GHz,,,7.2005,51.6104,7.873264312744141,machine,N,1.0
2025-06-13T19:15:58,img_classification,4cb32e33-7fb5-4074-b129-d126b9e1c83f,5b0fa12a-3dd7-45bb-9766-cc326314d9f1,4.93199629999981,3.652860523976116e-05,7.406454307308092e-06,60.0,0.0,10.0,8.219835333332714e-05,0,1.3689834722221249e-05,9.58881880555484e-05,Germany,DEU,north rhine-westphalia,,,Windows-10-10.0.26100-SP0,3.11.0,3.0.1,8,Intel(R) Core(TM) i5-8250U CPU @ 1.60GHz,,,7.2005,51.6104,7.873264312744141,machine,N,1.0
2025-06-13T19:16:22,img_classification,5ed25e13-09d9-4a64-84b7-ba64ed20203b,5b0fa12a-3dd7-45bb-9766-cc326314d9f1,4.98971150000034,3.695769472725371e-05,7.406779876401911e-06,60.0,0.0,10.0,8.316095500000907e-05,0,1.3853600000000671e-05,9.701455500000974e-05,Germany,DEU,north rhine-westphalia,,,Windows-10-10.0.26100-SP0,3.11.0,3.0.1,8,Intel(R) Core(TM) i5-8250U CPU @ 1.60GHz,,,7.2005,51.6104,7.873264312744141,machine,N,1.0
2025-06-17T20:44:07,img_classification,052c738f-5e8a-4aef-8f40-23eccf921dbf,5b0fa12a-3dd7-45bb-9766-cc326314d9f1,12.442251499999998,6.471427284007862e-05,5.201170611289977e-06,60.0,0.0,10.0,0.0002073625333333,0,3.44496975e-05,0.0002418122308333,The Netherlands,NLD,south holland,,,Windows-10-10.0.26100-SP0,3.11.0,3.0.1,8,Intel(R) Core(TM) i5-8250U CPU @ 1.60GHz,,,4.0323,51.807,7.873264312744141,machine,N,1.0
2025-06-17T20:44:44,img_classification,bd2b8982-e5a2-4cc2-ba34-07f23c1b2f7f,5b0fa12a-3dd7-45bb-9766-cc326314d9f1,6.274799799999983,3.264372750456888e-05,5.202353628010406e-06,60.0,0.0,10.0,0.0001045768716666,0,1.7400123888888825e-05,0.0001219769955555,The Netherlands,NLD,south holland,,,Windows-10-10.0.26100-SP0,3.11.0,3.0.1,8,Intel(R) Core(TM) i5-8250U CPU @ 1.60GHz,,,4.0323,51.807,7.873264312744141,machine,N,1.0
2025-06-17T20:45:14,img_classification,d3be24bb-66ab-48e0-8086-b84071321e3d,5b0fa12a-3dd7-45bb-9766-cc326314d9f1,5.920452699999999,3.0800284277398954e-05,5.202352900716353e-06,60.0,0.0,10.0,9.867185333333356e-05,0,1.6416907222222222e-05,0.0001150887605555,The Netherlands,NLD,south holland,,,Windows-10-10.0.26100-SP0,3.11.0,3.0.1,8,Intel(R) Core(TM) i5-8250U CPU @ 1.60GHz,,,4.0323,51.807,7.873264312744141,machine,N,1.0
2025-06-17T20:57:13,chat_request,eef03514-c4b2-4ec8-a1a2-80302446b270,5b0fa12a-3dd7-45bb-9766-cc326314d9f1,11.12675319999994,5.788944885401864e-05,5.202726061544976e-06,60.0,0.0,10.0,0.00018544235,0,3.0868150833333e-05,0.0002163105008333,The Netherlands,NLD,south holland,,,Windows-10-10.0.26100-SP0,3.11.0,3.0.1,8,Intel(R) Core(TM) i5-8250U CPU @ 1.60GHz,,,4.0323,51.807,7.873264312744141,machine,N,1.0
2025-06-17T21:03:29,chat_request,0aa5e610-25ad-4843-bf55-51c2415b7574,5b0fa12a-3dd7-45bb-9766-cc326314d9f1,20.582171000000017,0.0001070863646876,5.202870226259946e-06,60.0,0.0,10.0,0.0003430306483333,0,5.710971638888888e-05,0.0004001403647222,The Netherlands,NLD,south holland,,,Windows-10-10.0.26100-SP0,3.11.0,3.0.1,8,Intel(R) Core(TM) i5-8250U CPU @ 1.60GHz,,,4.0323,51.807,7.873264312744141,machine,N,1.0
2025-06-17T21:04:52,chat_request,25fddfe6-2e0b-4c27-b2ad-4af957de91a0,5b0fa12a-3dd7-45bb-9766-cc326314d9f1,8.223522199999934,4.27876173760951e-05,5.2030767760431705e-06,60.0,0.0,10.0,0.0001370573849999,0,2.2823407222221528e-05,0.0001598807922222,The Netherlands,NLD,south holland,,,Windows-10-10.0.26100-SP0,3.11.0,3.0.1,8,Intel(R) Core(TM) i5-8250U CPU @ 1.60GHz,,,4.0323,51.807,7.873264312744141,machine,N,1.0
2025-06-17T21:10:18,img_classification,829b1c02-eaad-4e2b-9b7e-c5e6f3cbf50f,5b0fa12a-3dd7-45bb-9766-cc326314d9f1,11.042450400000009,5.7235166216722295e-05,5.183194322224192e-06,60.0,0.0,10.0,0.0001840024333333,0,2.9863266111110915e-05,0.0002138656994444,The Netherlands,NLD,south holland,,,Windows-10-10.0.26100-SP0,3.11.0,3.0.1,8,Intel(R) Core(TM) i5-8250U CPU @ 1.60GHz,,,4.0323,51.807,7.873264312744141,machine,N,1.0
2025-06-17T21:10:44,chat_request,e3e99300-f5b2-47ef-ac75-bfc57d5f40fa,5b0fa12a-3dd7-45bb-9766-cc326314d9f1,9.97392519999994,5.189363159020225e-05,5.20292969413913e-06,60.0,0.0,10.0,0.0001662227033333,0,2.768374527777774e-05,0.0001939064486111,The Netherlands,NLD,south holland,,,Windows-10-10.0.26100-SP0,3.11.0,3.0.1,8,Intel(R) Core(TM) i5-8250U CPU @ 1.60GHz,,,4.0323,51.807,7.873264312744141,machine,N,1.0
2025-06-17T21:13:32,chat_request,dd5b7582-b87f-49a3-aba7-43bca823bea9,5b0fa12a-3dd7-45bb-9766-cc326314d9f1,12.462620900000276,6.483578883936208e-05,5.202420049490605e-06,60.0,0.0,10.0,0.0002076926166666,0,3.457367250000011e-05,0.0002422662891666,The Netherlands,NLD,south holland,,,Windows-10-10.0.26100-SP0,3.11.0,3.0.1,8,Intel(R) Core(TM) i5-8250U CPU @ 1.60GHz,,,4.0323,51.807,7.873264312744141,machine,N,1.0
2025-06-17T21:14:45,chat_request,797899db-f70a-4039-967c-4dc6c4f13833,5b0fa12a-3dd7-45bb-9766-cc326314d9f1,14.621799900000042,7.606937951728715e-05,5.202463447560032e-06,60.0,0.0,10.0,0.0002436763,0,4.056557666666802e-05,0.0002842418766666,The Netherlands,NLD,south holland,,,Windows-10-10.0.26100-SP0,3.11.0,3.0.1,8,Intel(R) Core(TM) i5-8250U CPU @ 1.60GHz,,,4.0323,51.807,7.873264312744141,machine,N,1.0
2025-06-17T21:18:06,chat_request,79bf076f-e932-498c-8815-3c4dbadfdf4e,5b0fa12a-3dd7-45bb-9766-cc326314d9f1,16.211960900000122,8.43418702188446e-05,5.202447177061965e-06,60.0,0.0,10.0,0.0002701735933333,0,4.497938444444445e-05,0.0003151529777777,The Netherlands,NLD,south holland,,,Windows-10-10.0.26100-SP0,3.11.0,3.0.1,8,Intel(R) Core(TM) i5-8250U CPU @ 1.60GHz,,,4.0323,51.807,7.873264312744141,machine,N,1.0
2025-06-17T21:18:51,chat_request,9346c5c4-972e-47a9-800b-0ae3ce29dc47,5b0fa12a-3dd7-45bb-9766-cc326314d9f1,10.186756099999911,5.299268987417073e-05,5.202116292366242e-06,60.0,0.0,10.0,0.0001697603049999,0,2.825289972222309e-05,0.0001980132047222,The Netherlands,NLD,south holland,,,Windows-10-10.0.26100-SP0,3.11.0,3.0.1,8,Intel(R) Core(TM) i5-8250U CPU @ 1.60GHz,,,4.0323,51.807,7.873264312744141,machine,N,1.0
2025-06-17T21:19:25,chat_request,348d8f35-1b92-4aba-9b38-5ccc7be7ff7f,5b0fa12a-3dd7-45bb-9766-cc326314d9f1,12.351823500000137,6.425663788196923e-05,5.202198516030326e-06,60.0,0.0,10.0,0.0002058405433333,0,3.426168249999996e-05,0.0002401022258333,The Netherlands,NLD,south holland,,,Windows-10-10.0.26100-SP0,3.11.0,3.0.1,8,Intel(R) Core(TM) i5-8250U CPU @ 1.60GHz,,,4.0323,51.807,7.873264312744141,machine,N,1.0
2025-06-17T21:20:48,chat_request,351833bd-5563-4d91-8c0f-2077b6fbd8bf,5b0fa12a-3dd7-45bb-9766-cc326314d9f1,29.012741600000027,0.0001509423273779,5.202621987919277e-06,60.0,0.0,10.0,0.0004835059933333,0,8.050715722222196e-05,0.0005640131505555,The Netherlands,NLD,south holland,,,Windows-10-10.0.26100-SP0,3.11.0,3.0.1,8,Intel(R) Core(TM) i5-8250U CPU @ 1.60GHz,,,4.0323,51.807,7.873264312744141,machine,N,1.0
2025-06-19T20:46:08,img_classification,9292d031-85ae-4e0b-b1ca-d3cd57d359ee,5b0fa12a-3dd7-45bb-9766-cc326314d9f1,8.552875299999869,6.330690771559572e-05,7.401827513561046e-06,60.0,0.0,10.0,0.0001424963616666,0,2.3685309722221368e-05,0.0001661816713888,Germany,DEU,north rhine-westphalia,,,Windows-10-10.0.26100-SP0,3.11.0,3.0.1,8,Intel(R) Core(TM) i5-8250U CPU @ 1.60GHz,,,7.2005,51.6104,7.873264312744141,machine,N,1.0
2025-06-19T20:46:47,chat_request,f852016f-d013-4c21-b390-5ab858bf0776,5b0fa12a-3dd7-45bb-9766-cc326314d9f1,7.125417599999992,5.277000076744313e-05,7.405881834552854e-06,60.0,0.0,10.0,0.0001187469999999,0,1.9775117777778127e-05,0.0001385221177777,Germany,DEU,north rhine-westphalia,,,Windows-10-10.0.26100-SP0,3.11.0,3.0.1,8,Intel(R) Core(TM) i5-8250U CPU @ 1.60GHz,,,7.2005,51.6104,7.873264312744141,machine,N,1.0
2025-06-19T20:50:08,chat_request,20216c5d-a568-4e0a-bf5d-5f0d0d4033fd,5b0fa12a-3dd7-45bb-9766-cc326314d9f1,39.85843550000004,0.0002951912370538,7.405991563663275e-06,60.0,0.0,10.0,0.0006642627283333,0,0.0001106191119444,0.0007748818402777,Germany,DEU,north rhine-westphalia,,,Windows-10-10.0.26100-SP0,3.11.0,3.0.1,8,Intel(R) Core(TM) i5-8250U CPU @ 1.60GHz,,,7.2005,51.6104,7.873264312744141,machine,N,1.0
2025-06-19T20:50:57,chat_request,6f19423a-2dab-44b5-a070-fce0d8ad9067,5b0fa12a-3dd7-45bb-9766-cc326314d9f1,13.959466799999973,0.0001033928708275,7.406649000917218e-06,60.0,0.0,10.0,0.0002326558066666,0,3.8752175555556e-05,0.0002714079822222,Germany,DEU,north rhine-westphalia,,,Windows-10-10.0.26100-SP0,3.11.0,3.0.1,8,Intel(R) Core(TM) i5-8250U CPU @ 1.60GHz,,,7.2005,51.6104,7.873264312744141,machine,N,1.0
2025-06-19T20:51:50,chat_request,cdbb2035-f0de-4dfc-a56c-c78530d49c5a,5b0fa12a-3dd7-45bb-9766-cc326314d9f1,16.360921799999915,0.0001211750814869,7.406372511785169e-06,60.0,0.0,10.0,0.0002726796433333,0,4.540693361111102e-05,0.0003180865769444,Germany,DEU,north rhine-westphalia,,,Windows-10-10.0.26100-SP0,3.11.0,3.0.1,8,Intel(R) Core(TM) i5-8250U CPU @ 1.60GHz,,,7.2005,51.6104,7.873264312744141,machine,N,1.0
2025-06-19T20:53:05,chat_request,4603a187-ffba-4149-9792-60cb0917dd3e,5b0fa12a-3dd7-45bb-9766-cc326314d9f1,21.80330929999991,0.0001614831394013,7.4063591530722e-06,60.0,0.0,10.0,0.0003633853066666,0,6.051058361111043e-05,0.0004238958902777,Germany,DEU,north rhine-westphalia,,,Windows-10-10.0.26100-SP0,3.11.0,3.0.1,8,Intel(R) Core(TM) i5-8250U CPU @ 1.60GHz,,,7.2005,51.6104,7.873264312744141,machine,N,1.0
2025-06-19T21:02:55,img_classification,79fae1e2-3f2e-4112-a514-4b5c99e05021,5b0fa12a-3dd7-45bb-9766-cc326314d9f1,7.173899299999903,5.310083658330779e-05,7.4019489768010145e-06,60.0,0.0,10.0,0.000119547275,0,1.984329222222212e-05,0.0001393905672222,Germany,DEU,north rhine-westphalia,,,Windows-10-10.0.26100-SP0,3.11.0,3.0.1,8,Intel(R) Core(TM) i5-8250U CPU @ 1.60GHz,,,7.2005,51.6104,7.873264312744141,machine,N,1.0
2025-06-19T21:03:15,img_classification,d2418aef-f4de-4a8d-b432-1def0e2caca0,5b0fa12a-3dd7-45bb-9766-cc326314d9f1,4.85972000000038,3.599292488408547e-05,7.40637832716343e-06,60.0,0.0,10.0,8.099102833333897e-05,0,1.3490989999999986e-05,9.448201833333896e-05,Germany,DEU,north rhine-westphalia,,,Windows-10-10.0.26100-SP0,3.11.0,3.0.1,8,Intel(R) Core(TM) i5-8250U CPU @ 1.60GHz,,,7.2005,51.6104,7.873264312744141,machine,N,1.0
2025-06-19T21:03:36,img_classification,4eb7700f-23d6-40ae-bedd-ef53c2afc12e,5b0fa12a-3dd7-45bb-9766-cc326314d9f1,4.742210299999897,3.51221038717218e-05,7.406272950763605e-06,60.0,0.0,10.0,7.90311499999992e-05,0,1.3164948888888578e-05,9.219609888888776e-05,Germany,DEU,north rhine-westphalia,,,Windows-10-10.0.26100-SP0,3.11.0,3.0.1,8,Intel(R) Core(TM) i5-8250U CPU @ 1.60GHz,,,7.2005,51.6104,7.873264312744141,machine,N,1.0
2025-06-19T21:04:06,img_classification,9be40a14-3714-4ee7-a872-2ea04bf52e98,5b0fa12a-3dd7-45bb-9766-cc326314d9f1,6.9835016000001815,5.170588572508242e-05,7.404005710413394e-06,60.0,0.0,10.0,0.0001163722333333,0,1.935656500000076e-05,0.0001357287983333,Germany,DEU,north rhine-westphalia,,,Windows-10-10.0.26100-SP0,3.11.0,3.0.1,8,Intel(R) Core(TM) i5-8250U CPU @ 1.60GHz,,,7.2005,51.6104,7.873264312744141,machine,N,1.0
2025-06-19T21:05:19,img_classification,c98164c9-3c09-4479-b3a7-a246abb65eb0,5b0fa12a-3dd7-45bb-9766-cc326314d9f1,4.528843999999936,3.354146708409928e-05,7.406187337011334e-06,60.0,0.0,10.0,7.547560500000449e-05,0,1.2571296388889802e-05,8.804690138889429e-05,Germany,DEU,north rhine-westphalia,,,Windows-10-10.0.26100-SP0,3.11.0,3.0.1,8,Intel(R) Core(TM) i5-8250U CPU @ 1.60GHz,,,7.2005,51.6104,7.873264312744141,machine,N,1.0
2025-06-19T21:06:11,img_classification,76d01a4b-619d-4eed-8fa5-5b277ef91ddb,5b0fa12a-3dd7-45bb-9766-cc326314d9f1,4.885106799999903,3.61772916682922e-05,7.405629630920847e-06,60.0,0.0,10.0,8.141166666666776e-05,0,1.3554317500000304e-05,9.496598416666808e-05,Germany,DEU,north rhine-westphalia,,,Windows-10-10.0.26100-SP0,3.11.0,3.0.1,8,Intel(R) Core(TM) i5-8250U CPU @ 1.60GHz,,,7.2005,51.6104,7.873264312744141,machine,N,1.0
2025-06-19T21:24:53,img_classification,598e18fe-fedb-4bad-b6b4-0209feaf4415,5b0fa12a-3dd7-45bb-9766-cc326314d9f1,5.453127199999926,4.037409443281743e-05,7.403842410427906e-06,60.0,0.0,10.0,9.086983666666129e-05,0,1.5112823611111203e-05,0.0001059826602777,Germany,DEU,north rhine-westphalia,,,Windows-10-10.0.26100-SP0,3.11.0,3.0.1,8,Intel(R) Core(TM) i5-8250U CPU @ 1.60GHz,,,7.2005,51.6104,7.873264312744141,machine,N,1.0
2025-06-19T21:25:34,img_classification,8f8948b6-55fc-4cd4-80ae-d3d57f499d1f,5b0fa12a-3dd7-45bb-9766-cc326314d9f1,5.581191300000228,4.1320647776083056e-05,7.403553391205453e-06,60.0,0.0,10.0,9.30040749999989e-05,0,1.5463303333333695e-05,0.0001084673783333,Germany,DEU,north rhine-westphalia,,,Windows-10-10.0.26100-SP0,3.11.0,3.0.1,8,Intel(R) Core(TM) i5-8250U CPU @ 1.60GHz,,,7.2005,51.6104,7.873264312744141,machine,N,1.0
2025-06-19T21:29:27,img_classification,98352148-48e2-43aa-b41a-959c2d27be62,5b0fa12a-3dd7-45bb-9766-cc326314d9f1,4.804185999999845,3.557436654770776e-05,7.404868701525901e-06,60.0,0.0,10.0,8.005930666666548e-05,0,1.3323989166666351e-05,9.338329583333184e-05,Germany,DEU,north rhine-westphalia,,,Windows-10-10.0.26100-SP0,3.11.0,3.0.1,8,Intel(R) Core(TM) i5-8250U CPU @ 1.60GHz,,,7.2005,51.6104,7.873264312744141,machine,N,1.0
2025-06-19T21:30:16,img_classification,451d3bff-7ec1-4328-9e55-245d604eb19b,5b0fa12a-3dd7-45bb-9766-cc326314d9f1,7.826690399999734,5.7956540414861466e-05,7.404986968037401e-06,60.0,0.0,10.0,0.0001304287,0,2.170816944444469e-05,0.0001521368694444,Germany,DEU,north rhine-westphalia,,,Windows-10-10.0.26100-SP0,3.11.0,3.0.1,8,Intel(R) Core(TM) i5-8250U CPU @ 1.60GHz,,,7.2005,51.6104,7.873264312744141,machine,N,1.0
2025-06-19T21:31:53,img_classification,9eea3447-2e97-4771-8626-877ecbf85a95,5b0fa12a-3dd7-45bb-9766-cc326314d9f1,7.359040299999833,5.448576813906836e-05,7.403923054894752e-06,60.0,0.0,10.0,0.0001226261649999,0,2.039987027777796e-05,0.0001430260352777,Germany,DEU,north rhine-westphalia,,,Windows-10-10.0.26100-SP0,3.11.0,3.0.1,8,Intel(R) Core(TM) i5-8250U CPU @ 1.60GHz,,,7.2005,51.6104,7.873264312744141,machine,N,1.0
2025-06-20T14:21:00,chat_request,28c465d1-732c-4b53-981e-fc895710dc5d,5b0fa12a-3dd7-45bb-9766-cc326314d9f1,9.879532200000083,7.317149505625258e-05,7.406372445069003e-06,60.0,0.0,10.0,0.000164650415,0,2.742596000000125e-05,0.000192076375,Germany,DEU,north rhine-westphalia,,,Windows-10-10.0.26100-SP0,3.11.0,3.0.1,8,Intel(R) Core(TM) i5-8250U CPU @ 1.60GHz,,,7.2005,51.6104,7.873264312744141,machine,N,1.0
2025-06-20T14:21:46,chat_request,8b01f1a1-b7a3-42e1-b6df-c4eb3e5b7449,5b0fa12a-3dd7-45bb-9766-cc326314d9f1,35.78922059999968,0.0002650275544668,7.405234034822749e-06,60.0,0.0,10.0,0.0005964014999999,0,9.930017861110956e-05,0.000695701678611,Germany,DEU,north rhine-westphalia,,,Windows-10-10.0.26100-SP0,3.11.0,3.0.1,8,Intel(R) Core(TM) i5-8250U CPU @ 1.60GHz,,,7.2005,51.6104,7.873264312744141,machine,N,1.0
2025-06-20T14:23:58,chat_request,ca2293cf-4aa6-425c-a4f6-862e5ce418db,5b0fa12a-3dd7-45bb-9766-cc326314d9f1,7.477125200000046,5.5377529232195206e-05,7.406259458139723e-06,60.0,0.0,10.0,0.0001246176466666,0,2.074927611111106e-05,0.0001453669227777,Germany,DEU,north rhine-westphalia,,,Windows-10-10.0.26100-SP0,3.11.0,3.0.1,8,Intel(R) Core(TM) i5-8250U CPU @ 1.60GHz,,,7.2005,51.6104,7.873264312744141,machine,N,1.0
2025-06-20T14:25:15,chat_request,9c698599-a577-4d53-b5a3-070d0ab09732,5b0fa12a-3dd7-45bb-9766-cc326314d9f1,22.565445299999737,0.0001671285657044,7.40639342510508e-06,60.0,0.0,10.0,0.0003760868966666,0,6.262833027777788e-05,0.0004387152269444,Germany,DEU,north rhine-westphalia,,,Windows-10-10.0.26100-SP0,3.11.0,3.0.1,8,Intel(R) Core(TM) i5-8250U CPU @ 1.60GHz,,,7.2005,51.6104,7.873264312744141,machine,N,1.0
2025-06-20T14:26:38,chat_request,8cf995ab-65ce-4ee2-b80c-91513c22847f,5b0fa12a-3dd7-45bb-9766-cc326314d9f1,33.38964590000023,0.0002472984955387,7.406442592395498e-06,60.0,0.0,10.0,0.0005564883066666,0,9.267430138888688e-05,0.0006491626080555,Germany,DEU,north rhine-westphalia,,,Windows-10-10.0.26100-SP0,3.11.0,3.0.1,8,Intel(R) Core(TM) i5-8250U CPU @ 1.60GHz,,,7.2005,51.6104,7.873264312744141,machine,N,1.0
2025-06-20T14:27:21,chat_request,97468871-41d5-4a6c-a173-4f34d8613286,5b0fa12a-3dd7-45bb-9766-cc326314d9f1,22.787020799999937,0.000168767545302,7.406301454820861e-06,60.0,0.0,10.0,0.0003797793016666,0,6.323827361111146e-05,0.0004430175752777,Germany,DEU,north rhine-westphalia,,,Windows-10-10.0.26100-SP0,3.11.0,3.0.1,8,Intel(R) Core(TM) i5-8250U CPU @ 1.60GHz,,,7.2005,51.6104,7.873264312744141,machine,N,1.0
2025-06-20T14:28:39,chat_request,b3a86eb4-05b0-42b8-892c-61d62f80800d,5b0fa12a-3dd7-45bb-9766-cc326314d9f1,33.17886469999985,0.0002457304172969,7.406233441645844e-06,60.0,0.0,10.0,0.0005529745116666,0,9.207186527777871e-05,0.0006450463769444,Germany,DEU,north rhine-westphalia,,,Windows-10-10.0.26100-SP0,3.11.0,3.0.1,8,Intel(R) Core(TM) i5-8250U CPU @ 1.60GHz,,,7.2005,51.6104,7.873264312744141,machine,N,1.0
2025-06-20T14:30:05,chat_request,f6ee5a69-6b30-40d4-931f-8664970e7737,5b0fa12a-3dd7-45bb-9766-cc326314d9f1,14.092673699999978,0.0001043791592663,7.406625704134019e-06,60.0,0.0,10.0,0.0002348763266666,0,3.912067888889068e-05,0.0002739970055555,Germany,DEU,north rhine-westphalia,,,Windows-10-10.0.26100-SP0,3.11.0,3.0.1,8,Intel(R) Core(TM) i5-8250U CPU @ 1.60GHz,,,7.2005,51.6104,7.873264312744141,machine,N,1.0
2025-06-20T14:30:56,img_classification,4bdbc096-75d7-4aaf-ac59-045d1c8bb507,5b0fa12a-3dd7-45bb-9766-cc326314d9f1,11.499360400000114,8.51413087100583e-05,7.404003853123644e-06,60.0,0.0,10.0,0.0001916379616666,0,3.185937055555491e-05,0.0002234973322222,Germany,DEU,north rhine-westphalia,,,Windows-10-10.0.26100-SP0,3.11.0,3.0.1,8,Intel(R) Core(TM) i5-8250U CPU @ 1.60GHz,,,7.2005,51.6104,7.873264312744141,machine,N,1.0
2025-06-20T14:31:20,img_classification,9c694882-05f8-49cb-9452-92ce1384d542,5b0fa12a-3dd7-45bb-9766-cc326314d9f1,4.42875499999991,3.280088134241525e-05,7.406343620818022e-06,60.0,0.0,10.0,7.381172999999611e-05,0,1.2291121666666843e-05,8.610285166666296e-05,Germany,DEU,north rhine-westphalia,,,Windows-10-10.0.26100-SP0,3.11.0,3.0.1,8,Intel(R) Core(TM) i5-8250U CPU @ 1.60GHz,,,7.2005,51.6104,7.873264312744141,machine,N,1.0
2025-06-20T14:36:12,img_classification,3b4fffcf-493a-44d4-bc0b-00fb12747464,5b0fa12a-3dd7-45bb-9766-cc326314d9f1,4.132456700000148,3.0608032508130914e-05,7.406740041130937e-06,60.0,0.0,10.0,6.8873738333347e-05,0,1.1472849166668512e-05,8.034658750001552e-05,Germany,DEU,north rhine-westphalia,,,Windows-10-10.0.26100-SP0,3.11.0,3.0.1,8,Intel(R) Core(TM) i5-8250U CPU @ 1.60GHz,,,7.2005,51.6104,7.873264312744141,machine,N,1.0
2025-06-20T14:36:49,img_classification,1f2c91f1-894b-4fa8-a739-8cb89f9bebdf,5b0fa12a-3dd7-45bb-9766-cc326314d9f1,3.999781600000461,2.962511547679173e-05,7.406683274103846e-06,60.0,0.0,10.0,6.666247833333424e-05,0,1.1103935833332596e-05,7.776641416666684e-05,Germany,DEU,north rhine-westphalia,,,Windows-10-10.0.26100-SP0,3.11.0,3.0.1,8,Intel(R) Core(TM) i5-8250U CPU @ 1.60GHz,,,7.2005,51.6104,7.873264312744141,machine,N,1.0
2025-06-20T15:07:03,img_classification,c69ad30c-e840-44d3-9010-abda018729c2,5b0fa12a-3dd7-45bb-9766-cc326314d9f1,24.94545259999996,0.0001845957164282,7.399974632181686e-06,60.0,0.0,10.0,0.0004156911533333,0,6.887563083332932e-05,0.0004845667841666,Germany,DEU,north rhine-westphalia,,,Windows-10-10.0.26100-SP0,3.11.0,3.0.1,8,Intel(R) Core(TM) i5-8250U CPU @ 1.60GHz,,,7.2005,51.6104,7.873264312744141,machine,N,1.0
2025-06-20T15:11:36,chat_request,c26dee39-ac6a-4992-9725-3fcf52a88c7c,5b0fa12a-3dd7-45bb-9766-cc326314d9f1,11.25294809999923,8.333263631061541e-05,7.405404838810295e-06,60.0,0.0,10.0,0.0001875461333333,0,3.120340416666699e-05,0.0002187495374999,Germany,DEU,north rhine-westphalia,,,Windows-10-10.0.26100-SP0,3.11.0,3.0.1,8,Intel(R) Core(TM) i5-8250U CPU @ 1.60GHz,,,7.2005,51.6104,7.873264312744141,machine,N,1.0
2025-06-20T15:12:41,chat_request,3e05cf4e-33b2-4e71-a4b5-0eb09f487fa7,5b0fa12a-3dd7-45bb-9766-cc326314d9f1,10.462195400000384,7.742942643343386e-05,7.400877490151926e-06,60.0,0.0,10.0,0.0001743668,0,2.8886714722223887e-05,0.0002032535147222,Germany,DEU,north rhine-westphalia,,,Windows-10-10.0.26100-SP0,3.11.0,3.0.1,8,Intel(R) Core(TM) i5-8250U CPU @ 1.60GHz,,,7.2005,51.6104,7.873264312744141,machine,N,1.0
2025-06-27T13:09:46,img_classification,c27aa2a8-6f44-4d0b-ac81-6b0fe7122407,5b0fa12a-3dd7-45bb-9766-cc326314d9f1,14.364154299999882,0.0001062802070673,7.398988123324925e-06,60.0,0.0,10.0,0.0002392664383333,0,3.972084888888882e-05,0.0002789872872222,Germany,DEU,north rhine-westphalia,,,Windows-10-10.0.26100-SP0,3.11.0,3.0.1,8,Intel(R) Core(TM) i5-8250U CPU @ 1.60GHz,,,7.2005,51.6104,7.873264312744141,machine,N,1.0
2025-06-27T13:10:16,img_classification,2790f37a-8473-42ab-82a0-73a6db997a26,5b0fa12a-3dd7-45bb-9766-cc326314d9f1,14.604398499999888,0.0001081627125502,7.406173732540241e-06,60.0,0.0,10.0,0.0002433911266666,0,4.053776833333258e-05,0.0002839288949999,Germany,DEU,north rhine-westphalia,,,Windows-10-10.0.26100-SP0,3.11.0,3.0.1,8,Intel(R) Core(TM) i5-8250U CPU @ 1.60GHz,,,7.2005,51.6104,7.873264312744141,machine,N,1.0
2025-06-27T13:10:35,img_classification,14ef224c-240e-4ef3-90ce-9c327f1e6233,5b0fa12a-3dd7-45bb-9766-cc326314d9f1,2.236963999999944,1.656360145038879e-05,7.4045006760900975e-06,60.0,0.0,10.0,3.727793833333332e-05,0,6.201787222221987e-06,4.34797255555553e-05,Germany,DEU,north rhine-westphalia,,,Windows-10-10.0.26100-SP0,3.11.0,3.0.1,8,Intel(R) Core(TM) i5-8250U CPU @ 1.60GHz,,,7.2005,51.6104,7.873264312744141,machine,N,1.0
2025-06-27T13:10:51,img_classification,82d73e44-67a3-4fde-a215-d15721a2b298,5b0fa12a-3dd7-45bb-9766-cc326314d9f1,1.5236793999999918,1.1282507473306624e-05,7.404777851106136e-06,60.0,0.0,10.0,2.5391120000002348e-05,0,4.225647222222683e-06,2.961676722222503e-05,Germany,DEU,north rhine-westphalia,,,Windows-10-10.0.26100-SP0,3.11.0,3.0.1,8,Intel(R) Core(TM) i5-8250U CPU @ 1.60GHz,,,7.2005,51.6104,7.873264312744141,machine,N,1.0
2025-06-27T13:11:28,img_classification,093f2817-229a-44f4-9164-d16fb6c0daf6,5b0fa12a-3dd7-45bb-9766-cc326314d9f1,23.04858999999988,0.0001705973335483,7.401638605587619e-06,60.0,0.0,10.0,0.0003840662166666,0,6.375458277777726e-05,0.0004478207994444,Germany,DEU,north rhine-westphalia,,,Windows-10-10.0.26100-SP0,3.11.0,3.0.1,8,Intel(R) Core(TM) i5-8250U CPU @ 1.60GHz,,,7.2005,51.6104,7.873264312744141,machine,N,1.0
2025-06-27T13:15:07,img_classification,480ea5d0-a371-479d-8704-9a5d66fda01b,5b0fa12a-3dd7-45bb-9766-cc326314d9f1,9.734387100000047,7.208932816904261e-05,7.405636064035531e-06,60.0,0.0,10.0,0.0001622292916666,0,2.7006377500000177e-05,0.0001892356691666,Germany,DEU,north rhine-westphalia,,,Windows-10-10.0.26100-SP0,3.11.0,3.0.1,8,Intel(R) Core(TM) i5-8250U CPU @ 1.60GHz,,,7.2005,51.6104,7.873264312744141,machine,N,1.0
2025-06-27T13:17:31,img_classification,bd8132e1-6b92-4c00-a571-9d909bf59af9,5b0fa12a-3dd7-45bb-9766-cc326314d9f1,8.869593599999916,6.560083538904117e-05,7.396148949715327e-06,60.0,0.0,10.0,0.0001477078649999,0,2.449540416666625e-05,0.0001722032691666,Germany,DEU,north rhine-westphalia,,,Windows-10-10.0.26100-SP0,3.11.0,3.0.1,8,Intel(R) Core(TM) i5-8250U CPU @ 1.60GHz,,,7.2005,51.6104,7.873264312744141,machine,N,1.0
2025-06-27T13:18:03,img_classification,43bc11be-f043-43af-9c84-24263c9e861d,5b0fa12a-3dd7-45bb-9766-cc326314d9f1,15.582103699999834,0.0001153762821741,7.404409853475337e-06,60.0,0.0,10.0,0.0002596577416666,0,4.3206891944444376e-05,0.0003028646336111,Germany,DEU,north rhine-westphalia,,,Windows-10-10.0.26100-SP0,3.11.0,3.0.1,8,Intel(R) Core(TM) i5-8250U CPU @ 1.60GHz,,,7.2005,51.6104,7.873264312744141,machine,N,1.0
2025-06-27T13:18:24,img_classification,be38e24d-a5aa-4756-a128-bb4f0b5aa5b9,5b0fa12a-3dd7-45bb-9766-cc326314d9f1,2.230710700000145,1.6519363631639203e-05,7.405426275867206e-06,60.0,0.0,10.0,3.717482166666741e-05,0,6.188778888888969e-06,4.336360055555638e-05,Germany,DEU,north rhine-westphalia,,,Windows-10-10.0.26100-SP0,3.11.0,3.0.1,8,Intel(R) Core(TM) i5-8250U CPU @ 1.60GHz,,,7.2005,51.6104,7.873264312744141,machine,N,1.0
2025-06-27T13:19:37,img_classification,3294428f-1eba-4019-af3e-82284f98a06e,5b0fa12a-3dd7-45bb-9766-cc326314d9f1,4.642434900000126,3.4378137833708784e-05,7.405195457605201e-06,60.0,0.0,10.0,7.736717333333445e-05,0,1.2876002500000065e-05,9.024317583333452e-05,Germany,DEU,north rhine-westphalia,,,Windows-10-10.0.26100-SP0,3.11.0,3.0.1,8,Intel(R) Core(TM) i5-8250U CPU @ 1.60GHz,,,7.2005,51.6104,7.873264312744141,machine,N,1.0
2025-06-27T13:20:20,img_classification,28bef761-f93f-401f-8445-856ad27a103c,5b0fa12a-3dd7-45bb-9766-cc326314d9f1,27.46439720000012,0.0002033159672566,7.402892034225273e-06,60.0,0.0,10.0,0.0004575996799999,0,7.610806972222185e-05,0.0005337077497222,Germany,DEU,north rhine-westphalia,,,Windows-10-10.0.26100-SP0,3.11.0,3.0.1,8,Intel(R) Core(TM) i5-8250U CPU @ 1.60GHz,,,7.2005,51.6104,7.873264312744141,machine,N,1.0
2025-06-27T13:21:27,img_classification,70f640b8-33df-4296-9018-acea7222be43,5b0fa12a-3dd7-45bb-9766-cc326314d9f1,2.789700099999891,2.0654704663903186e-05,7.403915805825864e-06,60.0,0.0,10.0,4.6487945000001215e-05,0,7.730993611110965e-06,5.421893861111218e-05,Germany,DEU,north rhine-westphalia,,,Windows-10-10.0.26100-SP0,3.11.0,3.0.1,8,Intel(R) Core(TM) i5-8250U CPU @ 1.60GHz,,,7.2005,51.6104,7.873264312744141,machine,N,1.0
2025-06-27T13:31:10,img_classification,0e42736b-fdb8-4c53-ac93-e253d4c6b964,5b0fa12a-3dd7-45bb-9766-cc326314d9f1,12.348692500000196,9.131927030919724e-05,7.395055817382754e-06,60.0,0.0,10.0,0.0002055534416666,0,3.4161141111111545e-05,0.0002397145827777,Germany,DEU,north rhine-westphalia,,,Windows-10-10.0.26100-SP0,3.11.0,3.0.1,8,Intel(R) Core(TM) i5-8250U CPU @ 1.60GHz,,,7.2005,51.6104,7.873264312744141,machine,N,1.0
2025-06-27T13:31:30,img_classification,4ee7f77b-c9b2-450c-afc5-de82cacfa08a,5b0fa12a-3dd7-45bb-9766-cc326314d9f1,1.2382281999998668,9.1676475695703e-06,7.403843305758411e-06,60.0,0.0,10.0,2.063269500000236e-05,0,3.4325302777776616e-06,2.4065225277780023e-05,Germany,DEU,north rhine-westphalia,,,Windows-10-10.0.26100-SP0,3.11.0,3.0.1,8,Intel(R) Core(TM) i5-8250U CPU @ 1.60GHz,,,7.2005,51.6104,7.873264312744141,machine,N,1.0
2025-06-27T13:32:11,img_classification,255c3906-c71c-4297-963a-5d7db0c1deb6,5b0fa12a-3dd7-45bb-9766-cc326314d9f1,29.542944199999965,0.0002187646637175,7.404971631689775e-06,60.0,0.0,10.0,0.0004923174516666,0,8.194337972221951e-05,0.0005742608313888,Germany,DEU,north rhine-westphalia,,,Windows-10-10.0.26100-SP0,3.11.0,3.0.1,8,Intel(R) Core(TM) i5-8250U CPU @ 1.60GHz,,,7.2005,51.6104,7.873264312744141,machine,N,1.0
2025-07-02T12:34:48,ollama-chatbot,a03a43d0-3984-498b-b12a-516cf1c33625,5b0fa12a-3dd7-45bb-9766-cc326314d9f1,82.16984489999993,0.000608613591591,7.40677547014593e-06,60.0,0.0,10.0,0.0013694633166666,0,0.0002281573463888,0.0015976206630555,Germany,DEU,north rhine-westphalia,,,Windows-10-10.0.26100-SP0,3.11.0,3.0.1,8,Intel(R) Core(TM) i5-8250U CPU @ 1.60GHz,,,7.191,51.6006,7.873264312744141,machine,N,1.0
2025-07-02T12:34:58,ollama-chatbot,eacdf5a3-d9a7-4c4e-86e4-07da38223d7a,5b0fa12a-3dd7-45bb-9766-cc326314d9f1,4.619878800000038,3.421595450873612e-05,7.406245053168027e-06,60.0,0.0,10.0,7.699396666666682e-05,0,1.2823475277777637e-05,8.981744194444446e-05,Germany,DEU,north rhine-westphalia,,,Windows-10-10.0.26100-SP0,3.11.0,3.0.1,8,Intel(R) Core(TM) i5-8250U CPU @ 1.60GHz,,,7.191,51.6006,7.873264312744141,machine,N,1.0
2025-07-02T12:36:21,ollama-chatbot,408e4a8b-f598-499b-badd-6f6c71c54f7c,5b0fa12a-3dd7-45bb-9766-cc326314d9f1,77.78518810000014,0.0005761281129334,7.406655778639213e-06,60.0,0.0,10.0,0.00129637728,0,0.0002159684686111,0.0015123457486111,Germany,DEU,north rhine-westphalia,,,Windows-10-10.0.26100-SP0,3.11.0,3.0.1,8,Intel(R) Core(TM) i5-8250U CPU @ 1.60GHz,,,7.191,51.6006,7.873264312744141,machine,N,1.0
2025-07-02T12:36:31,ollama-chatbot,6822aa10-941a-43f1-9eb7-b43c1f2eb302,5b0fa12a-3dd7-45bb-9766-cc326314d9f1,5.009195400000181,3.710011500113888e-05,7.406402034374132e-06,60.0,0.0,10.0,8.348289333333317e-05,0,1.3905517222222367e-05,9.738841055555552e-05,Germany,DEU,north rhine-westphalia,,,Windows-10-10.0.26100-SP0,3.11.0,3.0.1,8,Intel(R) Core(TM) i5-8250U CPU @ 1.60GHz,,,7.191,51.6006,7.873264312744141,machine,N,1.0
2025-07-02T12:38:01,ollama-chatbot,a82ee9d4-e801-46ef-9e3d-d80da01bfb19,5b0fa12a-3dd7-45bb-9766-cc326314d9f1,84.99161130000016,0.0006295177251721,7.406821867985501e-06,60.0,0.0,10.0,0.0014164993449999,0,0.0002359950116666,0.0016524943566666,Germany,DEU,north rhine-westphalia,,,Windows-10-10.0.26100-SP0,3.11.0,3.0.1,8,Intel(R) Core(TM) i5-8250U CPU @ 1.60GHz,,,7.191,51.6006,7.873264312744141,machine,N,1.0
2025-07-02T12:38:10,ollama-chatbot,d2aa4573-df30-446b-a8c0-c94fb5b57fae,5b0fa12a-3dd7-45bb-9766-cc326314d9f1,3.485314100000096,2.5807610976556188e-05,7.40467293222022e-06,60.0,0.0,10.0,5.808042333333485e-05,0,9.664978888889033e-06,6.774540222222388e-05,Germany,DEU,north rhine-westphalia,,,Windows-10-10.0.26100-SP0,3.11.0,3.0.1,8,Intel(R) Core(TM) i5-8250U CPU @ 1.60GHz,,,7.191,51.6006,7.873264312744141,machine,N,1.0
2025-07-02T12:39:51,ollama-chatbot,6d709c5d-dc67-4f87-bdb1-d9e4e63e2f93,5b0fa12a-3dd7-45bb-9766-cc326314d9f1,96.18307729999992,0.0007124143803981,7.406857842322017e-06,60.0,0.0,10.0,0.001603013755,0,0.0002670856816666,0.0018700994366666,Germany,DEU,north rhine-westphalia,,,Windows-10-10.0.26100-SP0,3.11.0,3.0.1,8,Intel(R) Core(TM) i5-8250U CPU @ 1.60GHz,,,7.191,51.6006,7.873264312744141,machine,N,1.0
2025-07-02T12:40:01,ollama-chatbot,a7e88c46-aaae-4a61-bf95-248042b50d49,5b0fa12a-3dd7-45bb-9766-cc326314d9f1,4.74011859999996,3.51071081982505e-05,7.406377595330799e-06,60.0,0.0,10.0,7.899778000000121e-05,0,1.3158955000000104e-05,9.215673500000132e-05,Germany,DEU,north rhine-westphalia,,,Windows-10-10.0.26100-SP0,3.11.0,3.0.1,8,Intel(R) Core(TM) i5-8250U CPU @ 1.60GHz,,,7.191,51.6006,7.873264312744141,machine,N,1.0
2025-07-02T12:48:16,img_classification,9ecf7e36-5ee9-4aff-88b0-6de47ee8f4c0,5b0fa12a-3dd7-45bb-9766-cc326314d9f1,20.848972600000025,0.0001542167348695,7.396850570446725e-06,60.0,0.0,10.0,0.0003474366616666,0,5.7384797499999725e-05,0.0004048214591666,Germany,DEU,north rhine-westphalia,,,Windows-10-10.0.26100-SP0,3.11.0,3.0.1,8,Intel(R) Core(TM) i5-8250U CPU @ 1.60GHz,,,7.191,51.6006,7.873264312744141,machine,N,1.0
2025-07-02T12:48:46,img_classification,c14f3131-b3f8-4c12-9ba8-90298ae4f3b6,5b0fa12a-3dd7-45bb-9766-cc326314d9f1,5.219045300000062,3.863102246994438e-05,7.401932776851721e-06,60.0,0.0,10.0,8.697172833333297e-05,0,1.4435339444444632e-05,0.0001014070677777,Germany,DEU,north rhine-westphalia,,,Windows-10-10.0.26100-SP0,3.11.0,3.0.1,8,Intel(R) Core(TM) i5-8250U CPU @ 1.60GHz,,,7.191,51.6006,7.873264312744141,machine,N,1.0
2025-07-02T12:50:23,ollama-chatbot,0936c579-d11b-4bc8-b193-eb270a225434,5b0fa12a-3dd7-45bb-9766-cc326314d9f1,61.68481829999996,0.000456886749096,7.406794113812826e-06,60.0,0.0,10.0,0.0010280553866666,0,0.0001712798255555,0.0011993352122222,Germany,DEU,north rhine-westphalia,,,Windows-10-10.0.26100-SP0,3.11.0,3.0.1,8,Intel(R) Core(TM) i5-8250U CPU @ 1.60GHz,,,7.191,51.6006,7.873264312744141,machine,N,1.0
2025-07-02T12:50:34,ollama-chatbot,2cbebe38-901c-4b73-a4c7-af285aa6b818,5b0fa12a-3dd7-45bb-9766-cc326314d9f1,3.7873292000001584,2.805088891365308e-05,7.406509292525168e-06,60.0,0.0,10.0,6.311955666666714e-05,0,1.0514486944444773e-05,7.363404361111191e-05,Germany,DEU,north rhine-westphalia,,,Windows-10-10.0.26100-SP0,3.11.0,3.0.1,8,Intel(R) Core(TM) i5-8250U CPU @ 1.60GHz,,,7.191,51.6006,7.873264312744141,machine,N,1.0
2025-07-02T12:52:57,ollama-chatbot,37a4e14a-d16d-45cd-889a-95f727256c94,5b0fa12a-3dd7-45bb-9766-cc326314d9f1,70.29189619999988,0.0005206401108466,7.406829791094691e-06,60.0,0.0,10.0,0.0011714967433333,0,0.0001951920894444,0.0013666888327777,Germany,DEU,north rhine-westphalia,,,Windows-10-10.0.26100-SP0,3.11.0,3.0.1,8,Intel(R) Core(TM) i5-8250U CPU @ 1.60GHz,,,7.191,51.6006,7.873264312744141,machine,N,1.0
2025-07-02T12:53:08,ollama-chatbot,7c91c67e-7098-400e-93d8-13347a612edc,5b0fa12a-3dd7-45bb-9766-cc326314d9f1,3.779686200000015,2.7993949375346032e-05,7.406421563606504e-06,60.0,0.0,10.0,6.299189999999725e-05,0,1.0492676388888513e-05,7.348457638888576e-05,Germany,DEU,north rhine-westphalia,,,Windows-10-10.0.26100-SP0,3.11.0,3.0.1,8,Intel(R) Core(TM) i5-8250U CPU @ 1.60GHz,,,7.191,51.6006,7.873264312744141,machine,N,1.0
2025-07-02T12:54:15,ollama-chatbot,3a784ac2-bab8-4586-a9b7-8fde7dd55934,5b0fa12a-3dd7-45bb-9766-cc326314d9f1,59.75631460000022,0.0004426099959982,7.406915887652107e-06,60.0,0.0,10.0,0.000995915575,0,0.0001659429261111,0.0011618585011111,Germany,DEU,north rhine-westphalia,,,Windows-10-10.0.26100-SP0,3.11.0,3.0.1,8,Intel(R) Core(TM) i5-8250U CPU @ 1.60GHz,,,7.191,51.6006,7.873264312744141,machine,N,1.0
2025-07-02T12:54:26,ollama-chatbot,29a9747e-f653-41d0-af05-505551bd8577,5b0fa12a-3dd7-45bb-9766-cc326314d9f1,3.9132033999999294,2.898255261452825e-05,7.406349645543284e-06,60.0,0.0,10.0,6.521583166666763e-05,0,1.0863844444444718e-05,7.607967611111234e-05,Germany,DEU,north rhine-westphalia,,,Windows-10-10.0.26100-SP0,3.11.0,3.0.1,8,Intel(R) Core(TM) i5-8250U CPU @ 1.60GHz,,,7.191,51.6006,7.873264312744141,machine,N,1.0
2025-07-02T12:55:46,ollama-chatbot,cb6bd1af-c48a-45c7-98c8-431205768ac1,5b0fa12a-3dd7-45bb-9766-cc326314d9f1,73.2828015,0.0005427973323631,7.406885671028732e-06,60.0,0.0,10.0,0.0012213542449999,0,0.0002034976577777,0.0014248519027777,Germany,DEU,north rhine-westphalia,,,Windows-10-10.0.26100-SP0,3.11.0,3.0.1,8,Intel(R) Core(TM) i5-8250U CPU @ 1.60GHz,,,7.191,51.6006,7.873264312744141,machine,N,1.0
2025-07-02T12:55:57,ollama-chatbot,f1360a8b-81e6-4874-ad53-724ddd081bc8,5b0fa12a-3dd7-45bb-9766-cc326314d9f1,3.76212919999989,2.7864111033400976e-05,7.406473715310412e-06,60.0,0.0,10.0,6.269958999999593e-05,0,1.044415861111045e-05,7.314374861110637e-05,Germany,DEU,north rhine-westphalia,,,Windows-10-10.0.26100-SP0,3.11.0,3.0.1,8,Intel(R) Core(TM) i5-8250U CPU @ 1.60GHz,,,7.191,51.6006,7.873264312744141,machine,N,1.0
2025-07-02T12:57:07,ollama-chatbot,83489b73-8518-4feb-90af-8699f37b681e,5b0fa12a-3dd7-45bb-9766-cc326314d9f1,63.30240430000004,0.0004688652362406,7.406752419996465e-06,60.0,0.0,10.0,0.0010550122816666,0,0.0001757666558333,0.0012307789374999,Germany,DEU,north rhine-westphalia,,,Windows-10-10.0.26100-SP0,3.11.0,3.0.1,8,Intel(R) Core(TM) i5-8250U CPU @ 1.60GHz,,,7.191,51.6006,7.873264312744141,machine,N,1.0
2025-07-02T12:57:18,ollama-chatbot,9d5ea191-d652-4b2f-9c15-f2b5123bf895,5b0fa12a-3dd7-45bb-9766-cc326314d9f1,3.810876200000166,2.822355905138923e-05,7.406055082919776e-06,60.0,0.0,10.0,6.350945500000003e-05,0,1.0577850555556424e-05,7.408730555555645e-05,Germany,DEU,north rhine-westphalia,,,Windows-10-10.0.26100-SP0,3.11.0,3.0.1,8,Intel(R) Core(TM) i5-8250U CPU @ 1.60GHz,,,7.191,51.6006,7.873264312744141,machine,N,1.0
2025-07-02T12:58:29,ollama-chatbot,f30d477c-e7ea-457c-8849-e94548972f37,5b0fa12a-3dd7-45bb-9766-cc326314d9f1,64.5768008,0.0004783090981684,7.406825551018902e-06,60.0,0.0,10.0,0.0010762565083333,0,0.0001793127216666,0.0012555692299999,Germany,DEU,north rhine-westphalia,,,Windows-10-10.0.26100-SP0,3.11.0,3.0.1,8,Intel(R) Core(TM) i5-8250U CPU @ 1.60GHz,,,7.191,51.6006,7.873264312744141,machine,N,1.0
2025-07-02T12:58:41,ollama-chatbot,7efe6ae3-d506-4168-be1b-927c9528c358,5b0fa12a-3dd7-45bb-9766-cc326314d9f1,4.719539199999872,3.495418746088678e-05,7.406271243787471e-06,60.0,0.0,10.0,7.865417666666113e-05,0,1.3101138888888878e-05,9.175531555555e-05,Germany,DEU,north rhine-westphalia,,,Windows-10-10.0.26100-SP0,3.11.0,3.0.1,8,Intel(R) Core(TM) i5-8250U CPU @ 1.60GHz,,,7.191,51.6006,7.873264312744141,machine,N,1.0
2025-07-02T13:00:08,ollama-chatbot,ac6c3ff5-23a4-49be-bad5-885fe0ce9508,5b0fa12a-3dd7-45bb-9766-cc326314d9f1,79.88571440000032,0.0005916994282046,7.406824019147342e-06,60.0,0.0,10.0,0.0013313949166666,0,0.00022182579,0.0015532207066666,Germany,DEU,north rhine-westphalia,,,Windows-10-10.0.26100-SP0,3.11.0,3.0.1,8,Intel(R) Core(TM) i5-8250U CPU @ 1.60GHz,,,7.191,51.6006,7.873264312744141,machine,N,1.0
2025-07-02T13:00:19,ollama-chatbot,56e9c6bb-01bd-4a51-affe-4e28cddc4741,5b0fa12a-3dd7-45bb-9766-cc326314d9f1,3.975404100000105,2.944289894369694e-05,7.406265678424027e-06,60.0,0.0,10.0,6.625215500000648e-05,0,1.103593777777784e-05,7.728809277778433e-05,Germany,DEU,north rhine-westphalia,,,Windows-10-10.0.26100-SP0,3.11.0,3.0.1,8,Intel(R) Core(TM) i5-8250U CPU @ 1.60GHz,,,7.191,51.6006,7.873264312744141,machine,N,1.0
2025-07-02T13:01:27,ollama-chatbot,5b784cdd-4fce-43ff-9438-03e5230811f3,5b0fa12a-3dd7-45bb-9766-cc326314d9f1,61.682572300000174,0.0004568781762395,7.406924828256287e-06,60.0,0.0,10.0,0.00102801987,0,0.0001712928383333,0.0011993127083333,Germany,DEU,north rhine-westphalia,,,Windows-10-10.0.26100-SP0,3.11.0,3.0.1,8,Intel(R) Core(TM) i5-8250U CPU @ 1.60GHz,,,7.191,51.6006,7.873264312744141,machine,N,1.0
2025-07-02T13:01:38,ollama-chatbot,0dd1ae43-a3a0-4286-9b39-ea0f80d9a7d1,5b0fa12a-3dd7-45bb-9766-cc326314d9f1,3.349878600000011,2.480963192295772e-05,7.406128664769413e-06,60.0,0.0,10.0,5.582719499999863e-05,0,9.298495833333062e-06,6.51256908333317e-05,Germany,DEU,north rhine-westphalia,,,Windows-10-10.0.26100-SP0,3.11.0,3.0.1,8,Intel(R) Core(TM) i5-8250U CPU @ 1.60GHz,,,7.191,51.6006,7.873264312744141,machine,N,1.0
2025-07-02T13:02:41,ollama-chatbot,94c625fc-f9b5-43af-97f1-595ca093fff4,5b0fa12a-3dd7-45bb-9766-cc326314d9f1,56.501387199999954,0.0004185050771311,7.406987648812124e-06,60.0,0.0,10.0,0.0009416723216666,0,0.0001569103719444,0.0010985826936111,Germany,DEU,north rhine-westphalia,,,Windows-10-10.0.26100-SP0,3.11.0,3.0.1,8,Intel(R) Core(TM) i5-8250U CPU @ 1.60GHz,,,7.191,51.6006,7.873264312744141,machine,N,1.0
2025-07-02T13:02:52,ollama-chatbot,4396b5a9-90fb-4b6f-8136-874afadeaee6,5b0fa12a-3dd7-45bb-9766-cc326314d9f1,3.7201270999999,2.755248451547183e-05,7.406328809430348e-06,60.0,0.0,10.0,6.199843666666615e-05,0,1.032728722222171e-05,7.232572388888786e-05,Germany,DEU,north rhine-westphalia,,,Windows-10-10.0.26100-SP0,3.11.0,3.0.1,8,Intel(R) Core(TM) i5-8250U CPU @ 1.60GHz,,,7.191,51.6006,7.873264312744141,machine,N,1.0
2025-07-02T13:04:26,ollama-chatbot,b00ca6e4-604d-4b55-a1a8-c1f5a5d9db6e,5b0fa12a-3dd7-45bb-9766-cc326314d9f1,87.15045220000002,0.0006455121146245,7.406870513341936e-06,60.0,0.0,10.0,0.0014524772266666,0,0.0002420026647222,0.0016944798913888,Germany,DEU,north rhine-westphalia,,,Windows-10-10.0.26100-SP0,3.11.0,3.0.1,8,Intel(R) Core(TM) i5-8250U CPU @ 1.60GHz,,,7.191,51.6006,7.873264312744141,machine,N,1.0
2025-07-02T13:04:37,ollama-chatbot,bfeda66d-64c2-43fa-a139-ff9240b0916f,5b0fa12a-3dd7-45bb-9766-cc326314d9f1,3.713121300000239,2.7500127594027816e-05,7.406202322026497e-06,60.0,0.0,10.0,6.188103166666678e-05,0,1.0307254444444426e-05,7.218828611111121e-05,Germany,DEU,north rhine-westphalia,,,Windows-10-10.0.26100-SP0,3.11.0,3.0.1,8,Intel(R) Core(TM) i5-8250U CPU @ 1.60GHz,,,7.191,51.6006,7.873264312744141,machine,N,1.0
2025-07-02T13:06:02,ollama-chatbot,55b1c017-4373-4266-9f47-934fb79ab8ae,5b0fa12a-3dd7-45bb-9766-cc326314d9f1,78.49399499999981,0.0005813871157258,7.406771890331316e-06,60.0,0.0,10.0,0.0013081970083333,0,0.0002179537088888,0.0015261507172222,Germany,DEU,north rhine-westphalia,,,Windows-10-10.0.26100-SP0,3.11.0,3.0.1,8,Intel(R) Core(TM) i5-8250U CPU @ 1.60GHz,,,7.191,51.6006,7.873264312744141,machine,N,1.0
2025-07-02T13:06:13,ollama-chatbot,e1c32ae4-672d-4ab1-a8aa-d34e97ed1598,5b0fa12a-3dd7-45bb-9766-cc326314d9f1,3.7629737000002015,2.786831502829148e-05,7.405928728199715e-06,60.0,0.0,10.0,6.271247333333274e-05,0,1.044231083333342e-05,7.315478416666616e-05,Germany,DEU,north rhine-westphalia,,,Windows-10-10.0.26100-SP0,3.11.0,3.0.1,8,Intel(R) Core(TM) i5-8250U CPU @ 1.60GHz,,,7.191,51.6006,7.873264312744141,machine,N,1.0
2025-07-02T13:07:21,ollama-chatbot,7b97506f-cc7a-404f-807b-c290fb00209f,5b0fa12a-3dd7-45bb-9766-cc326314d9f1,61.49547970000003,0.0004554871312828,7.406839226312618e-06,60.0,0.0,10.0,0.0010248989933333,0,0.0001707621991666,0.0011956611924999,Germany,DEU,north rhine-westphalia,,,Windows-10-10.0.26100-SP0,3.11.0,3.0.1,8,Intel(R) Core(TM) i5-8250U CPU @ 1.60GHz,,,7.191,51.6006,7.873264312744141,machine,N,1.0
2025-07-02T13:07:31,ollama-chatbot,394496ac-d51d-404f-a8fd-61dba07c051f,5b0fa12a-3dd7-45bb-9766-cc326314d9f1,3.4383433000002697,2.54657228488202e-05,7.406393319950976e-06,60.0,0.0,10.0,5.730314333333505e-05,0,9.544796944444695e-06,6.684794027777974e-05,Germany,DEU,north rhine-westphalia,,,Windows-10-10.0.26100-SP0,3.11.0,3.0.1,8,Intel(R) Core(TM) i5-8250U CPU @ 1.60GHz,,,7.191,51.6006,7.873264312744141,machine,N,1.0
2025-07-02T13:09:16,ollama-chatbot,eba601a7-a347-41a9-92b8-28c6283c7606,5b0fa12a-3dd7-45bb-9766-cc326314d9f1,97.56444820000024,0.0007226483007743,7.406881442029029e-06,60.0,0.0,10.0,0.0016260359599999,0,0.0002709276855555,0.0018969636455555,Germany,DEU,north rhine-westphalia,,,Windows-10-10.0.26100-SP0,3.11.0,3.0.1,8,Intel(R) Core(TM) i5-8250U CPU @ 1.60GHz,,,7.191,51.6006,7.873264312744141,machine,N,1.0
2025-07-02T13:09:27,ollama-chatbot,d0bbd0ed-7efa-4436-89b4-0e137c8442bc,5b0fa12a-3dd7-45bb-9766-cc326314d9f1,4.290950900000098,3.177747408795916e-05,7.4056951078042944e-06,60.0,0.0,10.0,7.150900833333556e-05,0,1.1907382499999938e-05,8.34163908333355e-05,Germany,DEU,north rhine-westphalia,,,Windows-10-10.0.26100-SP0,3.11.0,3.0.1,8,Intel(R) Core(TM) i5-8250U CPU @ 1.60GHz,,,7.191,51.6006,7.873264312744141,machine,N,1.0
2025-07-02T13:13:35,ollama-chatbot,2dd4d2c6-f2cc-4c57-a998-ff79da8bdd66,5b0fa12a-3dd7-45bb-9766-cc326314d9f1,64.99486669999987,0.0004814074482216,7.406853381879154e-06,60.0,0.0,10.0,0.0010832213016666,0,0.0001804811480555,0.0012637024497222,Germany,DEU,north rhine-westphalia,,,Windows-10-10.0.26100-SP0,3.11.0,3.0.1,8,Intel(R) Core(TM) i5-8250U CPU @ 1.60GHz,,,7.191,51.6006,7.873264312744141,machine,N,1.0
2025-07-02T13:13:46,ollama-chatbot,05f3c8aa-5eea-4213-a7e0-0044eabc69b8,5b0fa12a-3dd7-45bb-9766-cc326314d9f1,4.078219199999694,3.020494508034682e-05,7.4064054919728415e-06,60.0,0.0,10.0,6.796636499999901e-05,0,1.132211138888882e-05,7.928847638888783e-05,Germany,DEU,north rhine-westphalia,,,Windows-10-10.0.26100-SP0,3.11.0,3.0.1,8,Intel(R) Core(TM) i5-8250U CPU @ 1.60GHz,,,7.191,51.6006,7.873264312744141,machine,N,1.0
2025-07-02T13:15:05,ollama-chatbot,3127c5f4-13bd-4154-98ed-1ec8aa6f086d,5b0fa12a-3dd7-45bb-9766-cc326314d9f1,72.79643039999974,0.0005391988574993,7.406940897191428e-06,60.0,0.0,10.0,0.001213247295,0,0.0002021585522222,0.0014154058472222,Germany,DEU,north rhine-westphalia,,,Windows-10-10.0.26100-SP0,3.11.0,3.0.1,8,Intel(R) Core(TM) i5-8250U CPU @ 1.60GHz,,,7.191,51.6006,7.873264312744141,machine,N,1.0
2025-07-02T13:15:16,ollama-chatbot,6b5426bc-a512-465a-b908-7c0a95d9301b,5b0fa12a-3dd7-45bb-9766-cc326314d9f1,4.030199799999991,2.9849582433655177e-05,7.406477076807766e-06,60.0,0.0,10.0,6.716659833333931e-05,0,1.11890452777781e-05,7.835564361111741e-05,Germany,DEU,north rhine-westphalia,,,Windows-10-10.0.26100-SP0,3.11.0,3.0.1,8,Intel(R) Core(TM) i5-8250U CPU @ 1.60GHz,,,7.191,51.6006,7.873264312744141,machine,N,1.0
2025-07-02T13:16:55,ollama-chatbot,97cfe273-1f00-448c-83a4-efca0cf95cac,5b0fa12a-3dd7-45bb-9766-cc326314d9f1,91.5564502000002,0.000678151441527,7.406921522684816e-06,60.0,0.0,10.0,0.0015259104666666,0,0.0002542481933333,0.00178015866,Germany,DEU,north rhine-westphalia,,,Windows-10-10.0.26100-SP0,3.11.0,3.0.1,8,Intel(R) Core(TM) i5-8250U CPU @ 1.60GHz,,,7.191,51.6006,7.873264312744141,machine,N,1.0
2025-07-02T13:17:05,ollama-chatbot,91bbebcb-5bd9-4beb-9584-eb9c008d08c9,5b0fa12a-3dd7-45bb-9766-cc326314d9f1,3.576975400000265,2.64918352715572e-05,7.406211200545364e-06,60.0,0.0,10.0,5.961230500000359e-05,0,9.929197222222936e-06,6.954150222222652e-05,Germany,DEU,north rhine-westphalia,,,Windows-10-10.0.26100-SP0,3.11.0,3.0.1,8,Intel(R) Core(TM) i5-8250U CPU @ 1.60GHz,,,7.191,51.6006,7.873264312744141,machine,N,1.0
2025-07-02T13:18:24,ollama-chatbot,f1451b8d-9891-459e-9a24-6a3b7cebe01c,5b0fa12a-3dd7-45bb-9766-cc326314d9f1,72.06970449999972,0.0005338168424598,7.406952007966955e-06,60.0,0.0,10.0,0.0012011392483333,0,0.0002001387211111,0.0014012779694444,Germany,DEU,north rhine-westphalia,,,Windows-10-10.0.26100-SP0,3.11.0,3.0.1,8,Intel(R) Core(TM) i5-8250U CPU @ 1.60GHz,,,7.191,51.6006,7.873264312744141,machine,N,1.0
2025-07-02T13:18:34,ollama-chatbot,60169cb5-f7aa-4c0f-a780-052451f62f6d,5b0fa12a-3dd7-45bb-9766-cc326314d9f1,3.571487300000172,2.645175139509823e-05,7.406368600301885e-06,60.0,0.0,10.0,5.952170166666898e-05,0,9.914579722222548e-06,6.943628138889153e-05,Germany,DEU,north rhine-westphalia,,,Windows-10-10.0.26100-SP0,3.11.0,3.0.1,8,Intel(R) Core(TM) i5-8250U CPU @ 1.60GHz,,,7.191,51.6006,7.873264312744141,machine,N,1.0
2025-07-02T13:19:50,ollama-chatbot,4a3bd99f-ea3d-4542-937b-68dfdc9261ce,5b0fa12a-3dd7-45bb-9766-cc326314d9f1,69.01264339999989,0.0005111636391755,7.406811476743655e-06,60.0,0.0,10.0,0.0011501788983333,0,0.0001916340408333,0.0013418129391666,Germany,DEU,north rhine-westphalia,,,Windows-10-10.0.26100-SP0,3.11.0,3.0.1,8,Intel(R) Core(TM) i5-8250U CPU @ 1.60GHz,,,7.191,51.6006,7.873264312744141,machine,N,1.0
2025-07-02T13:20:01,ollama-chatbot,89149180-5cfb-470e-bbdd-1a0399a24c42,5b0fa12a-3dd7-45bb-9766-cc326314d9f1,4.082630399999744,3.0237526887290086e-05,7.4063836117254175e-06,60.0,0.0,10.0,6.803983666666227e-05,0,1.1334167500000247e-05,7.937400416666251e-05,Germany,DEU,north rhine-westphalia,,,Windows-10-10.0.26100-SP0,3.11.0,3.0.1,8,Intel(R) Core(TM) i5-8250U CPU @ 1.60GHz,,,7.191,51.6006,7.873264312744141,machine,N,1.0
2025-07-02T13:21:20,ollama-chatbot,81378e14-fdcf-40fb-808c-765af504bd6b,5b0fa12a-3dd7-45bb-9766-cc326314d9f1,72.19400170000017,0.0005347327087991,7.406885561230166e-06,60.0,0.0,10.0,0.001203205855,0,0.0002004762786111,0.0014036821336111,Germany,DEU,north rhine-westphalia,,,Windows-10-10.0.26100-SP0,3.11.0,3.0.1,8,Intel(R) Core(TM) i5-8250U CPU @ 1.60GHz,,,7.191,51.6006,7.873264312744141,machine,N,1.0
2025-07-02T13:21:30,ollama-chatbot,f21dfcd6-2e9a-4146-9b4f-249e6bb87557,5b0fa12a-3dd7-45bb-9766-cc326314d9f1,2.9705951000000823,2.200047551204262e-05,7.406083552767595e-06,60.0,0.0,10.0,4.950629333333533e-05,0,8.245315833333836e-06,5.775160916666917e-05,Germany,DEU,north rhine-westphalia,,,Windows-10-10.0.26100-SP0,3.11.0,3.0.1,8,Intel(R) Core(TM) i5-8250U CPU @ 1.60GHz,,,7.191,51.6006,7.873264312744141,machine,N,1.0
2025-07-02T13:22:40,ollama-chatbot,e05f950c-b551-425c-83d5-a1a0f583dc6b,5b0fa12a-3dd7-45bb-9766-cc326314d9f1,63.48419190000004,0.0004702164968957,7.40682810669475e-06,60.0,0.0,10.0,0.0010580428116666,0,0.0001762832072222,0.0012343260188888,Germany,DEU,north rhine-westphalia,,,Windows-10-10.0.26100-SP0,3.11.0,3.0.1,8,Intel(R) Core(TM) i5-8250U CPU @ 1.60GHz,,,7.191,51.6006,7.873264312744141,machine,N,1.0
2025-07-02T13:22:51,ollama-chatbot,417154e0-d4cc-4166-89fd-2d4bc6939088,5b0fa12a-3dd7-45bb-9766-cc326314d9f1,3.5588426999997864,2.6357870923652703e-05,7.406303999795856e-06,60.0,0.0,10.0,5.931049499999971e-05,0,9.879348611111203e-06,6.918984361111092e-05,Germany,DEU,north rhine-westphalia,,,Windows-10-10.0.26100-SP0,3.11.0,3.0.1,8,Intel(R) Core(TM) i5-8250U CPU @ 1.60GHz,,,7.191,51.6006,7.873264312744141,machine,N,1.0
2025-07-02T13:24:07,ollama-chatbot,0a4904e7-8847-4b0b-b742-683d489256bd,5b0fa12a-3dd7-45bb-9766-cc326314d9f1,69.45100460000003,0.000514422736478,7.4069876950061235e-06,60.0,0.0,10.0,0.0011574961716666,0,0.0001928719513888,0.0013503681230555,Germany,DEU,north rhine-westphalia,,,Windows-10-10.0.26100-SP0,3.11.0,3.0.1,8,Intel(R) Core(TM) i5-8250U CPU @ 1.60GHz,,,7.191,51.6006,7.873264312744141,machine,N,1.0
2025-07-02T13:24:20,ollama-chatbot,3c5f5768-5a6f-4e47-bff2-df4d0a866c97,5b0fa12a-3dd7-45bb-9766-cc326314d9f1,5.746351799999957,4.256103378023621e-05,7.406618192126095e-06,60.0,0.0,10.0,9.576785500000066e-05,0,1.5955556944444047e-05,0.0001117234119444,Germany,DEU,north rhine-westphalia,,,Windows-10-10.0.26100-SP0,3.11.0,3.0.1,8,Intel(R) Core(TM) i5-8250U CPU @ 1.60GHz,,,7.191,51.6006,7.873264312744141,machine,N,1.0
2025-07-02T13:25:47,ollama-chatbot,79d7d4b2-6a09-4965-adc6-ea5c6b6d5d8c,5b0fa12a-3dd7-45bb-9766-cc326314d9f1,79.60987179999984,0.0005896596670908,7.406866180769589e-06,60.0,0.0,10.0,0.0013267990966666,0,0.0002210672036111,0.0015478663002777,Germany,DEU,north rhine-westphalia,,,Windows-10-10.0.26100-SP0,3.11.0,3.0.1,8,Intel(R) Core(TM) i5-8250U CPU @ 1.60GHz,,,7.191,51.6006,7.873264312744141,machine,N,1.0
2025-07-02T13:25:57,ollama-chatbot,e09ed710-52db-4f53-b604-879d5d8e1cde,5b0fa12a-3dd7-45bb-9766-cc326314d9f1,3.547309399999904,2.627222045368001e-05,7.406238783028266e-06,60.0,0.0,10.0,5.91176349999993e-05,0,9.847374722221505e-06,6.89650097222208e-05,Germany,DEU,north rhine-westphalia,,,Windows-10-10.0.26100-SP0,3.11.0,3.0.1,8,Intel(R) Core(TM) i5-8250U CPU @ 1.60GHz,,,7.191,51.6006,7.873264312744141,machine,N,1.0
2025-07-02T13:27:29,ollama-chatbot,3b124aeb-a2b8-4665-801d-d3fbcd6e9a81,5b0fa12a-3dd7-45bb-9766-cc326314d9f1,84.8986476,0.000628836451864,7.406907761673336e-06,60.0,0.0,10.0,0.0014149468999999,0,0.0002357591030555,0.0016507060030555,Germany,DEU,north rhine-westphalia,,,Windows-10-10.0.26100-SP0,3.11.0,3.0.1,8,Intel(R) Core(TM) i5-8250U CPU @ 1.60GHz,,,7.191,51.6006,7.873264312744141,machine,N,1.0
2025-07-02T13:27:39,ollama-chatbot,2f12b183-134a-494f-a9d6-f80a3406df7b,5b0fa12a-3dd7-45bb-9766-cc326314d9f1,3.463425300000381,2.5650836929945964e-05,7.406204756298091e-06,60.0,0.0,10.0,5.771934333333775e-05,0,9.614524444444011e-06,6.733386777778176e-05,Germany,DEU,north rhine-westphalia,,,Windows-10-10.0.26100-SP0,3.11.0,3.0.1,8,Intel(R) Core(TM) i5-8250U CPU @ 1.60GHz,,,7.191,51.6006,7.873264312744141,machine,N,1.0
2025-07-02T13:28:48,ollama-chatbot,b02d0818-1923-473f-874c-3a4636912851,5b0fa12a-3dd7-45bb-9766-cc326314d9f1,61.86419810000007,0.0004582255926859,7.406959222929188e-06,60.0,0.0,10.0,0.0010310510816666,0,0.0001717986169444,0.0012028496986111,Germany,DEU,north rhine-westphalia,,,Windows-10-10.0.26100-SP0,3.11.0,3.0.1,8,Intel(R) Core(TM) i5-8250U CPU @ 1.60GHz,,,7.191,51.6006,7.873264312744141,machine,N,1.0
2025-07-02T13:28:59,ollama-chatbot,9ae6e922-078a-45ce-b928-85b85d5a9e3d,5b0fa12a-3dd7-45bb-9766-cc326314d9f1,4.012306899999203,2.9716320197760696e-05,7.406292922848598e-06,60.0,0.0,10.0,6.686680166665913e-05,0,1.1139026388888045e-05,7.800582805554717e-05,Germany,DEU,north rhine-westphalia,,,Windows-10-10.0.26100-SP0,3.11.0,3.0.1,8,Intel(R) Core(TM) i5-8250U CPU @ 1.60GHz,,,7.191,51.6006,7.873264312744141,machine,N,1.0
2025-07-02T13:30:15,ollama-chatbot,3d3aefd7-555d-475a-9846-98484fe32d7e,5b0fa12a-3dd7-45bb-9766-cc326314d9f1,69.14524840000013,0.0005121548537211,7.406942133729378e-06,60.0,0.0,10.0,0.0011523981116666,0,0.0001920167819444,0.001344414893611,Germany,DEU,north rhine-westphalia,,,Windows-10-10.0.26100-SP0,3.11.0,3.0.1,8,Intel(R) Core(TM) i5-8250U CPU @ 1.60GHz,,,7.191,51.6006,7.873264312744141,machine,N,1.0
2025-07-02T13:30:26,ollama-chatbot,c6ae6da8-5d20-4480-912b-cb98cd551ed6,5b0fa12a-3dd7-45bb-9766-cc326314d9f1,3.837305099999867,2.8420617396484e-05,7.406400235541599e-06,60.0,0.0,10.0,6.395149333332787e-05,0,1.0653093611111016e-05,7.460458694443889e-05,Germany,DEU,north rhine-westphalia,,,Windows-10-10.0.26100-SP0,3.11.0,3.0.1,8,Intel(R) Core(TM) i5-8250U CPU @ 1.60GHz,,,7.191,51.6006,7.873264312744141,machine,N,1.0
2025-07-02T13:31:52,ollama-chatbot,fa0d9754-243b-4ec4-9920-a64dea331242,5b0fa12a-3dd7-45bb-9766-cc326314d9f1,79.08157399999982,0.0005857489722735,7.406895723567109e-06,60.0,0.0,10.0,0.0013179934883333,0,0.0002196071738888,0.0015376006622222,Germany,DEU,north rhine-westphalia,,,Windows-10-10.0.26100-SP0,3.11.0,3.0.1,8,Intel(R) Core(TM) i5-8250U CPU @ 1.60GHz,,,7.191,51.6006,7.873264312744141,machine,N,1.0
2025-07-02T13:32:03,ollama-chatbot,dec640f1-63f0-489c-8e45-522e055c15de,5b0fa12a-3dd7-45bb-9766-cc326314d9f1,4.358598800000436,3.228175813193193e-05,7.406453223437014e-06,60.0,0.0,10.0,7.263906666667025e-05,0,1.2101078055555568e-05,8.474014472222583e-05,Germany,DEU,north rhine-westphalia,,,Windows-10-10.0.26100-SP0,3.11.0,3.0.1,8,Intel(R) Core(TM) i5-8250U CPU @ 1.60GHz,,,7.191,51.6006,7.873264312744141,machine,N,1.0
2025-07-02T13:33:33,ollama-chatbot,05a16ce1-c6ab-4951-832e-af805b446fb6,5b0fa12a-3dd7-45bb-9766-cc326314d9f1,82.66633730000012,0.0006123055967698,7.406952052898108e-06,60.0,0.0,10.0,0.0013777431249999,0,0.0002295691122222,0.0016073122372222,Germany,DEU,north rhine-westphalia,,,Windows-10-10.0.26100-SP0,3.11.0,3.0.1,8,Intel(R) Core(TM) i5-8250U CPU @ 1.60GHz,,,7.191,51.6006,7.873264312744141,machine,N,1.0
2025-07-02T13:33:43,ollama-chatbot,e4ec96f4-4280-4978-8982-df17fc91351e,5b0fa12a-3dd7-45bb-9766-cc326314d9f1,3.475988099999995,2.5744410736637857e-05,7.406357558197018e-06,60.0,0.0,10.0,5.793001333333146e-05,0,9.649487222221371e-06,6.757950055555284e-05,Germany,DEU,north rhine-westphalia,,,Windows-10-10.0.26100-SP0,3.11.0,3.0.1,8,Intel(R) Core(TM) i5-8250U CPU @ 1.60GHz,,,7.191,51.6006,7.873264312744141,machine,N,1.0
2025-07-02T13:35:04,ollama-chatbot,0ebbcbe4-5357-43a9-8f57-eb18506b36e6,5b0fa12a-3dd7-45bb-9766-cc326314d9f1,73.59542460000011,0.0005451175764859,7.406949269587191e-06,60.0,0.0,10.0,0.0012265650266667,0,0.000204377555,0.0014309425816667,Germany,DEU,north rhine-westphalia,,,Windows-10-10.0.26100-SP0,3.11.0,3.0.1,8,Intel(R) Core(TM) i5-8250U CPU @ 1.60GHz,,,7.191,51.6006,7.873264312744141,machine,N,1.0
2025-07-02T13:35:14,ollama-chatbot,f7bcb229-fe65-4826-be3e-6b3d82e91d8e,5b0fa12a-3dd7-45bb-9766-cc326314d9f1,3.4221514000000752,2.534604433755575e-05,7.406464932426775e-06,60.0,0.0,10.0,5.703333833333393e-05,0,9.500443888888791e-06,6.653378222222273e-05,Germany,DEU,north rhine-westphalia,,,Windows-10-10.0.26100-SP0,3.11.0,3.0.1,8,Intel(R) Core(TM) i5-8250U CPU @ 1.60GHz,,,7.191,51.6006,7.873264312744141,machine,N,1.0
2025-07-02T13:36:41,ollama-chatbot,7909a516-ddb0-4dcd-9c6e-6f9e03070f88,5b0fa12a-3dd7-45bb-9766-cc326314d9f1,79.97597899999982,0.0005923744005998,7.406904023016927e-06,60.0,0.0,10.0,0.0013329034399999,0,0.0002220890802777,0.0015549925202777,Germany,DEU,north rhine-westphalia,,,Windows-10-10.0.26100-SP0,3.11.0,3.0.1,8,Intel(R) Core(TM) i5-8250U CPU @ 1.60GHz,,,7.191,51.6006,7.873264312744141,machine,N,1.0
2025-07-02T13:36:51,ollama-chatbot,79f59e37-8f88-449f-a006-995583b60da3,5b0fa12a-3dd7-45bb-9766-cc326314d9f1,3.4960503000002063,2.589300546929445e-05,7.406359533583635e-06,60.0,0.0,10.0,5.8264410000007655e-05,0,9.705154166666335e-06,6.796956416667399e-05,Germany,DEU,north rhine-westphalia,,,Windows-10-10.0.26100-SP0,3.11.0,3.0.1,8,Intel(R) Core(TM) i5-8250U CPU @ 1.60GHz,,,7.191,51.6006,7.873264312744141,machine,N,1.0
2025-07-02T13:38:01,ollama-chatbot,3893e28f-c58f-424a-81df-798e7ddd3761,5b0fa12a-3dd7-45bb-9766-cc326314d9f1,62.68531900000016,0.0004643010777826,7.406855148693963e-06,60.0,0.0,10.0,0.0010447281533333,0,0.0001740697933333,0.0012187979466666,Germany,DEU,north rhine-westphalia,,,Windows-10-10.0.26100-SP0,3.11.0,3.0.1,8,Intel(R) Core(TM) i5-8250U CPU @ 1.60GHz,,,7.191,51.6006,7.873264312744141,machine,N,1.0
2025-07-02T13:38:12,ollama-chatbot,f8fea958-e0d5-4d6e-8fc8-d01ad11e14ac,5b0fa12a-3dd7-45bb-9766-cc326314d9f1,3.778762199999619,2.7986885292511624e-05,7.406363198116686e-06,60.0,0.0,10.0,6.29755199999939e-05,0,1.0490513055555717e-05,7.346603305554961e-05,Germany,DEU,north rhine-westphalia,,,Windows-10-10.0.26100-SP0,3.11.0,3.0.1,8,Intel(R) Core(TM) i5-8250U CPU @ 1.60GHz,,,7.191,51.6006,7.873264312744141,machine,N,1.0
2025-07-02T13:39:34,ollama-chatbot,d877d97b-7787-4afc-a6f9-e3b1c315e167,5b0fa12a-3dd7-45bb-9766-cc326314d9f1,75.8038016999999,0.0005614724558545,7.406916846686136e-06,60.0,0.0,10.0,0.0012633665083333,0,0.0002105079,0.0014738744083333,Germany,DEU,north rhine-westphalia,,,Windows-10-10.0.26100-SP0,3.11.0,3.0.1,8,Intel(R) Core(TM) i5-8250U CPU @ 1.60GHz,,,7.191,51.6006,7.873264312744141,machine,N,1.0
2025-07-02T13:39:46,ollama-chatbot,53c4dd92-3b45-43fa-9eaa-6729c6d51278,5b0fa12a-3dd7-45bb-9766-cc326314d9f1,4.309957899999972,3.192167202269612e-05,7.406492769383275e-06,60.0,0.0,10.0,7.182873833333663e-05,0,1.1966174444445544e-05,8.379491277778217e-05,Germany,DEU,north rhine-westphalia,,,Windows-10-10.0.26100-SP0,3.11.0,3.0.1,8,Intel(R) Core(TM) i5-8250U CPU @ 1.60GHz,,,7.191,51.6006,7.873264312744141,machine,N,1.0
2025-07-02T13:41:06,ollama-chatbot,8858d607-1c0b-4b48-b89a-bd7a9971ec1b,5b0fa12a-3dd7-45bb-9766-cc326314d9f1,73.41940489999979,0.0005438165025012,7.406985976554447e-06,60.0,0.0,10.0,0.0012236354083333,0,0.0002038918327777,0.001427527241111,Germany,DEU,north rhine-westphalia,,,Windows-10-10.0.26100-SP0,3.11.0,3.0.1,8,Intel(R) Core(TM) i5-8250U CPU @ 1.60GHz,,,7.191,51.6006,7.873264312744141,machine,N,1.0
2025-07-02T13:41:16,ollama-chatbot,47acb2c5-399c-4323-814e-1aa94687d8ae,5b0fa12a-3dd7-45bb-9766-cc326314d9f1,3.471354799999972,2.5709747778679107e-05,7.406257573751699e-06,60.0,0.0,10.0,5.785196333332957e-05,0,9.636546388888848e-06,6.748850972221841e-05,Germany,DEU,north rhine-westphalia,,,Windows-10-10.0.26100-SP0,3.11.0,3.0.1,8,Intel(R) Core(TM) i5-8250U CPU @ 1.60GHz,,,7.191,51.6006,7.873264312744141,machine,N,1.0
2025-07-02T13:42:19,ollama-chatbot,92c99130-433b-4d41-ac61-3c44117cadc9,5b0fa12a-3dd7-45bb-9766-cc326314d9f1,55.79833009999948,0.0004132968898941,7.406975964217546e-06,60.0,0.0,10.0,0.0009299554216666,0,0.0001549556949999,0.0010849111166666,Germany,DEU,north rhine-westphalia,,,Windows-10-10.0.26100-SP0,3.11.0,3.0.1,8,Intel(R) Core(TM) i5-8250U CPU @ 1.60GHz,,,7.191,51.6006,7.873264312744141,machine,N,1.0
2025-07-02T13:42:30,ollama-chatbot,be52bac7-7d5b-4478-90cd-c978f22c717b,5b0fa12a-3dd7-45bb-9766-cc326314d9f1,3.7712209000001167,2.793022554081748e-05,7.40614943580118e-06,60.0,0.0,10.0,6.284977499999514e-05,0,1.046752527777749e-05,7.331730027777262e-05,Germany,DEU,north rhine-westphalia,,,Windows-10-10.0.26100-SP0,3.11.0,3.0.1,8,Intel(R) Core(TM) i5-8250U CPU @ 1.60GHz,,,7.191,51.6006,7.873264312744141,machine,N,1.0
2025-07-02T13:43:52,ollama-chatbot,5eba73d6-c35e-468c-acd3-d15188f89a7b,5b0fa12a-3dd7-45bb-9766-cc326314d9f1,75.23449179999989,0.0005572537284651,7.406891641490393e-06,60.0,0.0,10.0,0.00125388292,0,0.0002089172597222,0.0014628001797222,Germany,DEU,north rhine-westphalia,,,Windows-10-10.0.26100-SP0,3.11.0,3.0.1,8,Intel(R) Core(TM) i5-8250U CPU @ 1.60GHz,,,7.191,51.6006,7.873264312744141,machine,N,1.0
2025-07-02T13:44:03,ollama-chatbot,4f3c6bb3-133a-4c00-91c9-02a642962bdc,5b0fa12a-3dd7-45bb-9766-cc326314d9f1,4.121774000000187,3.052738750951385e-05,7.406371021194385e-06,60.0,0.0,10.0,6.869189499999872e-05,0,1.1442998055556728e-05,8.013489305555545e-05,Germany,DEU,north rhine-westphalia,,,Windows-10-10.0.26100-SP0,3.11.0,3.0.1,8,Intel(R) Core(TM) i5-8250U CPU @ 1.60GHz,,,7.191,51.6006,7.873264312744141,machine,N,1.0
2025-07-02T13:45:49,ollama-chatbot,58e19862-5fe1-4c77-b23d-4abf6c9c4845,5b0fa12a-3dd7-45bb-9766-cc326314d9f1,98.95084419999966,0.0007329213483134,7.406923652233746e-06,60.0,0.0,10.0,0.00164914436,0,0.0002747862038888,0.0019239305638888,Germany,DEU,north rhine-westphalia,,,Windows-10-10.0.26100-SP0,3.11.0,3.0.1,8,Intel(R) Core(TM) i5-8250U CPU @ 1.60GHz,,,7.191,51.6006,7.873264312744141,machine,N,1.0
2025-07-02T13:46:00,ollama-chatbot,fc12d087-6e0d-4981-b4d2-990ed91247f9,5b0fa12a-3dd7-45bb-9766-cc326314d9f1,3.762263100000382,2.786442362404097e-05,7.406293202630656e-06,60.0,0.0,10.0,6.270003999999668e-05,0,1.0444529166668165e-05,7.314456916666484e-05,Germany,DEU,north rhine-westphalia,,,Windows-10-10.0.26100-SP0,3.11.0,3.0.1,8,Intel(R) Core(TM) i5-8250U CPU @ 1.60GHz,,,7.191,51.6006,7.873264312744141,machine,N,1.0
2025-07-02T13:47:10,ollama-chatbot,c82a32ac-4517-472c-93b0-d8316f7130cf,5b0fa12a-3dd7-45bb-9766-cc326314d9f1,62.94905919999928,0.0004662611928334,7.406960465478449e-06,60.0,0.0,10.0,0.0010491315366666,0,0.0001748117441666,0.0012239432808333,Germany,DEU,north rhine-westphalia,,,Windows-10-10.0.26100-SP0,3.11.0,3.0.1,8,Intel(R) Core(TM) i5-8250U CPU @ 1.60GHz,,,7.191,51.6006,7.873264312744141,machine,N,1.0
2025-07-02T13:47:20,ollama-chatbot,16f5ce9b-7d18-460e-aea6-be75c0ad8559,5b0fa12a-3dd7-45bb-9766-cc326314d9f1,3.581054199999926,2.6522306298044465e-05,7.406284523156621e-06,60.0,0.0,10.0,5.9680176666673415e-05,0,9.9413125000006e-06,6.962148916667401e-05,Germany,DEU,north rhine-westphalia,,,Windows-10-10.0.26100-SP0,3.11.0,3.0.1,8,Intel(R) Core(TM) i5-8250U CPU @ 1.60GHz,,,7.191,51.6006,7.873264312744141,machine,N,1.0
2025-07-02T13:48:38,ollama-chatbot,7684debc-542b-493f-82c6-f41616b7669c,5b0fa12a-3dd7-45bb-9766-cc326314d9f1,71.32078760000059,0.0005282699856993,7.406956701910511e-06,60.0,0.0,10.0,0.0011886557083333,0,0.0001980616711111,0.0013867173794444,Germany,DEU,north rhine-westphalia,,,Windows-10-10.0.26100-SP0,3.11.0,3.0.1,8,Intel(R) Core(TM) i5-8250U CPU @ 1.60GHz,,,7.191,51.6006,7.873264312744141,machine,N,1.0
2025-07-02T13:48:49,ollama-chatbot,41c7fb52-0af9-4d35-9272-05220328ac5f,5b0fa12a-3dd7-45bb-9766-cc326314d9f1,3.7321235999997953,2.764190184020465e-05,7.406480814356248e-06,60.0,0.0,10.0,6.219897166665759e-05,0,1.0361474166666083e-05,7.256044583332368e-05,Germany,DEU,north rhine-westphalia,,,Windows-10-10.0.26100-SP0,3.11.0,3.0.1,8,Intel(R) Core(TM) i5-8250U CPU @ 1.60GHz,,,7.191,51.6006,7.873264312744141,machine,N,1.0
2025-07-02T13:49:58,ollama-chatbot,6bc30779-56fa-48b7-98a9-28ce8244f000,5b0fa12a-3dd7-45bb-9766-cc326314d9f1,62.00122050000027,0.0004592289316001,7.406772445716445e-06,60.0,0.0,10.0,0.00103332361,0,0.0001721598697222,0.0012054834797222,Germany,DEU,north rhine-westphalia,,,Windows-10-10.0.26100-SP0,3.11.0,3.0.1,8,Intel(R) Core(TM) i5-8250U CPU @ 1.60GHz,,,7.191,51.6006,7.873264312744141,machine,N,1.0
2025-07-02T13:50:08,ollama-chatbot,c7e70d92-28db-4e38-86e2-ec622b7d89e9,5b0fa12a-3dd7-45bb-9766-cc326314d9f1,3.5239071000005424,2.609951624208436e-05,7.406414386486052e-06,60.0,0.0,10.0,5.872874833333602e-05,0,9.782910000000003e-06,6.851165833333603e-05,Germany,DEU,north rhine-westphalia,,,Windows-10-10.0.26100-SP0,3.11.0,3.0.1,8,Intel(R) Core(TM) i5-8250U CPU @ 1.60GHz,,,7.191,51.6006,7.873264312744141,machine,N,1.0
2025-07-02T13:51:49,ollama-chatbot,f9671ef6-f260-4420-978e-a48be473781c,5b0fa12a-3dd7-45bb-9766-cc326314d9f1,94.27638800000022,0.0006982891042372,7.406829207725338e-06,60.0,0.0,10.0,0.0015712279333333,0,0.0002617924216666,0.0018330203549999,Germany,DEU,north rhine-westphalia,,,Windows-10-10.0.26100-SP0,3.11.0,3.0.1,8,Intel(R) Core(TM) i5-8250U CPU @ 1.60GHz,,,7.191,51.6006,7.873264312744141,machine,N,1.0
2025-07-02T13:52:00,ollama-chatbot,1d56900c-aa8e-4768-b7b2-89f6578e643e,5b0fa12a-3dd7-45bb-9766-cc326314d9f1,3.689806200000021,2.732816856295341e-05,7.4063967270024255e-06,60.0,0.0,10.0,6.149317499998688e-05,0,1.024371583333353e-05,7.17368908333204e-05,Germany,DEU,north rhine-westphalia,,,Windows-10-10.0.26100-SP0,3.11.0,3.0.1,8,Intel(R) Core(TM) i5-8250U CPU @ 1.60GHz,,,7.191,51.6006,7.873264312744141,machine,N,1.0
2025-07-02T13:53:44,ollama-chatbot,ad3da288-2f5f-4028-9226-efa6a855594b,5b0fa12a-3dd7-45bb-9766-cc326314d9f1,97.4112696000002,0.0007215141814076,7.406886126938016e-06,60.0,0.0,10.0,0.0016234841883333,0,0.0002705023752777,0.0018939865636111,Germany,DEU,north rhine-westphalia,,,Windows-10-10.0.26100-SP0,3.11.0,3.0.1,8,Intel(R) Core(TM) i5-8250U CPU @ 1.60GHz,,,7.191,51.6006,7.873264312744141,machine,N,1.0
2025-07-02T13:53:55,ollama-chatbot,92f5d672-09a8-43c6-ae47-fa4199c00c88,5b0fa12a-3dd7-45bb-9766-cc326314d9f1,3.883106199999929,2.8759449458663484e-05,7.40630000247328e-06,60.0,0.0,10.0,6.47149283333268e-05,0,1.0779098333331505e-05,7.549402666665831e-05,Germany,DEU,north rhine-westphalia,,,Windows-10-10.0.26100-SP0,3.11.0,3.0.1,8,Intel(R) Core(TM) i5-8250U CPU @ 1.60GHz,,,7.191,51.6006,7.873264312744141,machine,N,1.0
2025-07-02T13:55:17,ollama-chatbot,9386cbd8-866b-4a27-8973-d301f7c0438d,5b0fa12a-3dd7-45bb-9766-cc326314d9f1,74.88950349999959,0.000554707169249,7.4070082364613985e-06,60.0,0.0,10.0,0.00124813675,0,0.00020797867,0.00145611542,Germany,DEU,north rhine-westphalia,,,Windows-10-10.0.26100-SP0,3.11.0,3.0.1,8,Intel(R) Core(TM) i5-8250U CPU @ 1.60GHz,,,7.191,51.6006,7.873264312744141,machine,N,1.0
2025-07-02T13:55:30,ollama-chatbot,b88d26fb-4db5-4606-929d-b0dac7c00328,5b0fa12a-3dd7-45bb-9766-cc326314d9f1,5.698402199999691,4.220658975213836e-05,7.406741095274153e-06,60.0,0.0,10.0,9.496981333333377e-05,0,1.582317722222039e-05,0.0001107929905555,Germany,DEU,north rhine-westphalia,,,Windows-10-10.0.26100-SP0,3.11.0,3.0.1,8,Intel(R) Core(TM) i5-8250U CPU @ 1.60GHz,,,7.191,51.6006,7.873264312744141,machine,N,1.0
2025-07-02T13:56:52,ollama-chatbot,2852c979-377d-43ed-8faa-17e03b1d9793,5b0fa12a-3dd7-45bb-9766-cc326314d9f1,75.66835989999981,0.0005604705474075,7.406933996564202e-06,60.0,0.0,10.0,0.001261112295,0,0.0002101320872222,0.0014712443822222,Germany,DEU,north rhine-westphalia,,,Windows-10-10.0.26100-SP0,3.11.0,3.0.1,8,Intel(R) Core(TM) i5-8250U CPU @ 1.60GHz,,,7.191,51.6006,7.873264312744141,machine,N,1.0
2025-07-02T13:57:03,ollama-chatbot,83993fc9-4056-4a72-8035-721d44b74ca6,5b0fa12a-3dd7-45bb-9766-cc326314d9f1,3.85335269999996,2.8539532737917947e-05,7.406415908390178e-06,60.0,0.0,10.0,6.421891666667155e-05,0,1.0697824999998477e-05,7.491674166667003e-05,Germany,DEU,north rhine-westphalia,,,Windows-10-10.0.26100-SP0,3.11.0,3.0.1,8,Intel(R) Core(TM) i5-8250U CPU @ 1.60GHz,,,7.191,51.6006,7.873264312744141,machine,N,1.0
2025-07-02T13:58:14,ollama-chatbot,38a9f173-6cdb-4cbd-868f-e03889e201b8,5b0fa12a-3dd7-45bb-9766-cc326314d9f1,63.94725240000025,0.0004736536529795,7.406942991338002e-06,60.0,0.0,10.0,0.00106576535,0,0.00017758326,0.00124334861,Germany,DEU,north rhine-westphalia,,,Windows-10-10.0.26100-SP0,3.11.0,3.0.1,8,Intel(R) Core(TM) i5-8250U CPU @ 1.60GHz,,,7.191,51.6006,7.873264312744141,machine,N,1.0
2025-07-02T13:58:24,ollama-chatbot,35a206ec-fbf9-41b9-ad0c-5a4cddf2a7b1,5b0fa12a-3dd7-45bb-9766-cc326314d9f1,3.5127937999996,2.601607030859379e-05,7.406090932122676e-06,60.0,0.0,10.0,5.854125999999269e-05,0,9.751351388887187e-06,6.829261138887987e-05,Germany,DEU,north rhine-westphalia,,,Windows-10-10.0.26100-SP0,3.11.0,3.0.1,8,Intel(R) Core(TM) i5-8250U CPU @ 1.60GHz,,,7.191,51.6006,7.873264312744141,machine,N,1.0
2025-07-02T13:59:22,ollama-chatbot,1a40d197-cfa3-4044-af1c-585ea85b087c,5b0fa12a-3dd7-45bb-9766-cc326314d9f1,51.08523260000038,0.0003783872519961,7.4069791354167874e-06,60.0,0.0,10.0,0.0008514021083333,0,0.0001418706361111,0.0009932727444444,Germany,DEU,north rhine-westphalia,,,Windows-10-10.0.26100-SP0,3.11.0,3.0.1,8,Intel(R) Core(TM) i5-8250U CPU @ 1.60GHz,,,7.191,51.6006,7.873264312744141,machine,N,1.0
2025-07-02T13:59:33,ollama-chatbot,92337c69-25a1-4dfc-83df-e280462fbacc,5b0fa12a-3dd7-45bb-9766-cc326314d9f1,3.712422200000219,2.74954495280274e-05,7.406336899942517e-06,60.0,0.0,10.0,6.186970333333192e-05,0,1.0306302777778204e-05,7.217600611111012e-05,Germany,DEU,north rhine-westphalia,,,Windows-10-10.0.26100-SP0,3.11.0,3.0.1,8,Intel(R) Core(TM) i5-8250U CPU @ 1.60GHz,,,7.191,51.6006,7.873264312744141,machine,N,1.0
2025-07-02T14:00:54,ollama-chatbot,e8122708-d02b-4cdb-aa4a-4662b9f206ea,5b0fa12a-3dd7-45bb-9766-cc326314d9f1,73.76029410000046,0.0005463406291592,7.406974657917494e-06,60.0,0.0,10.0,0.0012293143633333,0,0.0002048387516666,0.0014341531149999,Germany,DEU,north rhine-westphalia,,,Windows-10-10.0.26100-SP0,3.11.0,3.0.1,8,Intel(R) Core(TM) i5-8250U CPU @ 1.60GHz,,,7.191,51.6006,7.873264312744141,machine,N,1.0
2025-07-02T14:01:05,ollama-chatbot,7fffbe1b-227f-415d-a613-05c9226ecb84,5b0fa12a-3dd7-45bb-9766-cc326314d9f1,3.912941000000501,2.898068384313806e-05,7.406368724479707e-06,60.0,0.0,10.0,6.521144166666393e-05,0,1.0863328888889454e-05,7.607477055555338e-05,Germany,DEU,north rhine-westphalia,,,Windows-10-10.0.26100-SP0,3.11.0,3.0.1,8,Intel(R) Core(TM) i5-8250U CPU @ 1.60GHz,,,7.191,51.6006,7.873264312744141,machine,N,1.0
2025-07-02T14:02:21,ollama-chatbot,95a556df-5323-4e07-abeb-e52204b7ce4a,5b0fa12a-3dd7-45bb-9766-cc326314d9f1,69.4798424999999,0.0005146348590675,7.406966402774721e-06,60.0,0.0,10.0,0.0011579767066666,0,0.0001929482416666,0.0013509249483333,Germany,DEU,north rhine-westphalia,,,Windows-10-10.0.26100-SP0,3.11.0,3.0.1,8,Intel(R) Core(TM) i5-8250U CPU @ 1.60GHz,,,7.191,51.6006,7.873264312744141,machine,N,1.0
2025-07-02T14:02:32,ollama-chatbot,861bb683-d4ce-4d8d-8b33-0d9106beb322,5b0fa12a-3dd7-45bb-9766-cc326314d9f1,3.6106933000000936,2.6741925983613213e-05,7.40631334807986e-06,60.0,0.0,10.0,6.017433833333901e-05,0,1.0023656111110946e-05,7.019799444444996e-05,Germany,DEU,north rhine-westphalia,,,Windows-10-10.0.26100-SP0,3.11.0,3.0.1,8,Intel(R) Core(TM) i5-8250U CPU @ 1.60GHz,,,7.191,51.6006,7.873264312744141,machine,N,1.0
2025-07-02T14:03:57,ollama-chatbot,f4d3e12b-9c88-4677-aa82-c445014dfb1b,5b0fa12a-3dd7-45bb-9766-cc326314d9f1,78.36116069999935,0.0005804123047813,7.406887539650505e-06,60.0,0.0,10.0,0.001305987675,0,0.0002176041474999,0.0015235918225,Germany,DEU,north rhine-westphalia,,,Windows-10-10.0.26100-SP0,3.11.0,3.0.1,8,Intel(R) Core(TM) i5-8250U CPU @ 1.60GHz,,,7.191,51.6006,7.873264312744141,machine,N,1.0
2025-07-02T14:04:08,ollama-chatbot,b1c2952f-05cc-450f-8961-6e8bf193e2e0,5b0fa12a-3dd7-45bb-9766-cc326314d9f1,4.170671900000343,3.088972937184599e-05,7.406415587820142e-06,60.0,0.0,10.0,6.950701666666343e-05,0,1.1579029722222209e-05,8.108604638888564e-05,Germany,DEU,north rhine-westphalia,,,Windows-10-10.0.26100-SP0,3.11.0,3.0.1,8,Intel(R) Core(TM) i5-8250U CPU @ 1.60GHz,,,7.191,51.6006,7.873264312744141,machine,N,1.0
2025-07-02T14:05:34,ollama-chatbot,6d288b77-18ff-448e-8ed4-48b2343a7e16,5b0fa12a-3dd7-45bb-9766-cc326314d9f1,79.14148639999985,0.0005861968158237,7.406947259758805e-06,60.0,0.0,10.0,0.0013189976566666,0,0.0002197786022222,0.0015387762588888,Germany,DEU,north rhine-westphalia,,,Windows-10-10.0.26100-SP0,3.11.0,3.0.1,8,Intel(R) Core(TM) i5-8250U CPU @ 1.60GHz,,,7.191,51.6006,7.873264312744141,machine,N,1.0
2025-07-02T14:05:45,ollama-chatbot,7e543733-12ba-4b99-a92d-a72be72884a0,5b0fa12a-3dd7-45bb-9766-cc326314d9f1,3.728788899999927,2.7616422211099552e-05,7.406271299268268e-06,60.0,0.0,10.0,6.214203333333898e-05,0,1.0351528055556024e-05,7.2493561388895e-05,Germany,DEU,north rhine-westphalia,,,Windows-10-10.0.26100-SP0,3.11.0,3.0.1,8,Intel(R) Core(TM) i5-8250U CPU @ 1.60GHz,,,7.191,51.6006,7.873264312744141,machine,N,1.0
2025-07-02T14:07:17,ollama-chatbot,1971bede-2843-486c-91e8-fa74e91d3bc1,5b0fa12a-3dd7-45bb-9766-cc326314d9f1,85.31681119999939,0.000631943069802,7.407016986612798e-06,60.0,0.0,10.0,0.0014219225016666,0,0.0002369384244444,0.0016588609261111,Germany,DEU,north rhine-westphalia,,,Windows-10-10.0.26100-SP0,3.11.0,3.0.1,8,Intel(R) Core(TM) i5-8250U CPU @ 1.60GHz,,,7.191,51.6006,7.873264312744141,machine,N,1.0
2025-07-02T14:07:28,ollama-chatbot,adc52a28-cd53-48dd-9e82-066bbd2e705a,5b0fa12a-3dd7-45bb-9766-cc326314d9f1,3.5873022999994646,2.65682782858435e-05,7.406199997654913e-06,60.0,0.0,10.0,5.978394833332459e-05,0,9.958218055554528e-06,6.974216638887911e-05,Germany,DEU,north rhine-westphalia,,,Windows-10-10.0.26100-SP0,3.11.0,3.0.1,8,Intel(R) Core(TM) i5-8250U CPU @ 1.60GHz,,,7.191,51.6006,7.873264312744141,machine,N,1.0
2025-07-02T14:08:34,ollama-chatbot,d33f9784-c209-4ff4-a5d1-3e82bf15c87a,5b0fa12a-3dd7-45bb-9766-cc326314d9f1,59.516264500000034,0.0004408363416868,7.406989423653487e-06,60.0,0.0,10.0,0.0009919186633333,0,0.0001652839661111,0.0011572026294444,Germany,DEU,north rhine-westphalia,,,Windows-10-10.0.26100-SP0,3.11.0,3.0.1,8,Intel(R) Core(TM) i5-8250U CPU @ 1.60GHz,,,7.191,51.6006,7.873264312744141,machine,N,1.0
2025-07-02T14:08:45,ollama-chatbot,3227f38b-259d-4d42-a76c-110562b2501b,5b0fa12a-3dd7-45bb-9766-cc326314d9f1,4.203798099999403,3.113492805098601e-05,7.406380447003492e-06,60.0,0.0,10.0,7.005906666666609e-05,0,1.1670630277778096e-05,8.172969694444419e-05,Germany,DEU,north rhine-westphalia,,,Windows-10-10.0.26100-SP0,3.11.0,3.0.1,8,Intel(R) Core(TM) i5-8250U CPU @ 1.60GHz,,,7.191,51.6006,7.873264312744141,machine,N,1.0
2025-07-02T14:09:55,ollama-chatbot,61d54d4c-3b24-4c53-9932-af22dcc4b9d1,5b0fa12a-3dd7-45bb-9766-cc326314d9f1,62.16465220000009,0.0004604465049426,7.406886206992701e-06,60.0,0.0,10.0,0.0010360542983333,0,0.0001726253313888,0.0012086796297222,Germany,DEU,north rhine-westphalia,,,Windows-10-10.0.26100-SP0,3.11.0,3.0.1,8,Intel(R) Core(TM) i5-8250U CPU @ 1.60GHz,,,7.191,51.6006,7.873264312744141,machine,N,1.0
2025-07-02T14:10:05,ollama-chatbot,56b4d280-dfb4-4106-929b-7311c7e866fd,5b0fa12a-3dd7-45bb-9766-cc326314d9f1,3.778689400000076,2.798643069217953e-05,7.406385582307711e-06,60.0,0.0,10.0,6.297449333333134e-05,0,1.0490346388888208e-05,7.346483972221955e-05,Germany,DEU,north rhine-westphalia,,,Windows-10-10.0.26100-SP0,3.11.0,3.0.1,8,Intel(R) Core(TM) i5-8250U CPU @ 1.60GHz,,,7.191,51.6006,7.873264312744141,machine,N,1.0
2025-07-02T14:11:11,ollama-chatbot,d5812ac2-7b53-4cc6-b27d-99ed6df419c7,5b0fa12a-3dd7-45bb-9766-cc326314d9f1,58.87511679999989,0.0004360898946327,7.407032348049118e-06,60.0,0.0,10.0,0.0009812339966666,0,0.0001635091313888,0.0011447431280555,Germany,DEU,north rhine-westphalia,,,Windows-10-10.0.26100-SP0,3.11.0,3.0.1,8,Intel(R) Core(TM) i5-8250U CPU @ 1.60GHz,,,7.191,51.6006,7.873264312744141,machine,N,1.0
2025-07-02T14:11:22,ollama-chatbot,303782d6-55ee-4e39-ac66-3aa00cf25f09,5b0fa12a-3dd7-45bb-9766-cc326314d9f1,3.816074300000764,2.826304949240458e-05,7.406315304814405e-06,60.0,0.0,10.0,6.359677000000373e-05,0,1.0594198611112108e-05,7.419096861111584e-05,Germany,DEU,north rhine-westphalia,,,Windows-10-10.0.26100-SP0,3.11.0,3.0.1,8,Intel(R) Core(TM) i5-8250U CPU @ 1.60GHz,,,7.191,51.6006,7.873264312744141,machine,N,1.0
2025-07-02T14:12:56,ollama-chatbot,47163172-daf5-4e41-91f6-0311826651dd,5b0fa12a-3dd7-45bb-9766-cc326314d9f1,86.66967589999967,0.0006419615967096,7.406992007796905e-06,60.0,0.0,10.0,0.0014444665416666,0,0.0002406931819444,0.001685159723611,Germany,DEU,north rhine-westphalia,,,Windows-10-10.0.26100-SP0,3.11.0,3.0.1,8,Intel(R) Core(TM) i5-8250U CPU @ 1.60GHz,,,7.191,51.6006,7.873264312744141,machine,N,1.0
2025-07-02T14:13:08,ollama-chatbot,9c789a2f-cbab-4b70-8104-f2424072194c,5b0fa12a-3dd7-45bb-9766-cc326314d9f1,5.416963199999373,4.012179431657906e-05,7.406695012545721e-06,60.0,0.0,10.0,9.027926999998878e-05,0,1.504109833333334e-05,0.0001053203683333,Germany,DEU,north rhine-westphalia,,,Windows-10-10.0.26100-SP0,3.11.0,3.0.1,8,Intel(R) Core(TM) i5-8250U CPU @ 1.60GHz,,,7.191,51.6006,7.873264312744141,machine,N,1.0
2025-07-02T14:14:06,ollama-chatbot,ddf004c0-fdcb-4093-ab61-871d2f87c643,5b0fa12a-3dd7-45bb-9766-cc326314d9f1,51.01177199999984,0.0003778428420653,7.406973473992777e-06,60.0,0.0,10.0,0.000850179315,0,0.0001416643444444,0.0009918436594444,Germany,DEU,north rhine-westphalia,,,Windows-10-10.0.26100-SP0,3.11.0,3.0.1,8,Intel(R) Core(TM) i5-8250U CPU @ 1.60GHz,,,7.191,51.6006,7.873264312744141,machine,N,1.0
2025-07-02T14:14:17,ollama-chatbot,b149874b-f4eb-4047-8c24-d7d1b46eda1a,5b0fa12a-3dd7-45bb-9766-cc326314d9f1,3.778729199999361,2.798651958051217e-05,7.406331096845176e-06,60.0,0.0,10.0,6.297476999999769e-05,0,1.0490303055553342e-05,7.346507305555103e-05,Germany,DEU,north rhine-westphalia,,,Windows-10-10.0.26100-SP0,3.11.0,3.0.1,8,Intel(R) Core(TM) i5-8250U CPU @ 1.60GHz,,,7.191,51.6006,7.873264312744141,machine,N,1.0
2025-07-02T14:15:35,ollama-chatbot,96f4b579-bd5c-4ea4-8277-63ce0c9a0744,5b0fa12a-3dd7-45bb-9766-cc326314d9f1,71.04237230000035,0.0005262094288424,7.406979972746172e-06,60.0,0.0,10.0,0.001184018315,0,0.0001972900688888,0.0013813083838889,Germany,DEU,north rhine-westphalia,,,Windows-10-10.0.26100-SP0,3.11.0,3.0.1,8,Intel(R) Core(TM) i5-8250U CPU @ 1.60GHz,,,7.191,51.6006,7.873264312744141,machine,N,1.0
2025-07-02T14:15:47,ollama-chatbot,f49aa0c9-4c32-423b-8439-7f2276686705,5b0fa12a-3dd7-45bb-9766-cc326314d9f1,4.623430800000278,2.1368905821534042e-07,4.62187210015834e-08,60.0,0.0,10.0,7.70537700000053e-05,0,1.283659777777757e-05,8.989036777778286e-05,Canada,CAN,quebec,,,Windows-10-10.0.26100-SP0,3.11.0,3.0.1,8,Intel(R) Core(TM) i5-8250U CPU @ 1.60GHz,,,-71.2,46.8,7.873264312744141,machine,N,1.0
2025-07-02T14:17:01,ollama-chatbot,5be5c79f-04b1-486e-9ddf-45e36e31a178,5b0fa12a-3dd7-45bb-9766-cc326314d9f1,67.16546130000006,0.0004974918065297,7.406958828254006e-06,60.0,0.0,10.0,0.0011194023683333,0,0.0001865217858333,0.0013059241541666,Germany,DEU,north rhine-westphalia,,,Windows-10-10.0.26100-SP0,3.11.0,3.0.1,8,Intel(R) Core(TM) i5-8250U CPU @ 1.60GHz,,,7.191,51.6006,7.873264312744141,machine,N,1.0
2025-07-02T14:17:12,ollama-chatbot,cefcf98a-05f5-40f6-ac91-707fde990946,5b0fa12a-3dd7-45bb-9766-cc326314d9f1,3.8874196999995534,2.879150100437129e-05,7.406326876507465e-06,60.0,0.0,10.0,6.47857416666587e-05,0,1.079242083333156e-05,7.557816249999026e-05,Germany,DEU,north rhine-westphalia,,,Windows-10-10.0.26100-SP0,3.11.0,3.0.1,8,Intel(R) Core(TM) i5-8250U CPU @ 1.60GHz,,,7.191,51.6006,7.873264312744141,machine,N,1.0
2025-07-02T14:18:32,ollama-chatbot,4a713edc-8c82-4147-9905-7b5e5d80edc4,5b0fa12a-3dd7-45bb-9766-cc326314d9f1,73.92221090000021,0.0005475452203606,7.407046051441298e-06,60.0,0.0,10.0,0.0012320181066666,0,0.0002052970799999,0.0014373151866666,Germany,DEU,north rhine-westphalia,,,Windows-10-10.0.26100-SP0,3.11.0,3.0.1,8,Intel(R) Core(TM) i5-8250U CPU @ 1.60GHz,,,7.191,51.6006,7.873264312744141,machine,N,1.0
2025-07-02T14:18:43,ollama-chatbot,b0002906-ac1d-46cb-9fb0-5b5d9e48490a,5b0fa12a-3dd7-45bb-9766-cc326314d9f1,3.4165809999994963,2.5304116451453617e-05,7.406268562477327e-06,60.0,0.0,10.0,5.693907666665533e-05,0,9.484644166665627e-06,6.642372083332095e-05,Germany,DEU,north rhine-westphalia,,,Windows-10-10.0.26100-SP0,3.11.0,3.0.1,8,Intel(R) Core(TM) i5-8250U CPU @ 1.60GHz,,,7.191,51.6006,7.873264312744141,machine,N,1.0
2025-07-02T14:20:03,ollama-chatbot,cadc8554-8533-4703-acc4-78ae523f7d3d,5b0fa12a-3dd7-45bb-9766-cc326314d9f1,73.44615840000006,0.0005440153247506,7.4069949552417136e-06,60.0,0.0,10.0,0.0012240806049999,0,0.0002039685477777,0.0014280491527777,Germany,DEU,north rhine-westphalia,,,Windows-10-10.0.26100-SP0,3.11.0,3.0.1,8,Intel(R) Core(TM) i5-8250U CPU @ 1.60GHz,,,7.191,51.6006,7.873264312744141,machine,N,1.0
2025-07-02T14:20:15,ollama-chatbot,e013683e-1d0d-4b51-bed9-5e2fdd90ae57,5b0fa12a-3dd7-45bb-9766-cc326314d9f1,4.3304957999998805,3.207400122936412e-05,7.40654250937387e-06,60.0,0.0,10.0,7.217175000000679e-05,0,1.2023029444445558e-05,8.419477944445234e-05,Germany,DEU,north rhine-westphalia,,,Windows-10-10.0.26100-SP0,3.11.0,3.0.1,8,Intel(R) Core(TM) i5-8250U CPU @ 1.60GHz,,,7.191,51.6006,7.873264312744141,machine,N,1.0
2025-07-02T14:21:36,ollama-chatbot,a7c93024-6c70-4ae6-a6c6-83f790e9b409,5b0fa12a-3dd7-45bb-9766-cc326314d9f1,73.93957950000004,0.0005476670786466,7.406954196252486e-06,60.0,0.0,10.0,0.0012323046433333,0,0.0002053304233333,0.0014376350666666,Germany,DEU,north rhine-westphalia,,,Windows-10-10.0.26100-SP0,3.11.0,3.0.1,8,Intel(R) Core(TM) i5-8250U CPU @ 1.60GHz,,,7.191,51.6006,7.873264312744141,machine,N,1.0
2025-07-02T14:21:47,ollama-chatbot,202ec92c-3f8e-4fda-a0e0-dbdedaf1148e,5b0fa12a-3dd7-45bb-9766-cc326314d9f1,4.169127299999673,3.0878782138679e-05,7.406533769952628e-06,60.0,0.0,10.0,6.948239166666402e-05,0,1.1574918055554108e-05,8.105730972221813e-05,Germany,DEU,north rhine-westphalia,,,Windows-10-10.0.26100-SP0,3.11.0,3.0.1,8,Intel(R) Core(TM) i5-8250U CPU @ 1.60GHz,,,7.191,51.6006,7.873264312744141,machine,N,1.0
2025-07-02T14:23:07,ollama-chatbot,1d2fd5d5-b8ca-40a2-8226-ad328cf3cde7,5b0fa12a-3dd7-45bb-9766-cc326314d9f1,73.88853999999992,0.0005472907960248,7.406978078398861e-06,60.0,0.0,10.0,0.0012314524349999,0,0.0002051948836111,0.001436647318611,Germany,DEU,north rhine-westphalia,,,Windows-10-10.0.26100-SP0,3.11.0,3.0.1,8,Intel(R) Core(TM) i5-8250U CPU @ 1.60GHz,,,7.191,51.6006,7.873264312744141,machine,N,1.0
2025-07-02T14:23:20,ollama-chatbot,96651378-2d38-44b4-a303-b7ed10a46ec6,5b0fa12a-3dd7-45bb-9766-cc326314d9f1,5.298942299999908,3.924742517824791e-05,7.406652678261583e-06,60.0,0.0,10.0,8.831228833332715e-05,0,1.4712846666667347e-05,0.0001030251349999,Germany,DEU,north rhine-westphalia,,,Windows-10-10.0.26100-SP0,3.11.0,3.0.1,8,Intel(R) Core(TM) i5-8250U CPU @ 1.60GHz,,,7.191,51.6006,7.873264312744141,machine,N,1.0
2025-07-02T14:24:48,ollama-chatbot,5344bacc-6151-4b26-ac72-9ae5d35ec84a,5b0fa12a-3dd7-45bb-9766-cc326314d9f1,81.17650610000055,0.0006012644440843,7.40687759268203e-06,60.0,0.0,10.0,0.0013529093433333,0,0.0002254196869444,0.0015783290302777,Germany,DEU,north rhine-westphalia,,,Windows-10-10.0.26100-SP0,3.11.0,3.0.1,8,Intel(R) Core(TM) i5-8250U CPU @ 1.60GHz,,,7.191,51.6006,7.873264312744141,machine,N,1.0
2025-07-02T14:24:59,ollama-chatbot,5428fde0-2a86-4bb7-bea8-2858f92817b2,5b0fa12a-3dd7-45bb-9766-cc326314d9f1,4.306166700000176,3.1893295797928335e-05,7.40642386137235e-06,60.0,0.0,10.0,7.176520166666098e-05,0,1.1955223055555409e-05,8.372042472221639e-05,Germany,DEU,north rhine-westphalia,,,Windows-10-10.0.26100-SP0,3.11.0,3.0.1,8,Intel(R) Core(TM) i5-8250U CPU @ 1.60GHz,,,7.191,51.6006,7.873264312744141,machine,N,1.0
2025-07-02T14:26:05,ollama-chatbot,1736995f-3510-40c4-955e-f1572f54eab1,5b0fa12a-3dd7-45bb-9766-cc326314d9f1,59.41973940000025,0.0004401091538508,7.406783642858948e-06,60.0,0.0,10.0,0.000990303985,0,0.0001649897644444,0.0011552937494444,Germany,DEU,north rhine-westphalia,,,Windows-10-10.0.26100-SP0,3.11.0,3.0.1,8,Intel(R) Core(TM) i5-8250U CPU @ 1.60GHz,,,7.191,51.6006,7.873264312744141,machine,N,1.0
2025-07-02T14:26:17,ollama-chatbot,fcece5af-1be5-4f45-8419-23d4c5437940,5b0fa12a-3dd7-45bb-9766-cc326314d9f1,3.533529900000758,2.6168528191710145e-05,7.405775225421053e-06,60.0,0.0,10.0,5.88875433333366e-05,0,9.805272500001491e-06,6.869281583333809e-05,Germany,DEU,north rhine-westphalia,,,Windows-10-10.0.26100-SP0,3.11.0,3.0.1,8,Intel(R) Core(TM) i5-8250U CPU @ 1.60GHz,,,7.191,51.6006,7.873264312744141,machine,N,1.0
2025-07-02T14:27:40,ollama-chatbot,2a1ebaf4-de02-4892-bef2-2d131165c2e5,5b0fa12a-3dd7-45bb-9766-cc326314d9f1,74.94028700000035,0.0005550395169072,7.406423689133464e-06,60.0,0.0,10.0,0.0012489548116666,0,0.0002080330263888,0.0014569878380555,Germany,DEU,north rhine-westphalia,,,Windows-10-10.0.26100-SP0,3.11.0,3.0.1,8,Intel(R) Core(TM) i5-8250U CPU @ 1.60GHz,,,7.191,51.6006,7.873264312744141,machine,N,1.0
2025-07-02T14:27:50,ollama-chatbot,f85a5bf3-5060-4869-8771-64ee64e8a596,5b0fa12a-3dd7-45bb-9766-cc326314d9f1,3.505120800000441,2.5959941347240205e-05,7.40629006202495e-06,60.0,0.0,10.0,5.841598500001055e-05,0,9.72928694444464e-06,6.814527194445519e-05,Germany,DEU,north rhine-westphalia,,,Windows-10-10.0.26100-SP0,3.11.0,3.0.1,8,Intel(R) Core(TM) i5-8250U CPU @ 1.60GHz,,,7.191,51.6006,7.873264312744141,machine,N,1.0
2025-07-02T14:28:53,ollama-chatbot,60d7dadb-1261-4e3f-baaa-3b9e5ebce4a9,5b0fa12a-3dd7-45bb-9766-cc326314d9f1,56.02907970000069,0.0004150003508876,7.406874307230159e-06,60.0,0.0,10.0,0.0009337969933333,0,0.0001555857363888,0.0010893827297222,Germany,DEU,north rhine-westphalia,,,Windows-10-10.0.26100-SP0,3.11.0,3.0.1,8,Intel(R) Core(TM) i5-8250U CPU @ 1.60GHz,,,7.191,51.6006,7.873264312744141,machine,N,1.0
2025-07-02T14:29:04,ollama-chatbot,28c4f75d-f0fc-4623-8bff-326f7a58285e,5b0fa12a-3dd7-45bb-9766-cc326314d9f1,4.420820999999705,3.274269376958576e-05,7.406473541812242e-06,60.0,0.0,10.0,7.36771383333386e-05,0,1.2272970000001098e-05,8.59501083333397e-05,Germany,DEU,north rhine-westphalia,,,Windows-10-10.0.26100-SP0,3.11.0,3.0.1,8,Intel(R) Core(TM) i5-8250U CPU @ 1.60GHz,,,7.191,51.6006,7.873264312744141,machine,N,1.0
2025-07-04T15:36:32,img_classification,b1638e5d-b63e-4a68-92b6-4ddbe69ddd58,5b0fa12a-3dd7-45bb-9766-cc326314d9f1,15.560876200001076,0.0001149341099112,7.386095000953516e-06,60.0,0.0,10.0,0.0002591546016666,0,4.254932250000315e-05,0.0003017039241666,Germany,DEU,north rhine-westphalia,,,Windows-10-10.0.26100-SP0,3.11.0,3.0.1,8,Intel(R) Core(TM) i5-8250U CPU @ 1.60GHz,,,7.191,51.6006,7.873264312744141,machine,N,1.0
2025-07-04T15:37:13,img_classification,2b9ea504-6587-455b-96ed-1e06e741d0ef,5b0fa12a-3dd7-45bb-9766-cc326314d9f1,5.57278409999708,4.126489574357633e-05,7.4047181809174975e-06,60.0,0.0,10.0,9.286972999998396e-05,0,1.5451298333330972e-05,0.0001083210283333,Germany,DEU,north rhine-westphalia,,,Windows-10-10.0.26100-SP0,3.11.0,3.0.1,8,Intel(R) Core(TM) i5-8250U CPU @ 1.60GHz,,,7.191,51.6006,7.873264312744141,machine,N,1.0
2025-07-04T15:38:27,img_classification,118e0900-7d75-48f1-8afb-e4a20a6de288,5b0fa12a-3dd7-45bb-9766-cc326314d9f1,17.4537049999999,0.0001292430225964,7.404904723461987e-06,60.0,0.0,10.0,0.0002908713816666,0,4.839367305553929e-05,0.0003392650547221,Germany,DEU,north rhine-westphalia,,,Windows-10-10.0.26100-SP0,3.11.0,3.0.1,8,Intel(R) Core(TM) i5-8250U CPU @ 1.60GHz,,,7.191,51.6006,7.873264312744141,machine,N,1.0
2025-07-04T15:39:19,chat_request,2f2e5a34-16d8-4025-bbd2-3b8baa25fe0d,5b0fa12a-3dd7-45bb-9766-cc326314d9f1,6.626370699999825,4.907168060168011e-05,7.405513941693815e-06,60.0,0.0,10.0,0.0001104309083333,0,1.838305833333733e-05,0.0001288139666667,Germany,DEU,north rhine-westphalia,,,Windows-10-10.0.26100-SP0,3.11.0,3.0.1,8,Intel(R) Core(TM) i5-8250U CPU @ 1.60GHz,,,7.191,51.6006,7.873264312744141,machine,N,1.0
2025-07-04T15:39:47,chat_request,6bd3046a-c9b2-4ec9-9fa4-4106e6b0bd75,5b0fa12a-3dd7-45bb-9766-cc326314d9f1,7.504443400001037,5.557387170874703e-05,7.40546217041751e-06,60.0,0.0,10.0,0.0001250641949999,0,2.081813000000289e-05,0.0001458823249999,Germany,DEU,north rhine-westphalia,,,Windows-10-10.0.26100-SP0,3.11.0,3.0.1,8,Intel(R) Core(TM) i5-8250U CPU @ 1.60GHz,,,7.191,51.6006,7.873264312744141,machine,N,1.0
2025-07-04T15:42:48,chat_request,75a36713-293e-4a4d-850b-0df86264724f,5b0fa12a-3dd7-45bb-9766-cc326314d9f1,28.928322600000683,0.0002142521712859,7.4063116015579006e-06,60.0,0.0,10.0,0.0004821326600001,0,8.028280472224449e-05,0.0005624154647223,Germany,DEU,north rhine-westphalia,,,Windows-10-10.0.26100-SP0,3.11.0,3.0.1,8,Intel(R) Core(TM) i5-8250U CPU @ 1.60GHz,,,7.191,51.6006,7.873264312744141,machine,N,1.0
2025-07-04T15:44:51,chat_request,f2650232-c241-4ca5-a008-fcda96614c7f,5b0fa12a-3dd7-45bb-9766-cc326314d9f1,31.741373299999395,0.0002350730885617,7.405889037628307e-06,60.0,0.0,10.0,0.0005290164933331,0,8.805422083331803e-05,0.0006170707141665,Germany,DEU,north rhine-westphalia,,,Windows-10-10.0.26100-SP0,3.11.0,3.0.1,8,Intel(R) Core(TM) i5-8250U CPU @ 1.60GHz,,,7.191,51.6006,7.873264312744141,machine,N,1.0
2025-07-04T15:45:35,chat_request,f1becce5-69e3-4ec0-b8d1-3183a5cf1d01,5b0fa12a-3dd7-45bb-9766-cc326314d9f1,15.030252000000472,0.0001113156694578,7.406107991927936e-06,60.0,0.0,10.0,0.0002505015133333,0,4.170394527777211e-05,0.000292205458611,Germany,DEU,north rhine-westphalia,,,Windows-10-10.0.26100-SP0,3.11.0,3.0.1,8,Intel(R) Core(TM) i5-8250U CPU @ 1.60GHz,,,7.191,51.6006,7.873264312744141,machine,N,1.0
2025-07-04T15:46:43,chat_request,c446e665-b721-454e-a9bb-1935ce37ef83,5b0fa12a-3dd7-45bb-9766-cc326314d9f1,19.68179009999949,0.0001457702293536,7.406350164950186e-06,60.0,0.0,10.0,0.0003280271033333,0,5.462214027777211e-05,0.000382649243611,Germany,DEU,north rhine-westphalia,,,Windows-10-10.0.26100-SP0,3.11.0,3.0.1,8,Intel(R) Core(TM) i5-8250U CPU @ 1.60GHz,,,7.191,51.6006,7.873264312744141,machine,N,1.0
2025-07-07T12:07:10,ollama-chatbot,574562ba-a36d-4973-b608-b022ac37d3e2,5b0fa12a-3dd7-45bb-9766-cc326314d9f1,66.9388163000001,0.0004957999727651,7.406763372437979e-06,60.0,0.0,10.0,0.0011156130116666,0,0.0001858700511111,0.0013014830627777,Germany,DEU,north rhine-westphalia,,,Windows-10-10.0.26100-SP0,3.11.0,3.0.1,8,Intel(R) Core(TM) i5-8250U CPU @ 1.60GHz,,,7.191,51.6006,7.873264312744141,machine,N,1.0
2025-07-07T12:07:24,ollama-chatbot,ec378a6d-389d-4f18-a56f-2a848da31467,5b0fa12a-3dd7-45bb-9766-cc326314d9f1,6.404772300000104,4.743695208862484e-05,7.406500944401109e-06,60.0,0.0,10.0,0.0001067403216666,0,1.7782455833333363e-05,0.0001245227774999,Germany,DEU,north rhine-westphalia,,,Windows-10-10.0.26100-SP0,3.11.0,3.0.1,8,Intel(R) Core(TM) i5-8250U CPU @ 1.60GHz,,,7.191,51.6006,7.873264312744141,machine,N,1.0
2025-07-07T12:08:28,ollama-chatbot,1bc7dd48-14f5-4fdb-a2db-981035d0b904,5b0fa12a-3dd7-45bb-9766-cc326314d9f1,57.378632599999946,0.0004249956961412,7.406863441727441e-06,60.0,0.0,10.0,0.0009562866933333,0,0.0001593339816666,0.0011156206749999,Germany,DEU,north rhine-westphalia,,,Windows-10-10.0.26100-SP0,3.11.0,3.0.1,8,Intel(R) Core(TM) i5-8250U CPU @ 1.60GHz,,,7.191,51.6006,7.873264312744141,machine,N,1.0
2025-07-07T12:09:06,ollama-chatbot,22b13b9a-4370-45cd-bb49-c06012e2c19c,5b0fa12a-3dd7-45bb-9766-cc326314d9f1,30.62225520000016,0.0002268105028487,7.406721071568164e-06,60.0,0.0,10.0,0.00051035399,0,8.502730111111167e-05,0.0005953812911111,Germany,DEU,north rhine-westphalia,,,Windows-10-10.0.26100-SP0,3.11.0,3.0.1,8,Intel(R) Core(TM) i5-8250U CPU @ 1.60GHz,,,7.191,51.6006,7.873264312744141,machine,N,1.0
2025-07-07T12:10:28,ollama-chatbot,3821c03c-29f8-49c3-968a-be572cfe8ade,5b0fa12a-3dd7-45bb-9766-cc326314d9f1,75.21982779999985,0.0005571314732504,7.4067102989359e-06,60.0,0.0,10.0,0.0012536241383333,0,0.0002088551194444,0.0014624792577777,Germany,DEU,north rhine-westphalia,,,Windows-10-10.0.26100-SP0,3.11.0,3.0.1,8,Intel(R) Core(TM) i5-8250U CPU @ 1.60GHz,,,7.191,51.6006,7.873264312744141,machine,N,1.0
2025-07-07T12:11:05,ollama-chatbot,7de3a6e5-03e6-4b88-92f4-e641a9a6e96a,5b0fa12a-3dd7-45bb-9766-cc326314d9f1,29.591859099999965,0.0002191848658532,7.4069312479668065e-06,60.0,0.0,10.0,0.0004931888483333,0,8.217502055555504e-05,0.0005753638688888,Germany,DEU,north rhine-westphalia,,,Windows-10-10.0.26100-SP0,3.11.0,3.0.1,8,Intel(R) Core(TM) i5-8250U CPU @ 1.60GHz,,,7.191,51.6006,7.873264312744141,machine,N,1.0
2025-07-07T12:11:58,ollama-chatbot,0e8ecfff-9e86-4aa5-b08c-34b18360c28d,5b0fa12a-3dd7-45bb-9766-cc326314d9f1,45.41422979999993,0.0003363672971621,7.406649824151689e-06,60.0,0.0,10.0,0.0007568754733333,0,0.0001260942002777,0.0008829696736111,Germany,DEU,north rhine-westphalia,,,Windows-10-10.0.26100-SP0,3.11.0,3.0.1,8,Intel(R) Core(TM) i5-8250U CPU @ 1.60GHz,,,7.191,51.6006,7.873264312744141,machine,N,1.0
2025-07-07T12:12:13,ollama-chatbot,cf408e8c-9051-4f64-a83a-ce29e2b34c35,5b0fa12a-3dd7-45bb-9766-cc326314d9f1,8.21688979999999,6.085987718952733e-05,7.4066804680193475e-06,60.0,0.0,10.0,0.0001369420283333,0,2.2816147777777787e-05,0.0001597581761111,Germany,DEU,north rhine-westphalia,,,Windows-10-10.0.26100-SP0,3.11.0,3.0.1,8,Intel(R) Core(TM) i5-8250U CPU @ 1.60GHz,,,7.191,51.6006,7.873264312744141,machine,N,1.0
2025-07-07T12:13:03,ollama-chatbot,2fe0333d-0d29-4e23-a4de-79aceda6d12d,5b0fa12a-3dd7-45bb-9766-cc326314d9f1,42.49859630000015,0.0003147787210863,7.4068027768320674e-06,60.0,0.0,10.0,0.0007082898916666,0,0.0001180094155555,0.0008262993072222,Germany,DEU,north rhine-westphalia,,,Windows-10-10.0.26100-SP0,3.11.0,3.0.1,8,Intel(R) Core(TM) i5-8250U CPU @ 1.60GHz,,,7.191,51.6006,7.873264312744141,machine,N,1.0
2025-07-07T12:13:15,ollama-chatbot,dd0bd166-6cc7-4af3-8868-35dbe0c495dd,5b0fa12a-3dd7-45bb-9766-cc326314d9f1,4.740651699999944,3.511076468333252e-05,7.4063160310496835e-06,60.0,0.0,10.0,7.900594499999821e-05,0,1.3160388333332978e-05,9.21663333333312e-05,Germany,DEU,north rhine-westphalia,,,Windows-10-10.0.26100-SP0,3.11.0,3.0.1,8,Intel(R) Core(TM) i5-8250U CPU @ 1.60GHz,,,7.191,51.6006,7.873264312744141,machine,N,1.0
2025-07-07T12:14:12,ollama-chatbot,b6235fb2-1312-4c28-aacb-774f40f189e5,5b0fa12a-3dd7-45bb-9766-cc326314d9f1,49.83083119999992,0.0003690871193286,7.406802383995812e-06,60.0,0.0,10.0,0.0008304866149999,0,0.0001383731286111,0.0009688597436111,Germany,DEU,north rhine-westphalia,,,Windows-10-10.0.26100-SP0,3.11.0,3.0.1,8,Intel(R) Core(TM) i5-8250U CPU @ 1.60GHz,,,7.191,51.6006,7.873264312744141,machine,N,1.0
2025-07-07T12:14:25,ollama-chatbot,b19925ae-4a94-4075-b4d2-7b2512ee607a,5b0fa12a-3dd7-45bb-9766-cc326314d9f1,6.471263700000009,4.79296178983338e-05,7.406531416473375e-06,60.0,0.0,10.0,0.0001078496333333,0,1.796640000000025e-05,0.0001258160333333,Germany,DEU,north rhine-westphalia,,,Windows-10-10.0.26100-SP0,3.11.0,3.0.1,8,Intel(R) Core(TM) i5-8250U CPU @ 1.60GHz,,,7.191,51.6006,7.873264312744141,machine,N,1.0
2025-07-07T12:15:18,ollama-chatbot,952ba172-1735-45aa-ba48-7e21ff768b01,5b0fa12a-3dd7-45bb-9766-cc326314d9f1,45.329181599999856,0.0003357361111599,7.406621944394434e-06,60.0,0.0,10.0,0.0007554590216666,0,0.0001258537783333,0.0008813127999999,Germany,DEU,north rhine-westphalia,,,Windows-10-10.0.26100-SP0,3.11.0,3.0.1,8,Intel(R) Core(TM) i5-8250U CPU @ 1.60GHz,,,7.191,51.6006,7.873264312744141,machine,N,1.0
2025-07-07T12:15:31,ollama-chatbot,8f38b4c2-f5a5-4fdc-aefb-0f79239cb19c,5b0fa12a-3dd7-45bb-9766-cc326314d9f1,5.895776999999953,4.366602020736011e-05,7.406321542921392e-06,60.0,0.0,10.0,9.825593999999756e-05,0,1.6368079444444245e-05,0.0001146240194444,Germany,DEU,north rhine-westphalia,,,Windows-10-10.0.26100-SP0,3.11.0,3.0.1,8,Intel(R) Core(TM) i5-8250U CPU @ 1.60GHz,,,7.191,51.6006,7.873264312744141,machine,N,1.0
2025-07-07T12:16:47,ollama-chatbot,e6cde3e9-2014-413a-bb9e-88971f18d521,5b0fa12a-3dd7-45bb-9766-cc326314d9f1,69.01424679999991,0.000511161999609,7.406615638223098e-06,60.0,0.0,10.0,0.0011501896249999,0,0.0001916190102777,0.0013418086352777,Germany,DEU,north rhine-westphalia,,,Windows-10-10.0.26100-SP0,3.11.0,3.0.1,8,Intel(R) Core(TM) i5-8250U CPU @ 1.60GHz,,,7.191,51.6006,7.873264312744141,machine,N,1.0
2025-07-07T12:17:31,ollama-chatbot,55480534-ca26-408c-b1bc-085824cefb16,5b0fa12a-3dd7-45bb-9766-cc326314d9f1,37.12390239999991,0.0002749582584313,7.406502028498018e-06,60.0,0.0,10.0,0.0006187087283333,0,0.0001030612111111,0.0007217699394444,Germany,DEU,north rhine-westphalia,,,Windows-10-10.0.26100-SP0,3.11.0,3.0.1,8,Intel(R) Core(TM) i5-8250U CPU @ 1.60GHz,,,7.191,51.6006,7.873264312744141,machine,N,1.0
2025-07-07T12:18:55,ollama-chatbot,adf16296-eb95-46f7-b36b-6c6a68967ecd,5b0fa12a-3dd7-45bb-9766-cc326314d9f1,76.42580480000015,0.0005660575097375,7.406628052119644e-06,60.0,0.0,10.0,0.0012737153516666,0,0.0002121948983333,0.00148591025,Germany,DEU,north rhine-westphalia,,,Windows-10-10.0.26100-SP0,3.11.0,3.0.1,8,Intel(R) Core(TM) i5-8250U CPU @ 1.60GHz,,,7.191,51.6006,7.873264312744141,machine,N,1.0
2025-07-07T12:19:08,ollama-chatbot,2536f65a-0fdb-4167-9dac-29927eec8290,5b0fa12a-3dd7-45bb-9766-cc326314d9f1,5.750557400000162,4.25898827004586e-05,7.40621816946952e-06,60.0,0.0,10.0,9.583534000000023e-05,0,1.5963800833333786e-05,0.0001117991408333,Germany,DEU,north rhine-westphalia,,,Windows-10-10.0.26100-SP0,3.11.0,3.0.1,8,Intel(R) Core(TM) i5-8250U CPU @ 1.60GHz,,,7.191,51.6006,7.873264312744141,machine,N,1.0
2025-07-07T12:20:20,ollama-chatbot,f14efef3-321a-4f24-8152-e3f29e788843,5b0fa12a-3dd7-45bb-9766-cc326314d9f1,64.57640519999973,0.0004783029175722,7.406775215976381e-06,60.0,0.0,10.0,0.0010762382033333,0,0.0001793148024999,0.0012555530058333,Germany,DEU,north rhine-westphalia,,,Windows-10-10.0.26100-SP0,3.11.0,3.0.1,8,Intel(R) Core(TM) i5-8250U CPU @ 1.60GHz,,,7.191,51.6006,7.873264312744141,machine,N,1.0
2025-07-07T12:20:58,ollama-chatbot,7f18b928-f7d1-4f34-9fa5-d04aace8d8ed,5b0fa12a-3dd7-45bb-9766-cc326314d9f1,30.256266400000182,0.0002240893336128,7.406377596305252e-06,60.0,0.0,10.0,0.0005042440949999,0,8.399408222222241e-05,0.0005882381772222,Germany,DEU,north rhine-westphalia,,,Windows-10-10.0.26100-SP0,3.11.0,3.0.1,8,Intel(R) Core(TM) i5-8250U CPU @ 1.60GHz,,,7.191,51.6006,7.873264312744141,machine,N,1.0
2025-07-07T12:21:54,ollama-chatbot,79c424e0-5da7-439c-b993-7938be7c05b8,5b0fa12a-3dd7-45bb-9766-cc326314d9f1,49.10571540000001,0.0003637159414701,7.406794474073671e-06,60.0,0.0,10.0,0.0008184036916666,0,0.0001363566219444,0.0009547603136111,Germany,DEU,north rhine-westphalia,,,Windows-10-10.0.26100-SP0,3.11.0,3.0.1,8,Intel(R) Core(TM) i5-8250U CPU @ 1.60GHz,,,7.191,51.6006,7.873264312744141,machine,N,1.0
2025-07-07T12:22:08,ollama-chatbot,dd0db8c9-6587-40d3-8f8d-3df96a518814,5b0fa12a-3dd7-45bb-9766-cc326314d9f1,6.200785900000028,4.5925159632624825e-05,7.406344997756594e-06,60.0,0.0,10.0,0.0001033399666666,0,1.7214330833333708e-05,0.0001205542974999,Germany,DEU,north rhine-westphalia,,,Windows-10-10.0.26100-SP0,3.11.0,3.0.1,8,Intel(R) Core(TM) i5-8250U CPU @ 1.60GHz,,,7.191,51.6006,7.873264312744141,machine,N,1.0
2025-07-07T12:22:51,ollama-chatbot,9792e259-3f3f-4de1-aa1e-2b52c122e6e8,5b0fa12a-3dd7-45bb-9766-cc326314d9f1,36.348343099999965,0.0002692247616733,7.406795983317943e-06,60.0,0.0,10.0,0.0006057892266666,0,0.0001009301897222,0.0007067194163888,Germany,DEU,north rhine-westphalia,,,Windows-10-10.0.26100-SP0,3.11.0,3.0.1,8,Intel(R) Core(TM) i5-8250U CPU @ 1.60GHz,,,7.191,51.6006,7.873264312744141,machine,N,1.0
2025-07-07T12:23:14,ollama-chatbot,0ace5f3c-9389-4a8d-9b29-d0b0f578f388,5b0fa12a-3dd7-45bb-9766-cc326314d9f1,15.093925300000135,0.0001117886812105,7.406203422151339e-06,60.0,0.0,10.0,0.000251543805,0,4.190331722222203e-05,0.0002934471222222,Germany,DEU,north rhine-westphalia,,,Windows-10-10.0.26100-SP0,3.11.0,3.0.1,8,Intel(R) Core(TM) i5-8250U CPU @ 1.60GHz,,,7.191,51.6006,7.873264312744141,machine,N,1.0
2025-07-07T12:24:27,ollama-chatbot,94644a92-3bd0-45bf-b4b6-3af057d7a68b,5b0fa12a-3dd7-45bb-9766-cc326314d9f1,65.55818060000001,0.0004855752102153,7.406782887677203e-06,60.0,0.0,10.0,0.0010926017166666,0,0.0001820411766666,0.0012746428933333,Germany,DEU,north rhine-westphalia,,,Windows-10-10.0.26100-SP0,3.11.0,3.0.1,8,Intel(R) Core(TM) i5-8250U CPU @ 1.60GHz,,,7.191,51.6006,7.873264312744141,machine,N,1.0
2025-07-07T12:24:40,ollama-chatbot,69959dcc-8f06-4552-94b7-788e56c8835c,5b0fa12a-3dd7-45bb-9766-cc326314d9f1,5.904019999999946,4.3726254857346775e-05,7.406183389850843e-06,60.0,0.0,10.0,9.839104166666552e-05,0,1.6391094722222178e-05,0.0001147821363888,Germany,DEU,north rhine-westphalia,,,Windows-10-10.0.26100-SP0,3.11.0,3.0.1,8,Intel(R) Core(TM) i5-8250U CPU @ 1.60GHz,,,7.191,51.6006,7.873264312744141,machine,N,1.0
2025-07-07T12:25:48,ollama-chatbot,194be9e2-4df8-4840-8810-c95da613366a,5b0fa12a-3dd7-45bb-9766-cc326314d9f1,60.675097899999855,0.0004494051473907,7.406747791844069e-06,60.0,0.0,10.0,0.0010112246199999,0,0.0001684712649999,0.0011796958849999,Germany,DEU,north rhine-westphalia,,,Windows-10-10.0.26100-SP0,3.11.0,3.0.1,8,Intel(R) Core(TM) i5-8250U CPU @ 1.60GHz,,,7.191,51.6006,7.873264312744141,machine,N,1.0
2025-07-07T12:26:01,ollama-chatbot,392973de-b9d2-4a06-b9cc-122465f0b5fd,5b0fa12a-3dd7-45bb-9766-cc326314d9f1,5.655440699999872,4.188614413588885e-05,7.406344855828794e-06,60.0,0.0,10.0,9.425143000000086e-05,0,1.5700385555554577e-05,0.0001099518155555,Germany,DEU,north rhine-westphalia,,,Windows-10-10.0.26100-SP0,3.11.0,3.0.1,8,Intel(R) Core(TM) i5-8250U CPU @ 1.60GHz,,,7.191,51.6006,7.873264312744141,machine,N,1.0
2025-07-07T12:26:29,ollama-chatbot,b0b555ea-2d0a-4633-88b5-92007f5395ad,5b0fa12a-3dd7-45bb-9766-cc326314d9f1,21.63958959999991,0.000160278599099,7.406730074911307e-06,60.0,0.0,10.0,0.0003606471166666,0,6.0086835555556365e-05,0.0004207339522222,Germany,DEU,north rhine-westphalia,,,Windows-10-10.0.26100-SP0,3.11.0,3.0.1,8,Intel(R) Core(TM) i5-8250U CPU @ 1.60GHz,,,7.191,51.6006,7.873264312744141,machine,N,1.0
2025-07-07T12:26:52,ollama-chatbot,f896558c-5ac0-4cfa-9c8d-234b0e6ce0b8,5b0fa12a-3dd7-45bb-9766-cc326314d9f1,15.096725100000183,0.0001118136213721,7.406481911241809e-06,60.0,0.0,10.0,0.00025160274,0,4.190985055555656e-05,0.0002935125905555,Germany,DEU,north rhine-westphalia,,,Windows-10-10.0.26100-SP0,3.11.0,3.0.1,8,Intel(R) Core(TM) i5-8250U CPU @ 1.60GHz,,,7.191,51.6006,7.873264312744141,machine,N,1.0
2025-07-07T12:28:12,ollama-chatbot,4cdd691c-3856-4d32-a681-9f17b5f09871,5b0fa12a-3dd7-45bb-9766-cc326314d9f1,73.61480229999961,0.0005452479072057,7.406769972480633e-06,60.0,0.0,10.0,0.0012268761599999,0,0.0002044085419444,0.0014312847019444,Germany,DEU,north rhine-westphalia,,,Windows-10-10.0.26100-SP0,3.11.0,3.0.1,8,Intel(R) Core(TM) i5-8250U CPU @ 1.60GHz,,,7.191,51.6006,7.873264312744141,machine,N,1.0
2025-07-07T12:28:26,ollama-chatbot,30f2a8da-cac1-45f1-8b4a-e77444400efd,5b0fa12a-3dd7-45bb-9766-cc326314d9f1,5.929748500000187,4.391864476601556e-05,7.406493676083256e-06,60.0,0.0,10.0,9.882378666666985e-05,0,1.6463376388890082e-05,0.0001152871630555,Germany,DEU,north rhine-westphalia,,,Windows-10-10.0.26100-SP0,3.11.0,3.0.1,8,Intel(R) Core(TM) i5-8250U CPU @ 1.60GHz,,,7.191,51.6006,7.873264312744141,machine,N,1.0
2025-07-07T12:37:21,ollama-chatbot,86f27ca3-b4ea-43c3-bdf3-5c6070d60717,5b0fa12a-3dd7-45bb-9766-cc326314d9f1,68.18393699999979,0.0005050219035933,7.406757746965727e-06,60.0,0.0,10.0,0.0011363617149999,0,0.0001893290675,0.0013256907824999,Germany,DEU,north rhine-westphalia,,,Windows-10-10.0.26100-SP0,3.11.0,3.0.1,8,Intel(R) Core(TM) i5-8250U CPU @ 1.60GHz,,,7.191,51.6006,7.873264312744141,machine,N,1.0
2025-07-07T12:37:49,ollama-chatbot,928ebeeb-53f1-44f1-8c66-250c94d76d05,5b0fa12a-3dd7-45bb-9766-cc326314d9f1,20.069762999999966,0.0001486502789722,7.406678343549798e-06,60.0,0.0,10.0,0.0003344846299999,0,5.5724791111111296e-05,0.0003902094211111,Germany,DEU,north rhine-westphalia,,,Windows-10-10.0.26100-SP0,3.11.0,3.0.1,8,Intel(R) Core(TM) i5-8250U CPU @ 1.60GHz,,,7.191,51.6006,7.873264312744141,machine,N,1.0
2025-07-07T12:38:39,ollama-chatbot,faf27bb5-58f5-409a-9c45-cf2c517a9ab5,5b0fa12a-3dd7-45bb-9766-cc326314d9f1,43.52296810000007,0.0003223695343841,7.406883042615083e-06,60.0,0.0,10.0,0.0007253624266666,0,0.00012086289,0.0008462253166666,Germany,DEU,north rhine-westphalia,,,Windows-10-10.0.26100-SP0,3.11.0,3.0.1,8,Intel(R) Core(TM) i5-8250U CPU @ 1.60GHz,,,7.191,51.6006,7.873264312744141,machine,N,1.0
2025-07-07T12:38:58,ollama-chatbot,8aab2b4d-4609-4564-a54c-f097cbaebc96,5b0fa12a-3dd7-45bb-9766-cc326314d9f1,11.165540299999977,8.270147813898571e-05,7.40684963888276e-06,60.0,0.0,10.0,0.0001860860366666,0,3.100670027777773e-05,0.0002170927369444,Germany,DEU,north rhine-westphalia,,,Windows-10-10.0.26100-SP0,3.11.0,3.0.1,8,Intel(R) Core(TM) i5-8250U CPU @ 1.60GHz,,,7.191,51.6006,7.873264312744141,machine,N,1.0
2025-07-07T12:40:18,ollama-chatbot,512fe53f-a4e7-4607-a40c-cce4ccb63ba9,5b0fa12a-3dd7-45bb-9766-cc326314d9f1,73.20935230000032,0.0005422532651816,7.406885160786009e-06,60.0,0.0,10.0,0.0012201237166666,0,0.0002033000008333,0.0014234237175,Germany,DEU,north rhine-westphalia,,,Windows-10-10.0.26100-SP0,3.11.0,3.0.1,8,Intel(R) Core(TM) i5-8250U CPU @ 1.60GHz,,,7.191,51.6006,7.873264312744141,machine,N,1.0
2025-07-07T12:40:30,ollama-chatbot,de265490-da4c-4348-851c-fcf6ba0f6f2f,5b0fa12a-3dd7-45bb-9766-cc326314d9f1,4.858293499999945,3.598235447395808e-05,7.406377254473919e-06,60.0,0.0,10.0,8.096622333333319e-05,0,1.3488047499999489e-05,9.445427083333268e-05,Germany,DEU,north rhine-westphalia,,,Windows-10-10.0.26100-SP0,3.11.0,3.0.1,8,Intel(R) Core(TM) i5-8250U CPU @ 1.60GHz,,,7.191,51.6006,7.873264312744141,machine,N,1.0
2025-07-07T12:41:29,ollama-chatbot,3999ac16-7932-41fc-bb4c-59e15d94f8fc,5b0fa12a-3dd7-45bb-9766-cc326314d9f1,51.41121740000017,0.0003807932801329,7.406813131270914e-06,60.0,0.0,10.0,0.0008568280533333,0,0.0001427605544444,0.0009995886077777,Germany,DEU,north rhine-westphalia,,,Windows-10-10.0.26100-SP0,3.11.0,3.0.1,8,Intel(R) Core(TM) i5-8250U CPU @ 1.60GHz,,,7.191,51.6006,7.873264312744141,machine,N,1.0
2025-07-07T12:41:43,ollama-chatbot,820cd0ec-33a9-4a0f-b121-e89a14bd8e03,5b0fa12a-3dd7-45bb-9766-cc326314d9f1,7.000470199999654,5.1849766307304685e-05,7.406611959766252e-06,60.0,0.0,10.0,0.0001166685316666,0,1.943795555555552e-05,0.0001361064872222,Germany,DEU,north rhine-westphalia,,,Windows-10-10.0.26100-SP0,3.11.0,3.0.1,8,Intel(R) Core(TM) i5-8250U CPU @ 1.60GHz,,,7.191,51.6006,7.873264312744141,machine,N,1.0
2025-07-07T12:43:06,ollama-chatbot,9b2a376d-3d92-41fe-acfe-f600473ef02f,5b0fa12a-3dd7-45bb-9766-cc326314d9f1,75.7643893999998,0.0005611676238973,7.406746472074975e-06,60.0,0.0,10.0,0.001262698535,0,0.0002103756844444,0.0014730742194444,Germany,DEU,north rhine-westphalia,,,Windows-10-10.0.26100-SP0,3.11.0,3.0.1,8,Intel(R) Core(TM) i5-8250U CPU @ 1.60GHz,,,7.191,51.6006,7.873264312744141,machine,N,1.0
2025-07-07T12:43:18,ollama-chatbot,551e7c78-eb6c-4639-906c-96a5ba781962,5b0fa12a-3dd7-45bb-9766-cc326314d9f1,4.739274099999875,3.510045183773608e-05,7.40629284086713e-06,60.0,0.0,10.0,7.898240666666727e-05,0,1.3156855277777089e-05,9.213926194444436e-05,Germany,DEU,north rhine-westphalia,,,Windows-10-10.0.26100-SP0,3.11.0,3.0.1,8,Intel(R) Core(TM) i5-8250U CPU @ 1.60GHz,,,7.191,51.6006,7.873264312744141,machine,N,1.0
2025-07-07T12:44:45,ollama-chatbot,338ce661-ba82-422c-a7ad-f01664a4ed1f,5b0fa12a-3dd7-45bb-9766-cc326314d9f1,79.38307850000001,0.0005879723916046,7.406772358980987e-06,60.0,0.0,10.0,0.001323008795,0,0.0002204283794444,0.0015434371744444,Germany,DEU,north rhine-westphalia,,,Windows-10-10.0.26100-SP0,3.11.0,3.0.1,8,Intel(R) Core(TM) i5-8250U CPU @ 1.60GHz,,,7.191,51.6006,7.873264312744141,machine,N,1.0
2025-07-07T12:44:58,ollama-chatbot,c03248e4-1385-4bc0-b8ca-e3838b88b0f4,5b0fa12a-3dd7-45bb-9766-cc326314d9f1,6.01284829999986,4.453484292533432e-05,7.406613422350163e-06,60.0,0.0,10.0,0.0001002103366666,0,1.6694356666667117e-05,0.0001169046933333,Germany,DEU,north rhine-westphalia,,,Windows-10-10.0.26100-SP0,3.11.0,3.0.1,8,Intel(R) Core(TM) i5-8250U CPU @ 1.60GHz,,,7.191,51.6006,7.873264312744141,machine,N,1.0
2025-07-07T12:45:50,ollama-chatbot,38f7d2be-f5a0-42df-af51-a59e98960500,5b0fa12a-3dd7-45bb-9766-cc326314d9f1,44.63975769999979,0.0003306358339363,7.40675691293907e-06,60.0,0.0,10.0,0.0007439702816666,0,0.0001239542069444,0.0008679244886111,Germany,DEU,north rhine-westphalia,,,Windows-10-10.0.26100-SP0,3.11.0,3.0.1,8,Intel(R) Core(TM) i5-8250U CPU @ 1.60GHz,,,7.191,51.6006,7.873264312744141,machine,N,1.0
2025-07-07T12:46:19,ollama-chatbot,b4adda42-bd6f-4242-a76f-d9c3fcbad6ed,5b0fa12a-3dd7-45bb-9766-cc326314d9f1,22.26841149999973,0.0001649382761134,7.4068272051403824e-06,60.0,0.0,10.0,0.0003711300666666,0,6.18356141666671e-05,0.0004329656808333,Germany,DEU,north rhine-westphalia,,,Windows-10-10.0.26100-SP0,3.11.0,3.0.1,8,Intel(R) Core(TM) i5-8250U CPU @ 1.60GHz,,,7.191,51.6006,7.873264312744141,machine,N,1.0
2025-07-07T12:47:15,ollama-chatbot,8b563ca8-3ba8-47bf-a9f6-c5b794583c61,5b0fa12a-3dd7-45bb-9766-cc326314d9f1,48.52309960000002,0.0003594005069603,7.4067920211821635e-06,60.0,0.0,10.0,0.0008086913333333,0,0.0001347408938888,0.0009434322272222,Germany,DEU,north rhine-westphalia,,,Windows-10-10.0.26100-SP0,3.11.0,3.0.1,8,Intel(R) Core(TM) i5-8250U CPU @ 1.60GHz,,,7.191,51.6006,7.873264312744141,machine,N,1.0
2025-07-07T12:47:39,ollama-chatbot,40d1c665-6a48-4c95-9f7c-c61119d28d0f,5b0fa12a-3dd7-45bb-9766-cc326314d9f1,16.915868599999612,0.0001252891267793,7.40660321630386e-06,60.0,0.0,10.0,0.0002819193683333,0,4.6966644999998965e-05,0.0003288860133333,Germany,DEU,north rhine-westphalia,,,Windows-10-10.0.26100-SP0,3.11.0,3.0.1,8,Intel(R) Core(TM) i5-8250U CPU @ 1.60GHz,,,7.191,51.6006,7.873264312744141,machine,N,1.0
2025-07-07T12:48:56,ollama-chatbot,ae9ce6ad-080d-4a92-a9c6-69e8ba5e69f5,5b0fa12a-3dd7-45bb-9766-cc326314d9f1,69.55546819999972,0.0005151874887353,7.406858181932559e-06,60.0,0.0,10.0,0.0011592262099999,0,0.0001931494002777,0.0013523756102777,Germany,DEU,north rhine-westphalia,,,Windows-10-10.0.26100-SP0,3.11.0,3.0.1,8,Intel(R) Core(TM) i5-8250U CPU @ 1.60GHz,,,7.191,51.6006,7.873264312744141,machine,N,1.0
2025-07-07T12:49:11,ollama-chatbot,598c3598-79be-46d3-8825-814cc59b502c,5b0fa12a-3dd7-45bb-9766-cc326314d9f1,7.776864299999943,5.760038666200165e-05,7.406633887388529e-06,60.0,0.0,10.0,0.0001296086066666,0,2.1593353333334004e-05,0.00015120196,Germany,DEU,north rhine-westphalia,,,Windows-10-10.0.26100-SP0,3.11.0,3.0.1,8,Intel(R) Core(TM) i5-8250U CPU @ 1.60GHz,,,7.191,51.6006,7.873264312744141,machine,N,1.0
2025-07-07T12:50:13,ollama-chatbot,b655f56a-d708-4c09-9f75-27c447d10deb,5b0fa12a-3dd7-45bb-9766-cc326314d9f1,55.0316270000003,0.0004076112356942,7.406854165774104e-06,60.0,0.0,10.0,0.000917168535,0,0.0001528176461111,0.0010699861811111,Germany,DEU,north rhine-westphalia,,,Windows-10-10.0.26100-SP0,3.11.0,3.0.1,8,Intel(R) Core(TM) i5-8250U CPU @ 1.60GHz,,,7.191,51.6006,7.873264312744141,machine,N,1.0
2025-07-07T12:50:26,ollama-chatbot,1f1f0fcd-77df-42b6-85dd-7767bdfa3fa1,5b0fa12a-3dd7-45bb-9766-cc326314d9f1,5.5611534999998185,4.118665316381848e-05,7.406134925752332e-06,60.0,0.0,10.0,9.267736166666508e-05,0,1.543827861111014e-05,0.0001081156402777,Germany,DEU,north rhine-westphalia,,,Windows-10-10.0.26100-SP0,3.11.0,3.0.1,8,Intel(R) Core(TM) i5-8250U CPU @ 1.60GHz,,,7.191,51.6006,7.873264312744141,machine,N,1.0
2025-07-07T12:51:13,ollama-chatbot,fba0139d-6b0f-4e5d-a91c-4b5b7776f522,5b0fa12a-3dd7-45bb-9766-cc326314d9f1,39.840568300000086,0.0002950968356332,7.406943430404045e-06,60.0,0.0,10.0,0.0006639952883333,0,0.0001106387466666,0.0007746340349999,Germany,DEU,north rhine-westphalia,,,Windows-10-10.0.26100-SP0,3.11.0,3.0.1,8,Intel(R) Core(TM) i5-8250U CPU @ 1.60GHz,,,7.191,51.6006,7.873264312744141,machine,N,1.0
2025-07-07T12:51:26,ollama-chatbot,3fd5594f-6642-41ff-9448-22fb14e9c6cc,5b0fa12a-3dd7-45bb-9766-cc326314d9f1,5.544841299999916,4.1067380364303935e-05,7.406412220365001e-06,60.0,0.0,10.0,9.240836166666211e-05,0,1.539418555555585e-05,0.0001078025472222,Germany,DEU,north rhine-westphalia,,,Windows-10-10.0.26100-SP0,3.11.0,3.0.1,8,Intel(R) Core(TM) i5-8250U CPU @ 1.60GHz,,,7.191,51.6006,7.873264312744141,machine,N,1.0
2025-07-07T12:52:59,ollama-chatbot,c2f8a1c0-493f-4ef7-8bf0-a20b722328de,5b0fa12a-3dd7-45bb-9766-cc326314d9f1,86.35308480000003,0.0006396076888819,7.406888710037044e-06,60.0,0.0,10.0,0.0014391827333333,0,0.0002397979436111,0.0016789806769444,Germany,DEU,north rhine-westphalia,,,Windows-10-10.0.26100-SP0,3.11.0,3.0.1,8,Intel(R) Core(TM) i5-8250U CPU @ 1.60GHz,,,7.191,51.6006,7.873264312744141,machine,N,1.0
2025-07-07T12:54:07,ollama-chatbot,cdbdffc6-2c14-43b9-bb0c-1b1df8afc7e0,5b0fa12a-3dd7-45bb-9766-cc326314d9f1,60.39964400000008,0.0004473725297243,7.406873618730567e-06,60.0,0.0,10.0,0.0010066350583333,0,0.0001677251719444,0.0011743602302777,Germany,DEU,north rhine-westphalia,,,Windows-10-10.0.26100-SP0,3.11.0,3.0.1,8,Intel(R) Core(TM) i5-8250U CPU @ 1.60GHz,,,7.191,51.6006,7.873264312744141,machine,N,1.0
2025-07-07T12:55:11,ollama-chatbot,8835a575-f813-42eb-b0cd-2d23ef7b87ce,5b0fa12a-3dd7-45bb-9766-cc326314d9f1,57.10992649999935,0.0004230072947063,7.40689614976835e-06,60.0,0.0,10.0,0.0009518094483333,0,0.0001585916402777,0.0011104010886111,Germany,DEU,north rhine-westphalia,,,Windows-10-10.0.26100-SP0,3.11.0,3.0.1,8,Intel(R) Core(TM) i5-8250U CPU @ 1.60GHz,,,7.191,51.6006,7.873264312744141,machine,N,1.0
2025-07-07T12:55:25,ollama-chatbot,fe91efef-dbf6-4c1c-9dba-bb0e636425f1,5b0fa12a-3dd7-45bb-9766-cc326314d9f1,6.513561800000389,4.824233467400475e-05,7.406444608232913e-06,60.0,0.0,10.0,0.000108551845,0,1.808507500000157e-05,0.00012663692,Germany,DEU,north rhine-westphalia,,,Windows-10-10.0.26100-SP0,3.11.0,3.0.1,8,Intel(R) Core(TM) i5-8250U CPU @ 1.60GHz,,,7.191,51.6006,7.873264312744141,machine,N,1.0
2025-07-07T12:56:28,ollama-chatbot,29ab9964-c720-488f-9fca-ff71f7ccfbbb,5b0fa12a-3dd7-45bb-9766-cc326314d9f1,56.170653799999855,0.0004160457626606,7.406817163675089e-06,60.0,0.0,10.0,0.0009361474566666,0,0.0001559794961111,0.0010921269527777,Germany,DEU,north rhine-westphalia,,,Windows-10-10.0.26100-SP0,3.11.0,3.0.1,8,Intel(R) Core(TM) i5-8250U CPU @ 1.60GHz,,,7.191,51.6006,7.873264312744141,machine,N,1.0
2025-07-07T12:56:43,ollama-chatbot,54ee225d-fe9a-4ff8-8199-b9617bee6d52,5b0fa12a-3dd7-45bb-9766-cc326314d9f1,7.358280399999785,5.449950636008039e-05,7.406554710810148e-06,60.0,0.0,10.0,0.0001226306783333,0,2.043141999999989e-05,0.0001430620983333,Germany,DEU,north rhine-westphalia,,,Windows-10-10.0.26100-SP0,3.11.0,3.0.1,8,Intel(R) Core(TM) i5-8250U CPU @ 1.60GHz,,,7.191,51.6006,7.873264312744141,machine,N,1.0
2025-07-07T12:57:58,ollama-chatbot,fee1ddf0-2bfa-494a-9155-16286a3b8948,5b0fa12a-3dd7-45bb-9766-cc326314d9f1,67.71355120000044,0.0005015411573058,7.406806295308437e-06,60.0,0.0,10.0,0.00112852448,0,0.0001880292863888,0.0013165537663889,Germany,DEU,north rhine-westphalia,,,Windows-10-10.0.26100-SP0,3.11.0,3.0.1,8,Intel(R) Core(TM) i5-8250U CPU @ 1.60GHz,,,7.191,51.6006,7.873264312744141,machine,N,1.0
2025-07-07T12:58:12,ollama-chatbot,a66e6ed7-13cf-4ad3-85c5-9387ea0d3a34,5b0fa12a-3dd7-45bb-9766-cc326314d9f1,6.571054200000617,4.866913708583404e-05,7.406594985296191e-06,60.0,0.0,10.0,0.00010951262,0,1.824466333333324e-05,0.0001277572833333,Germany,DEU,north rhine-westphalia,,,Windows-10-10.0.26100-SP0,3.11.0,3.0.1,8,Intel(R) Core(TM) i5-8250U CPU @ 1.60GHz,,,7.191,51.6006,7.873264312744141,machine,N,1.0
2025-07-07T12:59:31,ollama-chatbot,72983a74-962e-4f62-9862-7ea25d05b870,5b0fa12a-3dd7-45bb-9766-cc326314d9f1,71.69274860000041,0.0005310137927832,7.406799197307555e-06,60.0,0.0,10.0,0.0011948387383333,0,0.0001990811797222,0.0013939199180555,Germany,DEU,north rhine-westphalia,,,Windows-10-10.0.26100-SP0,3.11.0,3.0.1,8,Intel(R) Core(TM) i5-8250U CPU @ 1.60GHz,,,7.191,51.6006,7.873264312744141,machine,N,1.0
2025-07-07T13:00:29,ollama-chatbot,0c663c88-858a-4d40-bf07-57ff76154ee4,5b0fa12a-3dd7-45bb-9766-cc326314d9f1,50.15161900000021,0.0003714625860691,7.4067915149297714e-06,60.0,0.0,10.0,0.0008358320333333,0,0.0001392633494444,0.0009750953827777,Germany,DEU,north rhine-westphalia,,,Windows-10-10.0.26100-SP0,3.11.0,3.0.1,8,Intel(R) Core(TM) i5-8250U CPU @ 1.60GHz,,,7.191,51.6006,7.873264312744141,machine,N,1.0
2025-07-07T13:28:48,img_classification,0394ee8b-b539-4579-9fbd-cb997958c674,5b0fa12a-3dd7-45bb-9766-cc326314d9f1,20.59860870000012,0.0001523320721514,7.395260251310193e-06,60.0,0.0,10.0,0.0003430902033333,0,5.6783985277777695e-05,0.0003998741886111,Germany,DEU,north rhine-westphalia,,,Windows-10-10.0.26100-SP0,3.11.0,3.0.1,8,Intel(R) Core(TM) i5-8250U CPU @ 1.60GHz,,,7.191,51.6006,7.873264312744141,machine,N,1.0
2025-07-07T13:29:35,chat_request,a307b7da-6a30-4c42-867f-33e29d93cd01,5b0fa12a-3dd7-45bb-9766-cc326314d9f1,15.947632800000063,0.0001180726515651,7.403772901337529e-06,60.0,0.0,10.0,0.0002657350233333,0,4.420762416666801e-05,0.0003099426474999,Germany,DEU,north rhine-westphalia,,,Windows-10-10.0.26100-SP0,3.11.0,3.0.1,8,Intel(R) Core(TM) i5-8250U CPU @ 1.60GHz,,,7.191,51.6006,7.873264312744141,machine,N,1.0
2025-07-07T13:31:05,chat_request,3ebb24b9-c7fa-4d25-87a9-87719d562275,5b0fa12a-3dd7-45bb-9766-cc326314d9f1,54.820047899999736,0.000405931423336,7.404798771363952e-06,60.0,0.0,10.0,0.0009135384133333,0,0.0001520382327777,0.0010655766461111,Germany,DEU,north rhine-westphalia,,,Windows-10-10.0.26100-SP0,3.11.0,3.0.1,8,Intel(R) Core(TM) i5-8250U CPU @ 1.60GHz,,,7.191,51.6006,7.873264312744141,machine,N,1.0
2025-07-07T13:31:53,chat_request,ffc138cd-1b98-4843-8cc2-82aafc14eec2,5b0fa12a-3dd7-45bb-9766-cc326314d9f1,34.88974710000002,0.0002583632267012,7.405133260516686e-06,60.0,0.0,10.0,0.00058143244,0,9.677526888888728e-05,0.0006782077088888,Germany,DEU,north rhine-westphalia,,,Windows-10-10.0.26100-SP0,3.11.0,3.0.1,8,Intel(R) Core(TM) i5-8250U CPU @ 1.60GHz,,,7.191,51.6006,7.873264312744141,machine,N,1.0
2025-07-07T13:32:35,chat_request,fe482432-4f9e-40f4-a6cb-f514d84dc6ef,5b0fa12a-3dd7-45bb-9766-cc326314d9f1,9.90395179999996,7.335049965174898e-05,7.40618503936472e-06,60.0,0.0,10.0,0.0001650575616666,0,2.7488703333334443e-05,0.0001925462649999,Germany,DEU,north rhine-westphalia,,,Windows-10-10.0.26100-SP0,3.11.0,3.0.1,8,Intel(R) Core(TM) i5-8250U CPU @ 1.60GHz,,,7.191,51.6006,7.873264312744141,machine,N,1.0
2025-07-13T12:12:12,ollama-chatbot,299098f0-7302-490c-a391-69eedf14c389,5b0fa12a-3dd7-45bb-9766-cc326314d9f1,38.878681599999936,0.0002879690794412,7.40686328831848e-06,60.0,0.0,10.0,0.0006479620883333,0,0.0001079614697222,0.0007559235580555,Germany,DEU,north rhine-westphalia,,,Windows-10-10.0.26100-SP0,3.11.0,3.0.1,8,Intel(R) Core(TM) i5-8250U CPU @ 1.60GHz,,,7.2005,51.6104,7.873264312744141,machine,N,1.0
2025-07-13T12:12:23,ollama-chatbot,4655f4c2-c824-4079-a272-d964d5daf145,5b0fa12a-3dd7-45bb-9766-cc326314d9f1,4.482185599999866,3.3197700767040845e-05,7.406587707354608e-06,60.0,0.0,10.0,7.470035166666471e-05,0,1.2444157499999796e-05,8.714450916666451e-05,Germany,DEU,north rhine-westphalia,,,Windows-10-10.0.26100-SP0,3.11.0,3.0.1,8,Intel(R) Core(TM) i5-8250U CPU @ 1.60GHz,,,7.2005,51.6104,7.873264312744141,machine,N,1.0
2025-07-13T12:13:33,ollama-chatbot,c08481ac-62b4-44d7-acf0-1989e8ce14ea,5b0fa12a-3dd7-45bb-9766-cc326314d9f1,64.28542360000006,0.0004761485084976,7.406788068480057e-06,60.0,0.0,10.0,0.0010713968099999,0,0.0001785008366666,0.0012498976466666,Germany,DEU,north rhine-westphalia,,,Windows-10-10.0.26100-SP0,3.11.0,3.0.1,8,Intel(R) Core(TM) i5-8250U CPU @ 1.60GHz,,,7.2005,51.6104,7.873264312744141,machine,N,1.0
2025-07-13T12:13:46,ollama-chatbot,2e281e3d-0fec-4308-a3d1-8c00f7def8a5,5b0fa12a-3dd7-45bb-9766-cc326314d9f1,7.242772999999943,5.364523762522232e-05,7.406726349869413e-06,60.0,0.0,10.0,0.000120708175,0,2.011145388888862e-05,0.0001408196288888,Germany,DEU,north rhine-westphalia,,,Windows-10-10.0.26100-SP0,3.11.0,3.0.1,8,Intel(R) Core(TM) i5-8250U CPU @ 1.60GHz,,,7.2005,51.6104,7.873264312744141,machine,N,1.0
2025-07-13T12:15:26,ollama-chatbot,884eff26-7104-401b-9e91-99c5f1b26c8b,5b0fa12a-3dd7-45bb-9766-cc326314d9f1,93.36906509999994,0.0006915635698699,7.406774065150057e-06,60.0,0.0,10.0,0.0015561101066666,0,0.0002592556102777,0.0018153657169444,Germany,DEU,north rhine-westphalia,,,Windows-10-10.0.26100-SP0,3.11.0,3.0.1,8,Intel(R) Core(TM) i5-8250U CPU @ 1.60GHz,,,7.2005,51.6104,7.873264312744141,machine,N,1.0
2025-07-13T12:15:37,ollama-chatbot,54d33165-719c-48f5-8f89-8faab75b12c4,5b0fa12a-3dd7-45bb-9766-cc326314d9f1,5.136977599999909,3.804557205495826e-05,7.406217238509845e-06,60.0,0.0,10.0,8.560977500000035e-05,0,1.42604758333328e-05,9.987025083333314e-05,Germany,DEU,north rhine-westphalia,,,Windows-10-10.0.26100-SP0,3.11.0,3.0.1,8,Intel(R) Core(TM) i5-8250U CPU @ 1.60GHz,,,7.2005,51.6104,7.873264312744141,machine,N,1.0
2025-07-13T12:16:21,ollama-chatbot,a1c74322-0cee-4816-aa50-dc86500e7b97,5b0fa12a-3dd7-45bb-9766-cc326314d9f1,37.49384750000013,0.0002777126757134,7.406886575550782e-06,60.0,0.0,10.0,0.0006248834233333,0,0.0001041169066666,0.0007290003299999,Germany,DEU,north rhine-westphalia,,,Windows-10-10.0.26100-SP0,3.11.0,3.0.1,8,Intel(R) Core(TM) i5-8250U CPU @ 1.60GHz,,,7.2005,51.6104,7.873264312744141,machine,N,1.0
2025-07-13T12:16:36,ollama-chatbot,07c496e5-f6b7-4633-8a75-b4bcbc793099,5b0fa12a-3dd7-45bb-9766-cc326314d9f1,8.764982800000098,6.492053657215377e-05,7.406807070078111e-06,60.0,0.0,10.0,0.00014607839,0,2.433908361111132e-05,0.0001704174736111,Germany,DEU,north rhine-westphalia,,,Windows-10-10.0.26100-SP0,3.11.0,3.0.1,8,Intel(R) Core(TM) i5-8250U CPU @ 1.60GHz,,,7.2005,51.6104,7.873264312744141,machine,N,1.0
2025-07-13T12:17:46,ollama-chatbot,82e377c1-a919-4a53-b892-f671d54d9229,5b0fa12a-3dd7-45bb-9766-cc326314d9f1,63.343793700000106,0.0004691846489532,7.406955307655887e-06,60.0,0.0,10.0,0.0010557114033333,0,0.0001759059977777,0.0012316174011111,Germany,DEU,north rhine-westphalia,,,Windows-10-10.0.26100-SP0,3.11.0,3.0.1,8,Intel(R) Core(TM) i5-8250U CPU @ 1.60GHz,,,7.2005,51.6104,7.873264312744141,machine,N,1.0
2025-07-13T12:18:00,ollama-chatbot,f95fd73a-e494-4d4d-83ea-8910a912f486,5b0fa12a-3dd7-45bb-9766-cc326314d9f1,8.046970999999985,5.960263361877821e-05,7.406840862080691e-06,60.0,0.0,10.0,0.0001341122916666,0,2.2345599444444512e-05,0.0001564578911111,Germany,DEU,north rhine-westphalia,,,Windows-10-10.0.26100-SP0,3.11.0,3.0.1,8,Intel(R) Core(TM) i5-8250U CPU @ 1.60GHz,,,7.2005,51.6104,7.873264312744141,machine,N,1.0
2025-07-13T12:19:05,ollama-chatbot,272fba0e-1f36-4a51-b3ce-58bdcefb0f39,5b0fa12a-3dd7-45bb-9766-cc326314d9f1,59.6298498000001,0.0004416779662679,7.406994445723788e-06,60.0,0.0,10.0,0.0009938133116666,0,0.0001655985961111,0.0011594119077777,Germany,DEU,north rhine-westphalia,,,Windows-10-10.0.26100-SP0,3.11.0,3.0.1,8,Intel(R) Core(TM) i5-8250U CPU @ 1.60GHz,,,7.2005,51.6104,7.873264312744141,machine,N,1.0
2025-07-13T12:19:16,ollama-chatbot,b8e0b8dc-38b4-41fc-9c94-b201530362ce,5b0fa12a-3dd7-45bb-9766-cc326314d9f1,4.984067500000037,3.6914576689861134e-05,7.406516201849364e-06,60.0,0.0,10.0,8.306348166666643e-05,0,1.3837887777778076e-05,9.69013694444445e-05,Germany,DEU,north rhine-westphalia,,,Windows-10-10.0.26100-SP0,3.11.0,3.0.1,8,Intel(R) Core(TM) i5-8250U CPU @ 1.60GHz,,,7.2005,51.6104,7.873264312744141,machine,N,1.0
2025-07-13T12:20:52,ollama-chatbot,cd962b4a-ec49-4b3e-8ab0-d723b34c8f30,5b0fa12a-3dd7-45bb-9766-cc326314d9f1,89.69669429999999,0.0006643770374588,7.406928902382467e-06,60.0,0.0,10.0,0.001494918545,0,0.0002490820783333,0.0017440006233333,Germany,DEU,north rhine-westphalia,,,Windows-10-10.0.26100-SP0,3.11.0,3.0.1,8,Intel(R) Core(TM) i5-8250U CPU @ 1.60GHz,,,7.2005,51.6104,7.873264312744141,machine,N,1.0
2025-07-13T12:21:03,ollama-chatbot,f5beb417-b6c8-4a59-b8fd-15db052bbd46,5b0fa12a-3dd7-45bb-9766-cc326314d9f1,4.897860300000048,3.627557983705484e-05,7.406413742967411e-06,60.0,0.0,10.0,8.162622499999846e-05,0,1.359776722222187e-05,9.522399222222031e-05,Germany,DEU,north rhine-westphalia,,,Windows-10-10.0.26100-SP0,3.11.0,3.0.1,8,Intel(R) Core(TM) i5-8250U CPU @ 1.60GHz,,,7.2005,51.6104,7.873264312744141,machine,N,1.0
2025-07-13T12:22:01,ollama-chatbot,a9a9fd5c-74aa-4875-912a-ece67f1bfff4,5b0fa12a-3dd7-45bb-9766-cc326314d9f1,52.07211129999996,0.0003856877517645,7.406800725679993e-06,60.0,0.0,10.0,0.0008678476783333,0,0.0001445889977777,0.0010124366761111,Germany,DEU,north rhine-westphalia,,,Windows-10-10.0.26100-SP0,3.11.0,3.0.1,8,Intel(R) Core(TM) i5-8250U CPU @ 1.60GHz,,,7.2005,51.6104,7.873264312744141,machine,N,1.0
2025-07-13T12:22:12,ollama-chatbot,a702e618-185a-48fb-beda-cb5917c16a85,5b0fa12a-3dd7-45bb-9766-cc326314d9f1,5.806501199999957,4.300736548799982e-05,7.406760802529437e-06,60.0,0.0,10.0,9.677242666666644e-05,0,1.6122613333333095e-05,0.0001128950399999,Germany,DEU,north rhine-westphalia,,,Windows-10-10.0.26100-SP0,3.11.0,3.0.1,8,Intel(R) Core(TM) i5-8250U CPU @ 1.60GHz,,,7.2005,51.6104,7.873264312744141,machine,N,1.0
2025-07-13T12:23:20,ollama-chatbot,75be9207-9d18-4e4f-b1d2-bb6982689578,5b0fa12a-3dd7-45bb-9766-cc326314d9f1,62.31536300000016,0.0004615596856043,7.4068361858745135e-06,60.0,0.0,10.0,0.0010385656816666,0,0.0001730360655555,0.0012116017472222,Germany,DEU,north rhine-westphalia,,,Windows-10-10.0.26100-SP0,3.11.0,3.0.1,8,Intel(R) Core(TM) i5-8250U CPU @ 1.60GHz,,,7.2005,51.6104,7.873264312744141,machine,N,1.0
2025-07-13T12:23:32,ollama-chatbot,059c212d-e5a8-446e-a690-cbdb64ab49e8,5b0fa12a-3dd7-45bb-9766-cc326314d9f1,5.20655940000006,3.85630113606253e-05,7.406620840746551e-06,60.0,0.0,10.0,8.677227333333424e-05,0,1.445626416666654e-05,0.0001012285375,Germany,DEU,north rhine-westphalia,,,Windows-10-10.0.26100-SP0,3.11.0,3.0.1,8,Intel(R) Core(TM) i5-8250U CPU @ 1.60GHz,,,7.2005,51.6104,7.873264312744141,machine,N,1.0
2025-07-13T12:24:09,ollama-chatbot,7c2c1e03-3586-428b-91e3-3a02834a4085,5b0fa12a-3dd7-45bb-9766-cc326314d9f1,31.615703400000257,0.0002341709883798,7.406793561323833e-06,60.0,0.0,10.0,0.0005269150999999,0,8.778758638888904e-05,0.0006147026863888,Germany,DEU,north rhine-westphalia,,,Windows-10-10.0.26100-SP0,3.11.0,3.0.1,8,Intel(R) Core(TM) i5-8250U CPU @ 1.60GHz,,,7.2005,51.6104,7.873264312744141,machine,N,1.0
2025-07-13T12:24:19,ollama-chatbot,34e3acc9-2d9b-4e0c-b5bd-ee6726f541da,5b0fa12a-3dd7-45bb-9766-cc326314d9f1,4.509984000000259,3.3403202445610926e-05,7.406501319208452e-06,60.0,0.0,10.0,7.516281999999894e-05,0,1.2521134444445022e-05,8.768395444444396e-05,Germany,DEU,north rhine-westphalia,,,Windows-10-10.0.26100-SP0,3.11.0,3.0.1,8,Intel(R) Core(TM) i5-8250U CPU @ 1.60GHz,,,7.2005,51.6104,7.873264312744141,machine,N,1.0
2025-07-13T12:25:11,ollama-chatbot,a0bb1276-7ec9-45e0-8d50-5d445e02706f,5b0fa12a-3dd7-45bb-9766-cc326314d9f1,45.69858440000007,0.0003384837187492,7.406875359343693e-06,60.0,0.0,10.0,0.0007616243083333,0,0.0001269010066666,0.0008885253149999,Germany,DEU,north rhine-westphalia,,,Windows-10-10.0.26100-SP0,3.11.0,3.0.1,8,Intel(R) Core(TM) i5-8250U CPU @ 1.60GHz,,,7.2005,51.6104,7.873264312744141,machine,N,1.0
2025-07-13T12:25:21,ollama-chatbot,b921df12-82b5-4112-8235-eba8dee86baf,5b0fa12a-3dd7-45bb-9766-cc326314d9f1,3.884233899999799,2.876836051408448e-05,7.406443910106949e-06,60.0,0.0,10.0,6.473392000000331e-05,0,1.0783498333333024e-05,7.551741833333633e-05,Germany,DEU,north rhine-westphalia,,,Windows-10-10.0.26100-SP0,3.11.0,3.0.1,8,Intel(R) Core(TM) i5-8250U CPU @ 1.60GHz,,,7.2005,51.6104,7.873264312744141,machine,N,1.0
2025-07-13T12:26:35,ollama-chatbot,437f1c78-ca43-497e-b219-a690318cde97,5b0fa12a-3dd7-45bb-9766-cc326314d9f1,68.71995229999993,0.0005090016202014,7.406897169826402e-06,60.0,0.0,10.0,0.0011453065683333,0,0.0001908310355555,0.0013361376038888,Germany,DEU,north rhine-westphalia,,,Windows-10-10.0.26100-SP0,3.11.0,3.0.1,8,Intel(R) Core(TM) i5-8250U CPU @ 1.60GHz,,,7.2005,51.6104,7.873264312744141,machine,N,1.0
2025-07-13T12:27:05,ollama-chatbot,bc71c0f9-aeb7-4003-b182-0604f4227e35,5b0fa12a-3dd7-45bb-9766-cc326314d9f1,23.833739700000024,0.0001765358004538,7.406970231107824e-06,60.0,0.0,10.0,0.0003972210633333,0,6.618830916666588e-05,0.0004634093724999,Germany,DEU,north rhine-westphalia,,,Windows-10-10.0.26100-SP0,3.11.0,3.0.1,8,Intel(R) Core(TM) i5-8250U CPU @ 1.60GHz,,,7.2005,51.6104,7.873264312744141,machine,N,1.0
2025-07-13T12:28:03,ollama-chatbot,613f86c9-c179-412c-830c-41fafafeeec5,5b0fa12a-3dd7-45bb-9766-cc326314d9f1,52.2539612999999,0.0003870373058694,7.406851006900432e-06,60.0,0.0,10.0,0.0008708800699999,0,0.0001450992077777,0.0010159792777777,Germany,DEU,north rhine-westphalia,,,Windows-10-10.0.26100-SP0,3.11.0,3.0.1,8,Intel(R) Core(TM) i5-8250U CPU @ 1.60GHz,,,7.2005,51.6104,7.873264312744141,machine,N,1.0
2025-07-13T12:28:22,ollama-chatbot,696b83bc-f495-42e7-a0bb-7fbc15e9ea80,5b0fa12a-3dd7-45bb-9766-cc326314d9f1,12.996896799999831,9.626854942891524e-05,7.407041150693487e-06,60.0,0.0,10.0,0.0002166108666666,0,3.609565499999942e-05,0.0002527065216666,Germany,DEU,north rhine-westphalia,,,Windows-10-10.0.26100-SP0,3.11.0,3.0.1,8,Intel(R) Core(TM) i5-8250U CPU @ 1.60GHz,,,7.2005,51.6104,7.873264312744141,machine,N,1.0
2025-07-13T12:29:12,ollama-chatbot,59abaabe-bbf4-4649-afb4-96d60f847273,5b0fa12a-3dd7-45bb-9766-cc326314d9f1,43.74343020000015,0.0003240063196039,7.40697101536242e-06,60.0,0.0,10.0,0.0007290449616666,0,0.0001214769430555,0.0008505219047222,Germany,DEU,north rhine-westphalia,,,Windows-10-10.0.26100-SP0,3.11.0,3.0.1,8,Intel(R) Core(TM) i5-8250U CPU @ 1.60GHz,,,7.2005,51.6104,7.873264312744141,machine,N,1.0
2025-07-13T12:29:43,ollama-chatbot,9cb0e227-5f9e-4836-bc5b-abc3c56f042c,5b0fa12a-3dd7-45bb-9766-cc326314d9f1,24.87644380000029,0.0001842555115704,7.40682683794448e-06,60.0,0.0,10.0,0.0004145947166666,0,6.907902416666679e-05,0.0004836737408333,Germany,DEU,north rhine-westphalia,,,Windows-10-10.0.26100-SP0,3.11.0,3.0.1,8,Intel(R) Core(TM) i5-8250U CPU @ 1.60GHz,,,7.2005,51.6104,7.873264312744141,machine,N,1.0
2025-07-13T12:30:23,ollama-chatbot,01ccc9f6-7185-4970-bdd1-c54383b57236,5b0fa12a-3dd7-45bb-9766-cc326314d9f1,34.314248099999986,0.0002541577695992,7.406770763519963e-06,60.0,0.0,10.0,0.0005718876033333,0,9.528071166666654e-05,0.000667168315,Germany,DEU,north rhine-westphalia,,,Windows-10-10.0.26100-SP0,3.11.0,3.0.1,8,Intel(R) Core(TM) i5-8250U CPU @ 1.60GHz,,,7.2005,51.6104,7.873264312744141,machine,N,1.0
2025-07-13T12:30:36,ollama-chatbot,959c763a-1a6b-4fa8-83dd-2a7f2a07b5a3,5b0fa12a-3dd7-45bb-9766-cc326314d9f1,6.7461435999998685,4.996635786703981e-05,7.406654946841153e-06,60.0,0.0,10.0,0.0001124316533333,0,1.8730855833333257e-05,0.0001311625091666,Germany,DEU,north rhine-westphalia,,,Windows-10-10.0.26100-SP0,3.11.0,3.0.1,8,Intel(R) Core(TM) i5-8250U CPU @ 1.60GHz,,,7.2005,51.6104,7.873264312744141,machine,N,1.0
2025-07-13T12:31:53,ollama-chatbot,e91a6c15-0399-4326-988d-00293c875d55,5b0fa12a-3dd7-45bb-9766-cc326314d9f1,70.82927979999977,0.0005246291764968,7.406953423475186e-06,60.0,0.0,10.0,0.0011804661566666,0,0.0001966940388888,0.0013771601955555,Germany,DEU,north rhine-westphalia,,,Windows-10-10.0.26100-SP0,3.11.0,3.0.1,8,Intel(R) Core(TM) i5-8250U CPU @ 1.60GHz,,,7.2005,51.6104,7.873264312744141,machine,N,1.0
2025-07-13T12:32:05,ollama-chatbot,4ece6613-eabf-4250-ac95-e2044ec662bb,5b0fa12a-3dd7-45bb-9766-cc326314d9f1,5.945460500000081,4.403658360561147e-05,7.406757408549073e-06,60.0,0.0,10.0,9.90879783333336e-05,0,1.650877611111178e-05,0.0001155967544444,Germany,DEU,north rhine-westphalia,,,Windows-10-10.0.26100-SP0,3.11.0,3.0.1,8,Intel(R) Core(TM) i5-8250U CPU @ 1.60GHz,,,7.2005,51.6104,7.873264312744141,machine,N,1.0
2025-07-13T12:32:52,ollama-chatbot,80015103-9a48-4cb7-923d-bb33431f9d1b,5b0fa12a-3dd7-45bb-9766-cc326314d9f1,41.87823279999975,0.000310185504503,7.40684321576925e-06,60.0,0.0,10.0,0.000697952605,0,0.0001162894333333,0.0008142420383333,Germany,DEU,north rhine-westphalia,,,Windows-10-10.0.26100-SP0,3.11.0,3.0.1,8,Intel(R) Core(TM) i5-8250U CPU @ 1.60GHz,,,7.2005,51.6104,7.873264312744141,machine,N,1.0
2025-07-13T12:33:02,ollama-chatbot,f8a07f47-d636-4d17-a14c-934feb2a1e58,5b0fa12a-3dd7-45bb-9766-cc326314d9f1,3.516732400000365,2.6045503775432163e-05,7.406165955484547e-06,60.0,0.0,10.0,5.860779500000413e-05,0,9.7620797222223e-06,6.836987472222644e-05,Germany,DEU,north rhine-westphalia,,,Windows-10-10.0.26100-SP0,3.11.0,3.0.1,8,Intel(R) Core(TM) i5-8250U CPU @ 1.60GHz,,,7.2005,51.6104,7.873264312744141,machine,N,1.0
2025-07-13T12:34:09,ollama-chatbot,4b2ba094-e77a-4f1e-b338-c60aeb225ae6,5b0fa12a-3dd7-45bb-9766-cc326314d9f1,61.08542089999992,0.0004524476244598,7.406802110776732e-06,60.0,0.0,10.0,0.0010180593099999,0,0.0001696231272222,0.0011876824372222,Germany,DEU,north rhine-westphalia,,,Windows-10-10.0.26100-SP0,3.11.0,3.0.1,8,Intel(R) Core(TM) i5-8250U CPU @ 1.60GHz,,,7.2005,51.6104,7.873264312744141,machine,N,1.0
2025-07-13T12:34:19,ollama-chatbot,f6616f55-f22b-4554-bd1b-afa599515fd3,5b0fa12a-3dd7-45bb-9766-cc326314d9f1,4.783560800000032,3.5428723225182386e-05,7.406349517953686e-06,60.0,0.0,10.0,7.972104500000416e-05,0,1.327993472222286e-05,9.300097972222702e-05,Germany,DEU,north rhine-westphalia,,,Windows-10-10.0.26100-SP0,3.11.0,3.0.1,8,Intel(R) Core(TM) i5-8250U CPU @ 1.60GHz,,,7.2005,51.6104,7.873264312744141,machine,N,1.0
2025-07-13T12:35:13,ollama-chatbot,9de8a57a-6b14-4722-a306-d34fbb817ba1,5b0fa12a-3dd7-45bb-9766-cc326314d9f1,47.75927660000025,0.0003537427303639,7.4067857712057e-06,60.0,0.0,10.0,0.0007959646866666,0,0.0001326157841666,0.0009285804708333,Germany,DEU,north rhine-westphalia,,,Windows-10-10.0.26100-SP0,3.11.0,3.0.1,8,Intel(R) Core(TM) i5-8250U CPU @ 1.60GHz,,,7.2005,51.6104,7.873264312744141,machine,N,1.0
2025-07-13T12:35:30,ollama-chatbot,9d49e31b-caf0-4a89-a020-46afbea58cdc,5b0fa12a-3dd7-45bb-9766-cc326314d9f1,11.239254300000084,8.32488012790416e-05,7.406968385708736e-06,60.0,0.0,10.0,0.0001873167799999,0,3.1212689166666983e-05,0.0002185294691666,Germany,DEU,north rhine-westphalia,,,Windows-10-10.0.26100-SP0,3.11.0,3.0.1,8,Intel(R) Core(TM) i5-8250U CPU @ 1.60GHz,,,7.2005,51.6104,7.873264312744141,machine,N,1.0
2025-07-13T12:36:05,ollama-chatbot,f406b0a3-8f0a-486a-b8a3-1708fcb5ed6a,5b0fa12a-3dd7-45bb-9766-cc326314d9f1,28.60941559999992,0.0002119097886772,7.406994663576279e-06,60.0,0.0,10.0,0.0004768146499999,0,7.945202194444443e-05,0.0005562666719444,Germany,DEU,north rhine-westphalia,,,Windows-10-10.0.26100-SP0,3.11.0,3.0.1,8,Intel(R) Core(TM) i5-8250U CPU @ 1.60GHz,,,7.2005,51.6104,7.873264312744141,machine,N,1.0
2025-07-13T12:36:15,ollama-chatbot,9f3e49aa-a641-4595-8011-880d245315e0,5b0fa12a-3dd7-45bb-9766-cc326314d9f1,4.437390699999924,3.28658277089854e-05,7.4065661400935395e-06,60.0,0.0,10.0,7.39534866666645e-05,0,1.2319850277778086e-05,8.627333694444258e-05,Germany,DEU,north rhine-westphalia,,,Windows-10-10.0.26100-SP0,3.11.0,3.0.1,8,Intel(R) Core(TM) i5-8250U CPU @ 1.60GHz,,,7.2005,51.6104,7.873264312744141,machine,N,1.0
2025-07-13T12:37:08,ollama-chatbot,b77cb5ef-552e-41c8-b009-90e340b6f23a,5b0fa12a-3dd7-45bb-9766-cc326314d9f1,47.29218949999995,0.0003502862296391,7.406851603670825e-06,60.0,0.0,10.0,0.0007881843916666,0,0.0001313227080555,0.0009195070997222,Germany,DEU,north rhine-westphalia,,,Windows-10-10.0.26100-SP0,3.11.0,3.0.1,8,Intel(R) Core(TM) i5-8250U CPU @ 1.60GHz,,,7.2005,51.6104,7.873264312744141,machine,N,1.0
2025-07-13T12:37:19,ollama-chatbot,28b836a2-23d4-4f07-931e-a5b480a10af7,5b0fa12a-3dd7-45bb-9766-cc326314d9f1,5.357464000000164,3.968083093505602e-05,7.406644437565013e-06,60.0,0.0,10.0,8.928738666666807e-05,0,1.4875445555555366e-05,0.0001041628322222,Germany,DEU,north rhine-westphalia,,,Windows-10-10.0.26100-SP0,3.11.0,3.0.1,8,Intel(R) Core(TM) i5-8250U CPU @ 1.60GHz,,,7.2005,51.6104,7.873264312744141,machine,N,1.0
2025-07-13T12:38:52,ollama-chatbot,a36653ec-5cd0-47a6-b28b-2c28c56660e8,5b0fa12a-3dd7-45bb-9766-cc326314d9f1,86.96612460000006,0.000644153163753,7.406943412918365e-06,60.0,0.0,10.0,0.0014494103349999,0,0.0002415022880555,0.0016909126230555,Germany,DEU,north rhine-westphalia,,,Windows-10-10.0.26100-SP0,3.11.0,3.0.1,8,Intel(R) Core(TM) i5-8250U CPU @ 1.60GHz,,,7.2005,51.6104,7.873264312744141,machine,N,1.0
2025-07-13T12:39:53,ollama-chatbot,072fbaa2-18fa-4d63-a737-cce283143d44,5b0fa12a-3dd7-45bb-9766-cc326314d9f1,54.919352900000376,0.0004067825153711,7.406906561915617e-06,60.0,0.0,10.0,0.0009153025783333,0,0.0001525081983333,0.0010678107766666,Germany,DEU,north rhine-westphalia,,,Windows-10-10.0.26100-SP0,3.11.0,3.0.1,8,Intel(R) Core(TM) i5-8250U CPU @ 1.60GHz,,,7.2005,51.6104,7.873264312744141,machine,N,1.0
2025-07-13T12:40:43,ollama-chatbot,be8a246d-c820-4670-be64-d1761787a20c,5b0fa12a-3dd7-45bb-9766-cc326314d9f1,43.73827239999992,0.0003239668304327,7.406941624716545e-06,60.0,0.0,10.0,0.00072895576,0,0.000121462485,0.000850418245,Germany,DEU,north rhine-westphalia,,,Windows-10-10.0.26100-SP0,3.11.0,3.0.1,8,Intel(R) Core(TM) i5-8250U CPU @ 1.60GHz,,,7.2005,51.6104,7.873264312744141,machine,N,1.0
2025-07-13T12:41:07,ollama-chatbot,27171b45-fc15-4b25-819e-c6a732711959,5b0fa12a-3dd7-45bb-9766-cc326314d9f1,18.547085000000152,0.0001373722476614,7.406675909528088e-06,60.0,0.0,10.0,0.0003091056166666,0,5.14987872222226e-05,0.0003606044038888,Germany,DEU,north rhine-westphalia,,,Windows-10-10.0.26100-SP0,3.11.0,3.0.1,8,Intel(R) Core(TM) i5-8250U CPU @ 1.60GHz,,,7.2005,51.6104,7.873264312744141,machine,N,1.0
2025-07-13T12:42:07,ollama-chatbot,08a95574-3d5b-413e-9d28-a264dffe895f,5b0fa12a-3dd7-45bb-9766-cc326314d9f1,53.91831420000017,0.0003993676521905,7.406901682963674e-06,60.0,0.0,10.0,0.0008986198333333,0,0.0001497268058333,0.0010483466391666,Germany,DEU,north rhine-westphalia,,,Windows-10-10.0.26100-SP0,3.11.0,3.0.1,8,Intel(R) Core(TM) i5-8250U CPU @ 1.60GHz,,,7.2005,51.6104,7.873264312744141,machine,N,1.0
2025-07-13T12:42:42,ollama-chatbot,6bb2213c-f5b1-419e-820c-52b637b5750b,5b0fa12a-3dd7-45bb-9766-cc326314d9f1,29.431126200000108,0.0002179980368688,7.40705725589365e-06,60.0,0.0,10.0,0.0004905112266666,0,8.173719666666683e-05,0.0005722484233333,Germany,DEU,north rhine-westphalia,,,Windows-10-10.0.26100-SP0,3.11.0,3.0.1,8,Intel(R) Core(TM) i5-8250U CPU @ 1.60GHz,,,7.2005,51.6104,7.873264312744141,machine,N,1.0
2025-07-13T12:43:32,ollama-chatbot,f6167287-aa66-42f7-8c8b-a1e980e3de74,5b0fa12a-3dd7-45bb-9766-cc326314d9f1,44.33541019999984,0.0003283926328242,7.407005626942896e-06,60.0,0.0,10.0,0.0007389108749999,0,0.0001231251738888,0.0008620360488888,Germany,DEU,north rhine-westphalia,,,Windows-10-10.0.26100-SP0,3.11.0,3.0.1,8,Intel(R) Core(TM) i5-8250U CPU @ 1.60GHz,,,7.2005,51.6104,7.873264312744141,machine,N,1.0
2025-07-13T12:43:43,ollama-chatbot,f8bab015-97a0-4c33-a723-6de5933d5051,5b0fa12a-3dd7-45bb-9766-cc326314d9f1,4.368209300000217,3.23538772579024e-05,7.406668278898815e-06,60.0,0.0,10.0,7.280093166666574e-05,0,1.2128526944444378e-05,8.492945861111012e-05,Germany,DEU,north rhine-westphalia,,,Windows-10-10.0.26100-SP0,3.11.0,3.0.1,8,Intel(R) Core(TM) i5-8250U CPU @ 1.60GHz,,,7.2005,51.6104,7.873264312744141,machine,N,1.0
2025-07-13T12:44:52,ollama-chatbot,74514c46-cf97-45e9-a451-fafc105b69a9,5b0fa12a-3dd7-45bb-9766-cc326314d9f1,63.15927229999989,0.0004678128851459,7.406875793689298e-06,60.0,0.0,10.0,0.0010526311966666,0,0.0001753853019444,0.0012280164986111,Germany,DEU,north rhine-westphalia,,,Windows-10-10.0.26100-SP0,3.11.0,3.0.1,8,Intel(R) Core(TM) i5-8250U CPU @ 1.60GHz,,,7.2005,51.6104,7.873264312744141,machine,N,1.0
2025-07-13T12:45:02,ollama-chatbot,7222ed1c-50fa-4c2e-ae23-beb6d78eb9df,5b0fa12a-3dd7-45bb-9766-cc326314d9f1,4.971777899999779,3.682454455415294e-05,7.406715524069283e-06,60.0,0.0,10.0,8.286029000000023e-05,0,1.3804743611111311e-05,9.666503361111154e-05,Germany,DEU,north rhine-westphalia,,,Windows-10-10.0.26100-SP0,3.11.0,3.0.1,8,Intel(R) Core(TM) i5-8250U CPU @ 1.60GHz,,,7.2005,51.6104,7.873264312744141,machine,N,1.0
2025-07-13T12:45:57,ollama-chatbot,9b9468cc-1c00-41ec-9ea7-945198d739ce,5b0fa12a-3dd7-45bb-9766-cc326314d9f1,48.56750999999986,0.0003597307131504,7.406818120806969e-06,60.0,0.0,10.0,0.000809436935,0,0.0001348620888888,0.0009442990238888,Germany,DEU,north rhine-westphalia,,,Windows-10-10.0.26100-SP0,3.11.0,3.0.1,8,Intel(R) Core(TM) i5-8250U CPU @ 1.60GHz,,,7.2005,51.6104,7.873264312744141,machine,N,1.0
2025-07-13T12:46:54,ollama-chatbot,409b7bee-e85c-43b2-8fb8-df800b9ccd4e,5b0fa12a-3dd7-45bb-9766-cc326314d9f1,51.01376570000002,0.0003778558858991,7.406939689989963e-06,60.0,0.0,10.0,0.0008502133916666,0,0.0001416645080555,0.0009918778997222,Germany,DEU,north rhine-westphalia,,,Windows-10-10.0.26100-SP0,3.11.0,3.0.1,8,Intel(R) Core(TM) i5-8250U CPU @ 1.60GHz,,,7.2005,51.6104,7.873264312744141,machine,N,1.0
2025-07-13T12:48:10,ollama-chatbot,f129a8c2-e450-4f50-94ce-e166cc7a3e4f,5b0fa12a-3dd7-45bb-9766-cc326314d9f1,70.83250750000025,0.0005246541775046,7.406968862490859e-06,60.0,0.0,10.0,0.0011805178416666,0,0.0001967079819444,0.0013772258236111,Germany,DEU,north rhine-westphalia,,,Windows-10-10.0.26100-SP0,3.11.0,3.0.1,8,Intel(R) Core(TM) i5-8250U CPU @ 1.60GHz,,,7.2005,51.6104,7.873264312744141,machine,N,1.0
2025-07-13T12:48:22,ollama-chatbot,527bb085-3cb6-452a-96c8-ff072e89ffbb,5b0fa12a-3dd7-45bb-9766-cc326314d9f1,5.4679659000003085,4.0499743488777535e-05,7.406729344960847e-06,60.0,0.0,10.0,9.112974833333282e-05,0,1.518274277777765e-05,0.0001063124911111,Germany,DEU,north rhine-westphalia,,,Windows-10-10.0.26100-SP0,3.11.0,3.0.1,8,Intel(R) Core(TM) i5-8250U CPU @ 1.60GHz,,,7.2005,51.6104,7.873264312744141,machine,N,1.0
2025-07-13T12:49:18,ollama-chatbot,5e9f7076-2975-4060-9bee-e1ab6d6582bf,5b0fa12a-3dd7-45bb-9766-cc326314d9f1,49.91909919999989,0.0003697459153169,7.406902793569866e-06,60.0,0.0,10.0,0.0008319639833333,0,0.0001386251105555,0.0009705890938888,Germany,DEU,north rhine-westphalia,,,Windows-10-10.0.26100-SP0,3.11.0,3.0.1,8,Intel(R) Core(TM) i5-8250U CPU @ 1.60GHz,,,7.2005,51.6104,7.873264312744141,machine,N,1.0
2025-07-13T12:49:59,ollama-chatbot,05a142c8-71ff-485d-a74f-b6e14152e78c,5b0fa12a-3dd7-45bb-9766-cc326314d9f1,34.931364699999904,0.0002587296101255,7.406799372072498e-06,60.0,0.0,10.0,0.0005821741333333,0,9.69953380555555e-05,0.0006791694713888,Germany,DEU,north rhine-westphalia,,,Windows-10-10.0.26100-SP0,3.11.0,3.0.1,8,Intel(R) Core(TM) i5-8250U CPU @ 1.60GHz,,,7.2005,51.6104,7.873264312744141,machine,N,1.0
2025-07-13T12:50:33,ollama-chatbot,ed305175-e39d-4519-995c-54c8a349686c,5b0fa12a-3dd7-45bb-9766-cc326314d9f1,28.07411189999993,0.0002079457753572,7.407029511670507e-06,60.0,0.0,10.0,0.000467893575,0,7.796749694444493e-05,0.0005458610719444,Germany,DEU,north rhine-westphalia,,,Windows-10-10.0.26100-SP0,3.11.0,3.0.1,8,Intel(R) Core(TM) i5-8250U CPU @ 1.60GHz,,,7.2005,51.6104,7.873264312744141,machine,N,1.0
2025-07-13T12:50:43,ollama-chatbot,7d98e2a1-2730-4b73-83b5-7e111887145c,5b0fa12a-3dd7-45bb-9766-cc326314d9f1,4.412396700000045,3.2680589607471494e-05,7.406539309457639e-06,60.0,0.0,10.0,7.353675166666562e-05,0,1.2250332222221358e-05,8.578708388888698e-05,Germany,DEU,north rhine-westphalia,,,Windows-10-10.0.26100-SP0,3.11.0,3.0.1,8,Intel(R) Core(TM) i5-8250U CPU @ 1.60GHz,,,7.2005,51.6104,7.873264312744141,machine,N,1.0
2025-07-13T12:51:53,ollama-chatbot,1df0ea55-dea7-4411-a363-fd292a1649b9,5b0fa12a-3dd7-45bb-9766-cc326314d9f1,64.13790549999976,0.0004750664300755,7.406952665074339e-06,60.0,0.0,10.0,0.0010689412849999,0,0.0001781158880555,0.0012470571730555,Germany,DEU,north rhine-westphalia,,,Windows-10-10.0.26100-SP0,3.11.0,3.0.1,8,Intel(R) Core(TM) i5-8250U CPU @ 1.60GHz,,,7.2005,51.6104,7.873264312744141,machine,N,1.0
2025-07-13T12:52:04,ollama-chatbot,9681969b-5e07-40b8-b880-4f6243e38257,5b0fa12a-3dd7-45bb-9766-cc326314d9f1,4.639456799999607,3.436172142837393e-05,7.406410472100277e-06,60.0,0.0,10.0,7.731926499999796e-05,0,1.2880817499999212e-05,9.020008249999716e-05,Germany,DEU,north rhine-westphalia,,,Windows-10-10.0.26100-SP0,3.11.0,3.0.1,8,Intel(R) Core(TM) i5-8250U CPU @ 1.60GHz,,,7.2005,51.6104,7.873264312744141,machine,N,1.0
2025-07-13T12:53:11,ollama-chatbot,3ea0402e-ec7b-469a-b3f8-d1ac604e863b,5b0fa12a-3dd7-45bb-9766-cc326314d9f1,61.87095290000025,0.0004582702565337,7.406872450702708e-06,60.0,0.0,10.0,0.00103115616,0,0.0001718107819444,0.0012029669419444,Germany,DEU,north rhine-westphalia,,,Windows-10-10.0.26100-SP0,3.11.0,3.0.1,8,Intel(R) Core(TM) i5-8250U CPU @ 1.60GHz,,,7.2005,51.6104,7.873264312744141,machine,N,1.0
2025-07-13T12:53:22,ollama-chatbot,a89c4718-a728-4394-a721-3b17d4c2303a,5b0fa12a-3dd7-45bb-9766-cc326314d9f1,4.355263299999933,3.225722854978998e-05,7.406493322640327e-06,60.0,0.0,10.0,7.258392999999614e-05,0,1.2091824166666105e-05,8.467575416666224e-05,Germany,DEU,north rhine-westphalia,,,Windows-10-10.0.26100-SP0,3.11.0,3.0.1,8,Intel(R) Core(TM) i5-8250U CPU @ 1.60GHz,,,7.2005,51.6104,7.873264312744141,machine,N,1.0
2025-07-13T12:54:19,ollama-chatbot,fc2078ae-9c2d-4f01-b9f0-65fa2fdf34b7,5b0fa12a-3dd7-45bb-9766-cc326314d9f1,51.57001119999995,0.0003819740497901,7.406902595168036e-06,60.0,0.0,10.0,0.0008594791149999,0,0.0001432090324999,0.0010026881474999,Germany,DEU,north rhine-westphalia,,,Windows-10-10.0.26100-SP0,3.11.0,3.0.1,8,Intel(R) Core(TM) i5-8250U CPU @ 1.60GHz,,,7.2005,51.6104,7.873264312744141,machine,N,1.0
2025-07-13T12:54:35,ollama-chatbot,d246a711-3bf4-4634-bf26-68dce715d74d,5b0fa12a-3dd7-45bb-9766-cc326314d9f1,10.103733899999952,7.483713533376372e-05,7.406879087914625e-06,60.0,0.0,10.0,0.0001683902299999,0,2.805847805555509e-05,0.0001964487080555,Germany,DEU,north rhine-westphalia,,,Windows-10-10.0.26100-SP0,3.11.0,3.0.1,8,Intel(R) Core(TM) i5-8250U CPU @ 1.60GHz,,,7.2005,51.6104,7.873264312744141,machine,N,1.0
2025-07-13T12:55:55,ollama-chatbot,81d7a70b-c3bd-4b94-83a4-d72bd2a0a1b5,5b0fa12a-3dd7-45bb-9766-cc326314d9f1,74.08078149999983,0.0005487169112386,7.407007595331755e-06,60.0,0.0,10.0,0.0012346571033333,0,0.0002057337911111,0.0014403908944444,Germany,DEU,north rhine-westphalia,,,Windows-10-10.0.26100-SP0,3.11.0,3.0.1,8,Intel(R) Core(TM) i5-8250U CPU @ 1.60GHz,,,7.2005,51.6104,7.873264312744141,machine,N,1.0
2025-07-13T12:56:35,ollama-chatbot,7ca854be-50d4-4eed-9502-ef509163f0fa,5b0fa12a-3dd7-45bb-9766-cc326314d9f1,33.57486479999989,0.0002486832801113,7.406828935654287e-06,60.0,0.0,10.0,0.000559566615,0,9.323107527777664e-05,0.0006527976902777,Germany,DEU,north rhine-westphalia,,,Windows-10-10.0.26100-SP0,3.11.0,3.0.1,8,Intel(R) Core(TM) i5-8250U CPU @ 1.60GHz,,,7.2005,51.6104,7.873264312744141,machine,N,1.0
2025-07-13T12:57:22,ollama-chatbot,ff371ae8-fc34-4745-b8be-fc5eb3e8dc40,5b0fa12a-3dd7-45bb-9766-cc326314d9f1,41.41268280000031,0.0003067435144812,7.406994518144705e-06,60.0,0.0,10.0,0.0006901976216666,0,0.0001150091363888,0.0008052067580555,Germany,DEU,north rhine-westphalia,,,Windows-10-10.0.26100-SP0,3.11.0,3.0.1,8,Intel(R) Core(TM) i5-8250U CPU @ 1.60GHz,,,7.2005,51.6104,7.873264312744141,machine,N,1.0
2025-07-13T12:57:32,ollama-chatbot,f7094314-963f-48d7-8b8f-c91db58cc560,5b0fa12a-3dd7-45bb-9766-cc326314d9f1,4.1289694999995845,3.05807626256511e-05,7.406391019757879e-06,60.0,0.0,10.0,6.881199999999504e-05,0,1.146300361111167e-05,8.027500361110671e-05,Germany,DEU,north rhine-westphalia,,,Windows-10-10.0.26100-SP0,3.11.0,3.0.1,8,Intel(R) Core(TM) i5-8250U CPU @ 1.60GHz,,,7.2005,51.6104,7.873264312744141,machine,N,1.0
2025-07-13T12:58:56,ollama-chatbot,af0c87d5-b7ea-4e11-b9a3-8dca331eac41,5b0fa12a-3dd7-45bb-9766-cc326314d9f1,77.74701860000005,0.0005758697058712,7.406968347352229e-06,60.0,0.0,10.0,0.0012957567333333,0,0.0002159106925,0.0015116674258333,Germany,DEU,north rhine-westphalia,,,Windows-10-10.0.26100-SP0,3.11.0,3.0.1,8,Intel(R) Core(TM) i5-8250U CPU @ 1.60GHz,,,7.2005,51.6104,7.873264312744141,machine,N,1.0
2025-07-13T12:59:07,ollama-chatbot,7b65d385-fe27-4bf6-9f43-0bfd4d0a577c,5b0fa12a-3dd7-45bb-9766-cc326314d9f1,4.712537800000064,3.490351814794568e-05,7.406522691010608e-06,60.0,0.0,10.0,7.853806666666969e-05,0,1.3084241111111322e-05,9.162230777778102e-05,Germany,DEU,north rhine-westphalia,,,Windows-10-10.0.26100-SP0,3.11.0,3.0.1,8,Intel(R) Core(TM) i5-8250U CPU @ 1.60GHz,,,7.2005,51.6104,7.873264312744141,machine,N,1.0
2025-07-13T12:59:50,ollama-chatbot,e4987e6d-7983-4dfb-b07b-ad8127841cef,5b0fa12a-3dd7-45bb-9766-cc326314d9f1,36.97919449999972,0.0002738983265374,7.40682241030046e-06,60.0,0.0,10.0,0.0006163010666666,0,0.0001026865341666,0.0007189876008333,Germany,DEU,north rhine-westphalia,,,Windows-10-10.0.26100-SP0,3.11.0,3.0.1,8,Intel(R) Core(TM) i5-8250U CPU @ 1.60GHz,,,7.2005,51.6104,7.873264312744141,machine,N,1.0
2025-07-13T13:00:04,ollama-chatbot,bd1814ba-0670-403b-b0e2-fbec391374f5,5b0fa12a-3dd7-45bb-9766-cc326314d9f1,8.30231780000031,6.14935661389971e-05,7.406795020421261e-06,60.0,0.0,10.0,0.0001383671083333,0,2.3054511666666457e-05,0.0001614216199999,Germany,DEU,north rhine-westphalia,,,Windows-10-10.0.26100-SP0,3.11.0,3.0.1,8,Intel(R) Core(TM) i5-8250U CPU @ 1.60GHz,,,7.2005,51.6104,7.873264312744141,machine,N,1.0
2025-07-13T13:00:52,ollama-chatbot,3ea799e2-35f6-4c9f-a52c-8ea525fa69b1,5b0fa12a-3dd7-45bb-9766-cc326314d9f1,42.37937479999982,0.0003139053953276,7.407032237004401e-06,60.0,0.0,10.0,0.0007063102416666,0,0.0001176965711111,0.0008240068127777,Germany,DEU,north rhine-westphalia,,,Windows-10-10.0.26100-SP0,3.11.0,3.0.1,8,Intel(R) Core(TM) i5-8250U CPU @ 1.60GHz,,,7.2005,51.6104,7.873264312744141,machine,N,1.0
2025-07-13T13:01:12,ollama-chatbot,7c01acd5-df2f-4fe9-9f49-0e7fae4154fe,5b0fa12a-3dd7-45bb-9766-cc326314d9f1,13.774591600000347,0.0001020287907816,7.407028371111922e-06,60.0,0.0,10.0,0.0002295718383333,0,3.8255411388889926e-05,0.0002678272497222,Germany,DEU,north rhine-westphalia,,,Windows-10-10.0.26100-SP0,3.11.0,3.0.1,8,Intel(R) Core(TM) i5-8250U CPU @ 1.60GHz,,,7.2005,51.6104,7.873264312744141,machine,N,1.0
2025-07-13T13:02:20,ollama-chatbot,774011c4-c669-4eb7-b9a6-940c60b642a9,5b0fa12a-3dd7-45bb-9766-cc326314d9f1,62.64260300000024,0.0004639873756163,7.406898075680619e-06,60.0,0.0,10.0,0.0010440189249999,0,0.0001739555483333,0.0012179744733333,Germany,DEU,north rhine-westphalia,,,Windows-10-10.0.26100-SP0,3.11.0,3.0.1,8,Intel(R) Core(TM) i5-8250U CPU @ 1.60GHz,,,7.2005,51.6104,7.873264312744141,machine,N,1.0
2025-07-13T13:02:48,ollama-chatbot,a37457ae-60fa-4cfa-bb9d-6397d431f7e6,5b0fa12a-3dd7-45bb-9766-cc326314d9f1,21.98210259999996,0.0001628199298823,7.406931577250753e-06,60.0,0.0,10.0,0.00036635917,0,6.104581722222015e-05,0.0004274049872222,Germany,DEU,north rhine-westphalia,,,Windows-10-10.0.26100-SP0,3.11.0,3.0.1,8,Intel(R) Core(TM) i5-8250U CPU @ 1.60GHz,,,7.2005,51.6104,7.873264312744141,machine,N,1.0
2025-07-13T13:03:46,ollama-chatbot,45513478-1585-4039-8ece-a2879e6b85e1,5b0fa12a-3dd7-45bb-9766-cc326314d9f1,52.16113880000012,0.0003863549135206,7.4069493574911855e-06,60.0,0.0,10.0,0.0008693356216666,0,0.000144852365,0.0010141879866666,Germany,DEU,north rhine-westphalia,,,Windows-10-10.0.26100-SP0,3.11.0,3.0.1,8,Intel(R) Core(TM) i5-8250U CPU @ 1.60GHz,,,7.2005,51.6104,7.873264312744141,machine,N,1.0
2025-07-13T13:04:13,ollama-chatbot,cf108b9d-fe87-4b7a-be15-bca1cd8ec5a1,5b0fa12a-3dd7-45bb-9766-cc326314d9f1,20.29754159999993,0.0001503413973974,7.40687716572708e-06,60.0,0.0,10.0,0.0003382845083333,0,5.636412638888892e-05,0.0003946486347222,Germany,DEU,north rhine-westphalia,,,Windows-10-10.0.26100-SP0,3.11.0,3.0.1,8,Intel(R) Core(TM) i5-8250U CPU @ 1.60GHz,,,7.2005,51.6104,7.873264312744141,machine,N,1.0
2025-07-13T13:04:47,ollama-chatbot,387c37f8-f86f-4210-996c-4ebfa6effb7c,5b0fa12a-3dd7-45bb-9766-cc326314d9f1,28.527143100000103,0.0002112981589549,7.406916220607239e-06,60.0,0.0,10.0,0.0004754392766666,0,7.922185722222317e-05,0.0005546611338888,Germany,DEU,north rhine-westphalia,,,Windows-10-10.0.26100-SP0,3.11.0,3.0.1,8,Intel(R) Core(TM) i5-8250U CPU @ 1.60GHz,,,7.2005,51.6104,7.873264312744141,machine,N,1.0
2025-07-13T13:04:56,ollama-chatbot,35cc693c-9cea-4906-bdb1-1a23f22f01bf,5b0fa12a-3dd7-45bb-9766-cc326314d9f1,3.296704499999578,2.441593681742812e-05,7.406164798037328e-06,60.0,0.0,10.0,5.494115166666233e-05,0,9.1510830555535e-06,6.409223472221583e-05,Germany,DEU,north rhine-westphalia,,,Windows-10-10.0.26100-SP0,3.11.0,3.0.1,8,Intel(R) Core(TM) i5-8250U CPU @ 1.60GHz,,,7.2005,51.6104,7.873264312744141,machine,N,1.0
2025-07-13T13:05:58,ollama-chatbot,f1fa172d-d765-4854-8d6a-aee19fec07d7,5b0fa12a-3dd7-45bb-9766-cc326314d9f1,56.17851040000005,0.0004161105764354,7.4069350268051615e-06,60.0,0.0,10.0,0.0009362885849999,0,0.0001560085049999,0.0010922970899999,Germany,DEU,north rhine-westphalia,,,Windows-10-10.0.26100-SP0,3.11.0,3.0.1,8,Intel(R) Core(TM) i5-8250U CPU @ 1.60GHz,,,7.2005,51.6104,7.873264312744141,machine,N,1.0
2025-07-13T13:06:10,ollama-chatbot,924ae8d0-fb56-4a14-83e4-09850e1711e6,5b0fa12a-3dd7-45bb-9766-cc326314d9f1,5.190956800000095,3.844747367004415e-05,7.406625628254785e-06,60.0,0.0,10.0,8.65120016666727e-05,0,1.441324750000048e-05,0.0001009252491666,Germany,DEU,north rhine-westphalia,,,Windows-10-10.0.26100-SP0,3.11.0,3.0.1,8,Intel(R) Core(TM) i5-8250U CPU @ 1.60GHz,,,7.2005,51.6104,7.873264312744141,machine,N,1.0
2025-07-13T13:07:17,ollama-chatbot,5d4fc411-c0ce-41a2-9a1d-1aaf17adc8d6,5b0fa12a-3dd7-45bb-9766-cc326314d9f1,61.485743600000205,0.0004554184963679,7.406895805484281e-06,60.0,0.0,10.0,0.0010247391249999,0,0.0001707418997222,0.0011954810247222,Germany,DEU,north rhine-westphalia,,,Windows-10-10.0.26100-SP0,3.11.0,3.0.1,8,Intel(R) Core(TM) i5-8250U CPU @ 1.60GHz,,,7.2005,51.6104,7.873264312744141,machine,N,1.0
2025-07-13T13:07:29,ollama-chatbot,55848524-7394-475b-a48b-5a9b8cc94a72,5b0fa12a-3dd7-45bb-9766-cc326314d9f1,5.6176061000005575,4.160784291232283e-05,7.406685725494121e-06,60.0,0.0,10.0,9.362305333334006e-05,0,1.55982169444466e-05,0.0001092212702777,Germany,DEU,north rhine-westphalia,,,Windows-10-10.0.26100-SP0,3.11.0,3.0.1,8,Intel(R) Core(TM) i5-8250U CPU @ 1.60GHz,,,7.2005,51.6104,7.873264312744141,machine,N,1.0
2025-07-13T13:08:35,ollama-chatbot,a8d4415f-3547-48cd-842d-b6b8cf820c9f,5b0fa12a-3dd7-45bb-9766-cc326314d9f1,60.02649190000011,0.0004446142909845,7.40696777225116e-06,60.0,0.0,10.0,0.0010004225916666,0,0.0001666972166666,0.0011671198083333,Germany,DEU,north rhine-westphalia,,,Windows-10-10.0.26100-SP0,3.11.0,3.0.1,8,Intel(R) Core(TM) i5-8250U CPU @ 1.60GHz,,,7.2005,51.6104,7.873264312744141,machine,N,1.0
2025-07-13T13:08:46,ollama-chatbot,21f0ea24-67ca-4bf1-a5c2-9768dba71ccf,5b0fa12a-3dd7-45bb-9766-cc326314d9f1,5.396213699999862,3.996817950948588e-05,7.4067080607810065e-06,60.0,0.0,10.0,8.993375000000014e-05,0,1.4983376944443688e-05,0.0001049171269444,Germany,DEU,north rhine-westphalia,,,Windows-10-10.0.26100-SP0,3.11.0,3.0.1,8,Intel(R) Core(TM) i5-8250U CPU @ 1.60GHz,,,7.2005,51.6104,7.873264312744141,machine,N,1.0
2025-07-13T13:09:47,ollama-chatbot,e881ddaf-7dc4-40e0-858a-9a4b3a8199c3,5b0fa12a-3dd7-45bb-9766-cc326314d9f1,54.84687029999986,0.0004062507875833,7.407000351365182e-06,60.0,0.0,10.0,0.0009140977966666,0,0.0001523171858333,0.0010664149825,Germany,DEU,north rhine-westphalia,,,Windows-10-10.0.26100-SP0,3.11.0,3.0.1,8,Intel(R) Core(TM) i5-8250U CPU @ 1.60GHz,,,7.2005,51.6104,7.873264312744141,machine,N,1.0
2025-07-13T13:09:57,ollama-chatbot,f1a78642-9fb3-43db-b8e8-569a179b7166,5b0fa12a-3dd7-45bb-9766-cc326314d9f1,4.616422099999909,3.4191223128915455e-05,7.406433464764006e-06,60.0,0.0,10.0,7.693645833332993e-05,0,1.2816063333333558e-05,8.975252166666348e-05,Germany,DEU,north rhine-westphalia,,,Windows-10-10.0.26100-SP0,3.11.0,3.0.1,8,Intel(R) Core(TM) i5-8250U CPU @ 1.60GHz,,,7.2005,51.6104,7.873264312744141,machine,N,1.0
2025-07-13T13:11:26,ollama-chatbot,1266239b-0103-4054-8f27-3cc16be302d4,5b0fa12a-3dd7-45bb-9766-cc326314d9f1,83.30794439999954,0.0006170560578728,7.406929342898024e-06,60.0,0.0,10.0,0.0013884338649999,0,0.0002313484105555,0.0016197822755555,Germany,DEU,north rhine-westphalia,,,Windows-10-10.0.26100-SP0,3.11.0,3.0.1,8,Intel(R) Core(TM) i5-8250U CPU @ 1.60GHz,,,7.2005,51.6104,7.873264312744141,machine,N,1.0
2025-07-13T13:11:37,ollama-chatbot,3929d56e-2716-44a3-afda-5149a3c1f051,5b0fa12a-3dd7-45bb-9766-cc326314d9f1,4.81529749999936,3.56649483096085e-05,7.406592907211494e-06,60.0,0.0,10.0,8.025107499999345e-05,0,1.3369999444444148e-05,9.36210744444376e-05,Germany,DEU,north rhine-westphalia,,,Windows-10-10.0.26100-SP0,3.11.0,3.0.1,8,Intel(R) Core(TM) i5-8250U CPU @ 1.60GHz,,,7.2005,51.6104,7.873264312744141,machine,N,1.0
2025-07-13T13:12:39,ollama-chatbot,42504421-685f-41fe-aabd-09582b028f9b,5b0fa12a-3dd7-45bb-9766-cc326314d9f1,56.1405737999994,0.0004158310052727,7.406960369770489e-06,60.0,0.0,10.0,0.0009356544566666,0,0.0001559087544444,0.001091563211111,Germany,DEU,north rhine-westphalia,,,Windows-10-10.0.26100-SP0,3.11.0,3.0.1,8,Intel(R) Core(TM) i5-8250U CPU @ 1.60GHz,,,7.2005,51.6104,7.873264312744141,machine,N,1.0
2025-07-13T13:12:52,ollama-chatbot,0eff4a29-c477-4989-ae33-924f589a96fd,5b0fa12a-3dd7-45bb-9766-cc326314d9f1,6.152303299999403,4.5568711701706095e-05,7.406772631269742e-06,60.0,0.0,10.0,0.0001025348116666,0,1.7083804166665887e-05,0.0001196186158333,Germany,DEU,north rhine-westphalia,,,Windows-10-10.0.26100-SP0,3.11.0,3.0.1,8,Intel(R) Core(TM) i5-8250U CPU @ 1.60GHz,,,7.2005,51.6104,7.873264312744141,machine,N,1.0
2025-07-13T13:14:22,ollama-chatbot,4a77c9d8-e806-4468-90e9-24d52921edd0,5b0fa12a-3dd7-45bb-9766-cc326314d9f1,84.17888060000041,0.0006235101162649,7.40696611573775e-06,60.0,0.0,10.0,0.0014029537116666,0,0.0002337705730555,0.0016367242847222,Germany,DEU,north rhine-westphalia,,,Windows-10-10.0.26100-SP0,3.11.0,3.0.1,8,Intel(R) Core(TM) i5-8250U CPU @ 1.60GHz,,,7.2005,51.6104,7.873264312744141,machine,N,1.0
2025-07-13T13:15:20,ollama-chatbot,0ae46a89-7e4a-44e3-b6cf-0e582b0f2931,5b0fa12a-3dd7-45bb-9766-cc326314d9f1,51.91446580000047,0.0003845288118121,7.406968479528922e-06,60.0,0.0,10.0,0.000865223095,0,0.0001441713447222,0.0010093944397222,Germany,DEU,north rhine-westphalia,,,Windows-10-10.0.26100-SP0,3.11.0,3.0.1,8,Intel(R) Core(TM) i5-8250U CPU @ 1.60GHz,,,7.2005,51.6104,7.873264312744141,machine,N,1.0
2025-07-13T13:16:14,ollama-chatbot,8c2ff049-803d-45c9-9c6f-222ddf259565,5b0fa12a-3dd7-45bb-9766-cc326314d9f1,48.83114430000023,0.0003616893459883,7.406939795762717e-06,60.0,0.0,10.0,0.0008138352516666,0,0.0001356052155555,0.0009494404672222,Germany,DEU,north rhine-westphalia,,,Windows-10-10.0.26100-SP0,3.11.0,3.0.1,8,Intel(R) Core(TM) i5-8250U CPU @ 1.60GHz,,,7.2005,51.6104,7.873264312744141,machine,N,1.0
2025-07-13T13:16:26,ollama-chatbot,8f7d63c1-1664-40a7-8013-3ce077985b56,5b0fa12a-3dd7-45bb-9766-cc326314d9f1,5.3620756999998775,3.97150844775816e-05,7.406662400827819e-06,60.0,0.0,10.0,8.936416166666277e-05,0,1.4888586666666016e-05,0.0001042527483333,Germany,DEU,north rhine-westphalia,,,Windows-10-10.0.26100-SP0,3.11.0,3.0.1,8,Intel(R) Core(TM) i5-8250U CPU @ 1.60GHz,,,7.2005,51.6104,7.873264312744141,machine,N,1.0
2025-07-13T13:17:33,ollama-chatbot,75000909-bd6c-45b2-80e8-448bd896ef7a,5b0fa12a-3dd7-45bb-9766-cc326314d9f1,61.01826759999949,0.0004519563480593,7.406902323451077e-06,60.0,0.0,10.0,0.0010169481449999,0,0.0001694446836111,0.001186392828611,Germany,DEU,north rhine-westphalia,,,Windows-10-10.0.26100-SP0,3.11.0,3.0.1,8,Intel(R) Core(TM) i5-8250U CPU @ 1.60GHz,,,7.2005,51.6104,7.873264312744141,machine,N,1.0
2025-07-13T13:17:44,ollama-chatbot,c72925c5-bf48-4178-b406-913cc2cba736,5b0fa12a-3dd7-45bb-9766-cc326314d9f1,5.704892099999597,4.2253518876814e-05,7.406541287050282e-06,60.0,0.0,10.0,9.507556999998691e-05,0,1.5840610277776553e-05,0.0001109161802777,Germany,DEU,north rhine-westphalia,,,Windows-10-10.0.26100-SP0,3.11.0,3.0.1,8,Intel(R) Core(TM) i5-8250U CPU @ 1.60GHz,,,7.2005,51.6104,7.873264312744141,machine,N,1.0
2025-07-13T13:18:16,ollama-chatbot,25e69c21-fd49-4aa9-a47c-69556f3ba0c0,5b0fa12a-3dd7-45bb-9766-cc326314d9f1,25.30096859999957,0.0001874046560151,7.407015082227749e-06,60.0,0.0,10.0,0.00042167538,0,7.026491666666616e-05,0.0004919402966666,Germany,DEU,north rhine-westphalia,,,Windows-10-10.0.26100-SP0,3.11.0,3.0.1,8,Intel(R) Core(TM) i5-8250U CPU @ 1.60GHz,,,7.2005,51.6104,7.873264312744141,machine,N,1.0
2025-07-13T13:18:26,ollama-chatbot,074c8b15-759e-4c0f-902d-3d00955b1a83,5b0fa12a-3dd7-45bb-9766-cc326314d9f1,4.71244360000037,3.4903314128058554e-05,7.406627450789186e-06,60.0,0.0,10.0,7.853749000000789e-05,0,1.3084282222222202e-05,9.16217722222301e-05,Germany,DEU,north rhine-westphalia,,,Windows-10-10.0.26100-SP0,3.11.0,3.0.1,8,Intel(R) Core(TM) i5-8250U CPU @ 1.60GHz,,,7.2005,51.6104,7.873264312744141,machine,N,1.0
2025-07-13T13:19:32,ollama-chatbot,90c78989-412b-4aa7-87a5-8069c24ee822,5b0fa12a-3dd7-45bb-9766-cc326314d9f1,59.77406550000069,0.0004427481359814,7.407027316578578e-06,60.0,0.0,10.0,0.00099621788,0,0.0001660032408333,0.0011622211208333,Germany,DEU,north rhine-westphalia,,,Windows-10-10.0.26100-SP0,3.11.0,3.0.1,8,Intel(R) Core(TM) i5-8250U CPU @ 1.60GHz,,,7.2005,51.6104,7.873264312744141,machine,N,1.0
2025-07-13T13:19:43,ollama-chatbot,0e140fbd-86b9-442c-91d0-f0353bf4fe2d,5b0fa12a-3dd7-45bb-9766-cc326314d9f1,4.92701870000019,3.649227848268353e-05,7.406563827874679e-06,60.0,0.0,10.0,8.211246000000756e-05,0,1.368036972222247e-05,9.579282972223004e-05,Germany,DEU,north rhine-westphalia,,,Windows-10-10.0.26100-SP0,3.11.0,3.0.1,8,Intel(R) Core(TM) i5-8250U CPU @ 1.60GHz,,,7.2005,51.6104,7.873264312744141,machine,N,1.0
2025-07-13T13:20:49,ollama-chatbot,ada990a8-2417-4d8e-8518-2fc0fddbfa9f,5b0fa12a-3dd7-45bb-9766-cc326314d9f1,59.90890540000055,0.000443746249849,7.407016484214229e-06,60.0,0.0,10.0,0.000998461795,0,0.0001663793911111,0.0011648411861111,Germany,DEU,north rhine-westphalia,,,Windows-10-10.0.26100-SP0,3.11.0,3.0.1,8,Intel(R) Core(TM) i5-8250U CPU @ 1.60GHz,,,7.2005,51.6104,7.873264312744141,machine,N,1.0
2025-07-13T13:21:13,ollama-chatbot,ed67dad1-4186-4a4f-b9ab-6e03c2decdc4,5b0fa12a-3dd7-45bb-9766-cc326314d9f1,18.154828700000508,0.0001344698419921,7.40683617643266e-06,60.0,0.0,10.0,0.00030257152,0,5.041402138889327e-05,0.0003529855413889,Germany,DEU,north rhine-westphalia,,,Windows-10-10.0.26100-SP0,3.11.0,3.0.1,8,Intel(R) Core(TM) i5-8250U CPU @ 1.60GHz,,,7.2005,51.6104,7.873264312744141,machine,N,1.0
2025-07-13T13:21:42,ollama-chatbot,a40f45a0-97e9-4b6e-ba22-dc611065d361,5b0fa12a-3dd7-45bb-9766-cc326314d9f1,23.06670269999995,0.0001708541394565,7.406959793024393e-06,60.0,0.0,10.0,0.0003844360566666,0,6.405886250000145e-05,0.0004484949191666,Germany,DEU,north rhine-westphalia,,,Windows-10-10.0.26100-SP0,3.11.0,3.0.1,8,Intel(R) Core(TM) i5-8250U CPU @ 1.60GHz,,,7.2005,51.6104,7.873264312744141,machine,N,1.0
2025-07-13T13:21:56,ollama-chatbot,d5b29c85-d953-4f45-995c-399990ea6801,5b0fa12a-3dd7-45bb-9766-cc326314d9f1,8.463023899999826,6.268390653001334e-05,7.40679776764126e-06,60.0,0.0,10.0,0.0001410452166666,0,2.350106638888924e-05,0.0001645462830555,Germany,DEU,north rhine-westphalia,,,Windows-10-10.0.26100-SP0,3.11.0,3.0.1,8,Intel(R) Core(TM) i5-8250U CPU @ 1.60GHz,,,7.2005,51.6104,7.873264312744141,machine,N,1.0
2025-07-13T13:23:09,ollama-chatbot,d19e8ac3-c2dc-4f41-bb88-0bd5d1c89ae8,5b0fa12a-3dd7-45bb-9766-cc326314d9f1,67.1390352999997,0.0004972953774929,7.406948510219832e-06,60.0,0.0,10.0,0.0011189628066666,0,0.0001864457180555,0.0013054085247222,Germany,DEU,north rhine-westphalia,,,Windows-10-10.0.26100-SP0,3.11.0,3.0.1,8,Intel(R) Core(TM) i5-8250U CPU @ 1.60GHz,,,7.2005,51.6104,7.873264312744141,machine,N,1.0
2025-07-13T13:23:27,ollama-chatbot,16f92d38-a0b9-497f-a4ff-7acc80944bb0,5b0fa12a-3dd7-45bb-9766-cc326314d9f1,11.682664799999657,8.653292678487481e-05,7.406951090891297e-06,60.0,0.0,10.0,0.0001947067033333,0,3.244364916666503e-05,0.0002271503524999,Germany,DEU,north rhine-westphalia,,,Windows-10-10.0.26100-SP0,3.11.0,3.0.1,8,Intel(R) Core(TM) i5-8250U CPU @ 1.60GHz,,,7.2005,51.6104,7.873264312744141,machine,N,1.0
2025-07-13T13:25:12,ollama-chatbot,971a31c2-a507-4137-b5e0-7c584850a102,5b0fa12a-3dd7-45bb-9766-cc326314d9f1,99.41417600000024,0.0007363590546583,7.406982427318541e-06,60.0,0.0,10.0,0.0016568716366666,0,0.0002760829627777,0.0019329545994444,Germany,DEU,north rhine-westphalia,,,Windows-10-10.0.26100-SP0,3.11.0,3.0.1,8,Intel(R) Core(TM) i5-8250U CPU @ 1.60GHz,,,7.2005,51.6104,7.873264312744141,machine,N,1.0
2025-07-13T13:25:37,ollama-chatbot,ea38d325-af26-47f6-92ed-778193eb6a31,5b0fa12a-3dd7-45bb-9766-cc326314d9f1,19.037210100000262,0.0001410062259013,7.406874492672982e-06,60.0,0.0,10.0,0.0003172787683333,0,5.286488805555665e-05,0.0003701436563888,Germany,DEU,north rhine-westphalia,,,Windows-10-10.0.26100-SP0,3.11.0,3.0.1,8,Intel(R) Core(TM) i5-8250U CPU @ 1.60GHz,,,7.2005,51.6104,7.873264312744141,machine,N,1.0
2025-07-13T13:27:02,ollama-chatbot,c4a9f026-7712-43b9-9c0a-03f3db15af06,5b0fa12a-3dd7-45bb-9766-cc326314d9f1,78.79849539999941,0.0005836600558055,7.406994928555093e-06,60.0,0.0,10.0,0.0013132832883333,0,0.0002188339338888,0.0015321172222222,Germany,DEU,north rhine-westphalia,,,Windows-10-10.0.26100-SP0,3.11.0,3.0.1,8,Intel(R) Core(TM) i5-8250U CPU @ 1.60GHz,,,7.2005,51.6104,7.873264312744141,machine,N,1.0
2025-07-13T13:27:13,ollama-chatbot,e8d6b7ee-b0fc-431d-8ad3-3695802304b6,5b0fa12a-3dd7-45bb-9766-cc326314d9f1,5.27224920000026,3.904950271157197e-05,7.406611719258271e-06,60.0,0.0,10.0,8.786641666667188e-05,0,1.4639168611112533e-05,0.0001025055852777,Germany,DEU,north rhine-westphalia,,,Windows-10-10.0.26100-SP0,3.11.0,3.0.1,8,Intel(R) Core(TM) i5-8250U CPU @ 1.60GHz,,,7.2005,51.6104,7.873264312744141,machine,N,1.0
2025-07-13T13:28:53,ollama-chatbot,d789ee3c-45cc-4b9a-ac90-04b3839b117a,5b0fa12a-3dd7-45bb-9766-cc326314d9f1,93.56926779999958,0.000693065050856,7.406973113623505e-06,60.0,0.0,10.0,0.0015594582633333,0,0.0002598488658333,0.0018193071291666,Germany,DEU,north rhine-westphalia,,,Windows-10-10.0.26100-SP0,3.11.0,3.0.1,8,Intel(R) Core(TM) i5-8250U CPU @ 1.60GHz,,,7.2005,51.6104,7.873264312744141,machine,N,1.0
2025-07-13T13:29:45,ollama-chatbot,71f1bcb3-fdd2-4ea6-b1ec-7e9930554743,5b0fa12a-3dd7-45bb-9766-cc326314d9f1,46.14292089999981,0.000341775654894,7.4068925032896605e-06,60.0,0.0,10.0,0.0007690312133333,0,0.0001281354880555,0.0008971667013888,Germany,DEU,north rhine-westphalia,,,Windows-10-10.0.26100-SP0,3.11.0,3.0.1,8,Intel(R) Core(TM) i5-8250U CPU @ 1.60GHz,,,7.2005,51.6104,7.873264312744141,machine,N,1.0
2025-07-13T13:31:04,ollama-chatbot,7b9444f8-e683-4eba-a56c-4d0cb0a996ba,5b0fa12a-3dd7-45bb-9766-cc326314d9f1,72.97121900000002,0.0005404923592561,7.406925177666849e-06,60.0,0.0,10.0,0.0012161622333333,0,0.0002026390772222,0.0014188013105555,Germany,DEU,north rhine-westphalia,,,Windows-10-10.0.26100-SP0,3.11.0,3.0.1,8,Intel(R) Core(TM) i5-8250U CPU @ 1.60GHz,,,7.2005,51.6104,7.873264312744141,machine,N,1.0
2025-07-13T13:32:08,ollama-chatbot,2f437bae-288a-4192-b5d6-71289a8f5272,5b0fa12a-3dd7-45bb-9766-cc326314d9f1,58.00943700000062,0.0004296765839225,7.407011792280714e-06,60.0,0.0,10.0,0.0009668066583333,0,0.0001611014238888,0.0011279080822222,Germany,DEU,north rhine-westphalia,,,Windows-10-10.0.26100-SP0,3.11.0,3.0.1,8,Intel(R) Core(TM) i5-8250U CPU @ 1.60GHz,,,7.2005,51.6104,7.873264312744141,machine,N,1.0
2025-07-13T13:32:52,ollama-chatbot,4f26001f-6167-4775-8be4-0a348ac2f8c9,5b0fa12a-3dd7-45bb-9766-cc326314d9f1,38.19322920000013,0.0002828923673613,7.40687219402213e-06,60.0,0.0,10.0,0.0006365374816666,0,0.0001060596238888,0.0007425971055555,Germany,DEU,north rhine-westphalia,,,Windows-10-10.0.26100-SP0,3.11.0,3.0.1,8,Intel(R) Core(TM) i5-8250U CPU @ 1.60GHz,,,7.2005,51.6104,7.873264312744141,machine,N,1.0
2025-07-13T13:33:04,ollama-chatbot,1092e56f-8664-4c4f-9769-3705cb6ab9e5,5b0fa12a-3dd7-45bb-9766-cc326314d9f1,5.5171792000001005,4.0864133274821145e-05,7.406707629656184e-06,60.0,0.0,10.0,9.194936000000477e-05,0,1.5319660277777478e-05,0.0001072690202777,Germany,DEU,north rhine-westphalia,,,Windows-10-10.0.26100-SP0,3.11.0,3.0.1,8,Intel(R) Core(TM) i5-8250U CPU @ 1.60GHz,,,7.2005,51.6104,7.873264312744141,machine,N,1.0
2025-07-13T13:34:10,ollama-chatbot,4b05957f-f432-41bf-bb4e-de8994391251,5b0fa12a-3dd7-45bb-9766-cc326314d9f1,59.97523759999967,0.0004442410286614,7.407074093215534e-06,60.0,0.0,10.0,0.00099957104,0,0.0001665689486111,0.0011661399886111,Germany,DEU,north rhine-westphalia,,,Windows-10-10.0.26100-SP0,3.11.0,3.0.1,8,Intel(R) Core(TM) i5-8250U CPU @ 1.60GHz,,,7.2005,51.6104,7.873264312744141,machine,N,1.0
2025-07-13T13:34:40,ollama-chatbot,d30acfb1-8209-44fe-88e5-337fa0cd5b94,5b0fa12a-3dd7-45bb-9766-cc326314d9f1,24.186121900000217,0.0001791470642391,7.407018991299679e-06,60.0,0.0,10.0,0.0004030941466666,0,6.716983611111118e-05,0.0004702639827777,Germany,DEU,north rhine-westphalia,,,Windows-10-10.0.26100-SP0,3.11.0,3.0.1,8,Intel(R) Core(TM) i5-8250U CPU @ 1.60GHz,,,7.2005,51.6104,7.873264312744141,machine,N,1.0
2025-07-13T13:35:37,ollama-chatbot,fe935aa8-7734-4672-9818-6526794b305c,5b0fa12a-3dd7-45bb-9766-cc326314d9f1,51.34282369999983,0.0003802924551149,7.40692520803002e-06,60.0,0.0,10.0,0.0008556946133333,0,0.0001425793205555,0.0009982739338888,Germany,DEU,north rhine-westphalia,,,Windows-10-10.0.26100-SP0,3.11.0,3.0.1,8,Intel(R) Core(TM) i5-8250U CPU @ 1.60GHz,,,7.2005,51.6104,7.873264312744141,machine,N,1.0
2025-07-13T13:35:49,ollama-chatbot,1937adf5-601f-4eae-bfdf-b3a8712e8056,5b0fa12a-3dd7-45bb-9766-cc326314d9f1,6.094697199999246,4.5141360298595646e-05,7.406661695777311e-06,60.0,0.0,10.0,0.0001015736216666,0,1.692318972222135e-05,0.0001184968113888,Germany,DEU,north rhine-westphalia,,,Windows-10-10.0.26100-SP0,3.11.0,3.0.1,8,Intel(R) Core(TM) i5-8250U CPU @ 1.60GHz,,,7.2005,51.6104,7.873264312744141,machine,N,1.0
2025-07-13T13:36:01,ollama-chatbot,43f04ae3-8e66-49ea-aff3-c9101fabacfe,5b0fa12a-3dd7-45bb-9766-cc326314d9f1,6.038481800000227,4.472548078146058e-05,7.406742665260479e-06,60.0,0.0,10.0,0.000100637645,0,1.6767475833333063e-05,0.0001174051208333,Germany,DEU,north rhine-westphalia,,,Windows-10-10.0.26100-SP0,3.11.0,3.0.1,8,Intel(R) Core(TM) i5-8250U CPU @ 1.60GHz,,,7.2005,51.6104,7.873264312744141,machine,N,1.0
2025-07-13T13:36:13,ollama-chatbot,bcb003bf-4782-4513-a329-31c5654125e4,5b0fa12a-3dd7-45bb-9766-cc326314d9f1,5.44453169999997,4.0326090182586056e-05,7.406714186747462e-06,60.0,0.0,10.0,9.07387500000065e-05,0,1.5117898333333973e-05,0.0001058566483333,Germany,DEU,north rhine-westphalia,,,Windows-10-10.0.26100-SP0,3.11.0,3.0.1,8,Intel(R) Core(TM) i5-8250U CPU @ 1.60GHz,,,7.2005,51.6104,7.873264312744141,machine,N,1.0
2025-07-13T13:37:31,ollama-chatbot,82b3deb9-1b51-453c-ae70-f6cfa23a1955,5b0fa12a-3dd7-45bb-9766-cc326314d9f1,72.26031130000047,0.0005352312899158,7.406988432331935e-06,60.0,0.0,10.0,0.0012043168666666,0,0.0002006740505555,0.0014049909172222,Germany,DEU,north rhine-westphalia,,,Windows-10-10.0.26100-SP0,3.11.0,3.0.1,8,Intel(R) Core(TM) i5-8250U CPU @ 1.60GHz,,,7.2005,51.6104,7.873264312744141,machine,N,1.0
2025-07-13T13:37:42,ollama-chatbot,6450077f-15bf-4f79-be1c-4640a7561a6c,5b0fa12a-3dd7-45bb-9766-cc326314d9f1,5.3202605999995285,3.940549942837389e-05,7.406685948499851e-06,60.0,0.0,10.0,8.866763833333e-05,0,1.4772444166667102e-05,0.0001034400824999,Germany,DEU,north rhine-westphalia,,,Windows-10-10.0.26100-SP0,3.11.0,3.0.1,8,Intel(R) Core(TM) i5-8250U CPU @ 1.60GHz,,,7.2005,51.6104,7.873264312744141,machine,N,1.0
2025-07-13T13:38:45,ollama-chatbot,35b65900-0a62-4f82-b56e-a614cabbea3a,5b0fa12a-3dd7-45bb-9766-cc326314d9f1,57.34769959999994,0.000424773178696,7.406978512805416e-06,60.0,0.0,10.0,0.0009557751816666,0,0.0001592613813888,0.0011150365630555,Germany,DEU,north rhine-westphalia,,,Windows-10-10.0.26100-SP0,3.11.0,3.0.1,8,Intel(R) Core(TM) i5-8250U CPU @ 1.60GHz,,,7.2005,51.6104,7.873264312744141,machine,N,1.0
2025-07-13T13:39:02,ollama-chatbot,604ef5b8-e167-4f10-8979-a6dee3bb00e0,5b0fa12a-3dd7-45bb-9766-cc326314d9f1,11.066850299999714,8.197144926253667e-05,7.406935762250148e-06,60.0,0.0,10.0,0.0001844427699999,0,3.073362916666661e-05,0.0002151763991666,Germany,DEU,north rhine-westphalia,,,Windows-10-10.0.26100-SP0,3.11.0,3.0.1,8,Intel(R) Core(TM) i5-8250U CPU @ 1.60GHz,,,7.2005,51.6104,7.873264312744141,machine,N,1.0
2025-07-13T13:40:37,ollama-chatbot,3b46ece5-8fbd-4162-9bd1-a8d23fd53717,5b0fa12a-3dd7-45bb-9766-cc326314d9f1,89.13665560000027,0.0006602285912174,7.406925767781036e-06,60.0,0.0,10.0,0.0014855830916666,0,0.0002475277922222,0.0017331108838888,Germany,DEU,north rhine-westphalia,,,Windows-10-10.0.26100-SP0,3.11.0,3.0.1,8,Intel(R) Core(TM) i5-8250U CPU @ 1.60GHz,,,7.2005,51.6104,7.873264312744141,machine,N,1.0
2025-07-13T13:40:49,ollama-chatbot,2c6c9862-38a1-4cd5-8d67-c429f2d56c88,5b0fa12a-3dd7-45bb-9766-cc326314d9f1,5.968528800000058,4.420724275062317e-05,7.406723538072354e-06,60.0,0.0,10.0,9.947190999999595e-05,0,1.657282749999922e-05,0.0001160447374999,Germany,DEU,north rhine-westphalia,,,Windows-10-10.0.26100-SP0,3.11.0,3.0.1,8,Intel(R) Core(TM) i5-8250U CPU @ 1.60GHz,,,7.2005,51.6104,7.873264312744141,machine,N,1.0
2025-07-13T13:41:50,ollama-chatbot,aa8d9785-a7eb-4d4a-844a-c3b75868ae41,5b0fa12a-3dd7-45bb-9766-cc326314d9f1,54.1315908000006,0.0004009488731015,7.406929432073942e-06,60.0,0.0,10.0,0.0009021757683333,0,0.0001503216016666,0.00105249737,Germany,DEU,north rhine-westphalia,,,Windows-10-10.0.26100-SP0,3.11.0,3.0.1,8,Intel(R) Core(TM) i5-8250U CPU @ 1.60GHz,,,7.2005,51.6104,7.873264312744141,machine,N,1.0
2025-07-13T13:42:12,ollama-chatbot,a368d012-41ba-4aa3-af0a-540f6cc4719f,5b0fa12a-3dd7-45bb-9766-cc326314d9f1,16.793487199999618,0.0001243853129573,7.406759029614045e-06,60.0,0.0,10.0,0.0002798820416666,0,4.663144555555745e-05,0.0003265134872222,Germany,DEU,north rhine-westphalia,,,Windows-10-10.0.26100-SP0,3.11.0,3.0.1,8,Intel(R) Core(TM) i5-8250U CPU @ 1.60GHz,,,7.2005,51.6104,7.873264312744141,machine,N,1.0
2025-07-13T13:43:18,ollama-chatbot,5df27939-69ef-460e-9efb-0a819f232e73,5b0fa12a-3dd7-45bb-9766-cc326314d9f1,59.76783019999948,0.0004427016166954,7.407021724129624e-06,60.0,0.0,10.0,0.0009961144,0,0.0001659846069444,0.0011620990069444,Germany,DEU,north rhine-westphalia,,,Windows-10-10.0.26100-SP0,3.11.0,3.0.1,8,Intel(R) Core(TM) i5-8250U CPU @ 1.60GHz,,,7.2005,51.6104,7.873264312744141,machine,N,1.0
2025-07-13T13:43:29,ollama-chatbot,10c4af99-e7d3-4cc8-9d48-603653be2bd6,5b0fa12a-3dd7-45bb-9766-cc326314d9f1,5.179503899999872,3.836234076296832e-05,7.406566633335148e-06,60.0,0.0,10.0,8.632041166665657e-05,0,1.4381362222222076e-05,0.0001007017738888,Germany,DEU,north rhine-westphalia,,,Windows-10-10.0.26100-SP0,3.11.0,3.0.1,8,Intel(R) Core(TM) i5-8250U CPU @ 1.60GHz,,,7.2005,51.6104,7.873264312744141,machine,N,1.0
2025-07-13T13:44:33,ollama-chatbot,5eca8215-50a1-4529-9aa2-7b7148489eb8,5b0fa12a-3dd7-45bb-9766-cc326314d9f1,58.07244040000023,0.0004301415660957,7.406982781039691e-06,60.0,0.0,10.0,0.0009678573549999,0,0.0001612713130555,0.0011291286680555,Germany,DEU,north rhine-westphalia,,,Windows-10-10.0.26100-SP0,3.11.0,3.0.1,8,Intel(R) Core(TM) i5-8250U CPU @ 1.60GHz,,,7.2005,51.6104,7.873264312744141,machine,N,1.0
2025-07-13T13:44:45,ollama-chatbot,0aa94bc7-2ed4-49e6-821f-e9322a2fdbdf,5b0fa12a-3dd7-45bb-9766-cc326314d9f1,5.773012700000436,4.2759094870394725e-05,7.406721081765765e-06,60.0,0.0,10.0,9.62130550000135e-05,0,1.603027055555736e-05,0.0001122433255555,Germany,DEU,north rhine-westphalia,,,Windows-10-10.0.26100-SP0,3.11.0,3.0.1,8,Intel(R) Core(TM) i5-8250U CPU @ 1.60GHz,,,7.2005,51.6104,7.873264312744141,machine,N,1.0
2025-07-13T13:46:11,ollama-chatbot,d1506e82-304e-4fb8-b775-8d0b6dad4919,5b0fa12a-3dd7-45bb-9766-cc326314d9f1,79.87371260000054,0.0005916173457547,7.406909313424267e-06,60.0,0.0,10.0,0.0013312005733333,0,0.0002218046655555,0.0015530052388888,Germany,DEU,north rhine-westphalia,,,Windows-10-10.0.26100-SP0,3.11.0,3.0.1,8,Intel(R) Core(TM) i5-8250U CPU @ 1.60GHz,,,7.2005,51.6104,7.873264312744141,machine,N,1.0
2025-07-13T13:46:21,ollama-chatbot,582dbafe-9177-4bfd-b0d2-8204ffcc4ec6,5b0fa12a-3dd7-45bb-9766-cc326314d9f1,4.160069999999905,3.081151938447015e-05,7.406490608203914e-06,60.0,0.0,10.0,6.933072333332954e-05,0,1.1550020555553903e-05,8.088074388888345e-05,Germany,DEU,north rhine-westphalia,,,Windows-10-10.0.26100-SP0,3.11.0,3.0.1,8,Intel(R) Core(TM) i5-8250U CPU @ 1.60GHz,,,7.2005,51.6104,7.873264312744141,machine,N,1.0
2025-07-13T13:47:14,ollama-chatbot,a854c815-c6d2-4a4b-a960-fc806b370ba0,5b0fa12a-3dd7-45bb-9766-cc326314d9f1,47.33417550000013,0.0003506015666101,7.406943564700089e-06,60.0,0.0,10.0,0.0007888860116666,0,0.0001314488527777,0.0009203348644444,Germany,DEU,north rhine-westphalia,,,Windows-10-10.0.26100-SP0,3.11.0,3.0.1,8,Intel(R) Core(TM) i5-8250U CPU @ 1.60GHz,,,7.2005,51.6104,7.873264312744141,machine,N,1.0
2025-07-13T13:47:39,ollama-chatbot,16830b67-c658-45ff-835c-99a5aafadc5b,5b0fa12a-3dd7-45bb-9766-cc326314d9f1,18.839740999999776,0.0001395436487991,7.406877238871003e-06,60.0,0.0,10.0,0.0003139871133333,0,5.231725416666551e-05,0.0003663043674999,Germany,DEU,north rhine-westphalia,,,Windows-10-10.0.26100-SP0,3.11.0,3.0.1,8,Intel(R) Core(TM) i5-8250U CPU @ 1.60GHz,,,7.2005,51.6104,7.873264312744141,machine,N,1.0
2025-07-13T13:48:58,ollama-chatbot,bb922df4-dfb4-4b36-ad3d-69c44a368fee,5b0fa12a-3dd7-45bb-9766-cc326314d9f1,72.90657680000004,0.0005400213463269,7.407031985720205e-06,60.0,0.0,10.0,0.0012150888783333,0,0.0002024760155555,0.0014175648938888,Germany,DEU,north rhine-westphalia,,,Windows-10-10.0.26100-SP0,3.11.0,3.0.1,8,Intel(R) Core(TM) i5-8250U CPU @ 1.60GHz,,,7.2005,51.6104,7.873264312744141,machine,N,1.0
2025-07-13T13:49:10,ollama-chatbot,befe195e-c1d3-4175-8066-8e6f53021a6f,5b0fa12a-3dd7-45bb-9766-cc326314d9f1,5.901108300000487,4.37079469294472e-05,7.406735261822526e-06,60.0,0.0,10.0,9.834809000000556e-05,0,1.6385987777779418e-05,0.0001147340777777,Germany,DEU,north rhine-westphalia,,,Windows-10-10.0.26100-SP0,3.11.0,3.0.1,8,Intel(R) Core(TM) i5-8250U CPU @ 1.60GHz,,,7.2005,51.6104,7.873264312744141,machine,N,1.0
2025-07-13T13:50:32,ollama-chatbot,edecca3c-7454-4c2b-a2ef-ab1142917602,5b0fa12a-3dd7-45bb-9766-cc326314d9f1,76.5813575000002,0.0005672309484352,7.406906418905116e-06,60.0,0.0,10.0,0.0012763298983333,0,0.0002126606475,0.0014889905458333,Germany,DEU,north rhine-westphalia,,,Windows-10-10.0.26100-SP0,3.11.0,3.0.1,8,Intel(R) Core(TM) i5-8250U CPU @ 1.60GHz,,,7.2005,51.6104,7.873264312744141,machine,N,1.0
2025-07-13T13:50:47,ollama-chatbot,37abb3a5-b6d7-4482-9054-8adb9056bb67,5b0fa12a-3dd7-45bb-9766-cc326314d9f1,8.40091620000021,6.222486506041534e-05,7.40691414829418e-06,60.0,0.0,10.0,0.0001400113016666,0,2.332998999999948e-05,0.0001633412916666,Germany,DEU,north rhine-westphalia,,,Windows-10-10.0.26100-SP0,3.11.0,3.0.1,8,Intel(R) Core(TM) i5-8250U CPU @ 1.60GHz,,,7.2005,51.6104,7.873264312744141,machine,N,1.0
2025-07-13T13:51:49,ollama-chatbot,125517a4-9699-41b5-9e93-84dbac9ad806,5b0fa12a-3dd7-45bb-9766-cc326314d9f1,56.50992039999983,0.0004185688503833,7.406997699174897e-06,60.0,0.0,10.0,0.0009418150183333,0,0.0001569350811111,0.0010987500994444,Germany,DEU,north rhine-westphalia,,,Windows-10-10.0.26100-SP0,3.11.0,3.0.1,8,Intel(R) Core(TM) i5-8250U CPU @ 1.60GHz,,,7.2005,51.6104,7.873264312744141,machine,N,1.0
2025-07-13T13:51:59,ollama-chatbot,430ab6e1-3a0a-4af3-b756-73151c4d4dec,5b0fa12a-3dd7-45bb-9766-cc326314d9f1,3.5355853999999454,2.618540713383306e-05,7.406243711107491e-06,60.0,0.0,10.0,5.892207166666594e-05,0,9.81505166666668e-06,6.873712333333262e-05,Germany,DEU,north rhine-westphalia,,,Windows-10-10.0.26100-SP0,3.11.0,3.0.1,8,Intel(R) Core(TM) i5-8250U CPU @ 1.60GHz,,,7.2005,51.6104,7.873264312744141,machine,N,1.0
2025-07-13T13:52:59,ollama-chatbot,2b82c28c-f965-43c0-b09c-fb07524c5d50,5b0fa12a-3dd7-45bb-9766-cc326314d9f1,53.80524920000062,0.0003985336104192,7.406965237495872e-06,60.0,0.0,10.0,0.0008967359583333,0,0.0001494213075,0.0010461572658333,Germany,DEU,north rhine-westphalia,,,Windows-10-10.0.26100-SP0,3.11.0,3.0.1,8,Intel(R) Core(TM) i5-8250U CPU @ 1.60GHz,,,7.2005,51.6104,7.873264312744141,machine,N,1.0
2025-07-13T13:53:15,ollama-chatbot,e9c6c193-3f38-4cf8-a094-d6c9fc93c607,5b0fa12a-3dd7-45bb-9766-cc326314d9f1,10.711875699999837,7.93425376510119e-05,7.406969598332168e-06,60.0,0.0,10.0,0.0001785263283333,0,2.974913472222246e-05,0.0002082754630555,Germany,DEU,north rhine-westphalia,,,Windows-10-10.0.26100-SP0,3.11.0,3.0.1,8,Intel(R) Core(TM) i5-8250U CPU @ 1.60GHz,,,7.2005,51.6104,7.873264312744141,machine,N,1.0
2025-07-13T13:54:22,ollama-chatbot,dda56f3b-60f7-413a-9b0d-a585d4435728,5b0fa12a-3dd7-45bb-9766-cc326314d9f1,61.302617599999394,0.0004540648435584,7.406940540798023e-06,60.0,0.0,10.0,0.001021686805,0,0.0001702408588888,0.0011919276638888,Germany,DEU,north rhine-westphalia,,,Windows-10-10.0.26100-SP0,3.11.0,3.0.1,8,Intel(R) Core(TM) i5-8250U CPU @ 1.60GHz,,,7.2005,51.6104,7.873264312744141,machine,N,1.0
2025-07-13T13:54:33,ollama-chatbot,1743a314-ab7d-4f76-9d97-6fac7c2dd12c,5b0fa12a-3dd7-45bb-9766-cc326314d9f1,4.950610099999722,3.666722447920547e-05,7.406607213766951e-06,60.0,0.0,10.0,8.250651333332825e-05,0,1.3745552499997557e-05,9.62520658333258e-05,Germany,DEU,north rhine-westphalia,,,Windows-10-10.0.26100-SP0,3.11.0,3.0.1,8,Intel(R) Core(TM) i5-8250U CPU @ 1.60GHz,,,7.2005,51.6104,7.873264312744141,machine,N,1.0
2025-07-13T13:55:32,ollama-chatbot,39b5b09b-9e63-4aa0-8bf9-288088d9b85c,5b0fa12a-3dd7-45bb-9766-cc326314d9f1,52.899351600000045,0.0003918230090802,7.406952963111392e-06,60.0,0.0,10.0,0.0008816380349999,0,0.0001469037922222,0.0010285418272221,Germany,DEU,north rhine-westphalia,,,Windows-10-10.0.26100-SP0,3.11.0,3.0.1,8,Intel(R) Core(TM) i5-8250U CPU @ 1.60GHz,,,7.2005,51.6104,7.873264312744141,machine,N,1.0
2025-07-13T13:55:56,ollama-chatbot,106f2ad0-bbcd-4e45-a908-131913516b94,5b0fa12a-3dd7-45bb-9766-cc326314d9f1,18.192528700000366,0.0001347478821591,7.406770349583096e-06,60.0,0.0,10.0,0.00030319865,0,5.0516751388888936e-05,0.0003537154013889,Germany,DEU,north rhine-westphalia,,,Windows-10-10.0.26100-SP0,3.11.0,3.0.1,8,Intel(R) Core(TM) i5-8250U CPU @ 1.60GHz,,,7.2005,51.6104,7.873264312744141,machine,N,1.0
2025-07-13T13:57:11,ollama-chatbot,fc153fa5-40ba-4269-9cda-4dbad8c00b59,5b0fa12a-3dd7-45bb-9766-cc326314d9f1,68.28875609999977,0.0005058088949709,7.406913287895521e-06,60.0,0.0,10.0,0.0011381209583333,0,0.0001896356894444,0.0013277566477777,Germany,DEU,north rhine-westphalia,,,Windows-10-10.0.26100-SP0,3.11.0,3.0.1,8,Intel(R) Core(TM) i5-8250U CPU @ 1.60GHz,,,7.2005,51.6104,7.873264312744141,machine,N,1.0
2025-07-13T13:57:42,ollama-chatbot,4b1f52a2-87eb-4ccb-afe8-28605b2a490e,5b0fa12a-3dd7-45bb-9766-cc326314d9f1,25.24778679999963,0.0001870089481179,7.40694420462968e-06,60.0,0.0,10.0,0.0004207879483333,0,7.011360861110917e-05,0.0004909015569444,Germany,DEU,north rhine-westphalia,,,Windows-10-10.0.26100-SP0,3.11.0,3.0.1,8,Intel(R) Core(TM) i5-8250U CPU @ 1.60GHz,,,7.2005,51.6104,7.873264312744141,machine,N,1.0
2025-07-13T13:58:57,ollama-chatbot,758ba6f1-f9af-44e4-b020-6f98933cb03d,5b0fa12a-3dd7-45bb-9766-cc326314d9f1,68.92473759999939,0.0005105238842322,7.4069761018898894e-06,60.0,0.0,10.0,0.0011487247266666,0,0.0001914088452777,0.0013401335719444,Germany,DEU,north rhine-westphalia,,,Windows-10-10.0.26100-SP0,3.11.0,3.0.1,8,Intel(R) Core(TM) i5-8250U CPU @ 1.60GHz,,,7.2005,51.6104,7.873264312744141,machine,N,1.0
2025-07-13T13:59:16,ollama-chatbot,b6c258e4-59e4-4720-81c7-b713c9d072cc,5b0fa12a-3dd7-45bb-9766-cc326314d9f1,13.469107500000064,9.976640322856913e-05,7.407053750856814e-06,60.0,0.0,10.0,0.0002244808766666,0,3.740756861111044e-05,0.0002618884452777,Germany,DEU,north rhine-westphalia,,,Windows-10-10.0.26100-SP0,3.11.0,3.0.1,8,Intel(R) Core(TM) i5-8250U CPU @ 1.60GHz,,,7.2005,51.6104,7.873264312744141,machine,N,1.0
2025-07-13T14:00:28,ollama-chatbot,a0444cfe-12e2-459a-ac7c-6ce84b546321,5b0fa12a-3dd7-45bb-9766-cc326314d9f1,65.43765780000012,0.0004846941261983,7.40696018918842e-06,60.0,0.0,10.0,0.001090605685,0,0.0001817243483333,0.0012723300333333,Germany,DEU,north rhine-westphalia,,,Windows-10-10.0.26100-SP0,3.11.0,3.0.1,8,Intel(R) Core(TM) i5-8250U CPU @ 1.60GHz,,,7.2005,51.6104,7.873264312744141,machine,N,1.0
2025-07-13T14:00:38,ollama-chatbot,48348d21-fb63-407b-be6a-c3824e3abdd3,5b0fa12a-3dd7-45bb-9766-cc326314d9f1,4.385415400000056,3.2480718264084705e-05,7.406531719682539e-06,60.0,0.0,10.0,7.308644666666925e-05,0,1.2175971666667668e-05,8.526241833333692e-05,Germany,DEU,north rhine-westphalia,,,Windows-10-10.0.26100-SP0,3.11.0,3.0.1,8,Intel(R) Core(TM) i5-8250U CPU @ 1.60GHz,,,7.2005,51.6104,7.873264312744141,machine,N,1.0
2025-07-13T14:01:20,ollama-chatbot,f78eb8ad-df2b-432c-9daa-99b701783cda,5b0fa12a-3dd7-45bb-9766-cc326314d9f1,36.01209350000045,0.0002667386408095,7.406918478915542e-06,60.0,0.0,10.0,0.0006001879383333,0,0.00010000537,0.0007001933083333,Germany,DEU,north rhine-westphalia,,,Windows-10-10.0.26100-SP0,3.11.0,3.0.1,8,Intel(R) Core(TM) i5-8250U CPU @ 1.60GHz,,,7.2005,51.6104,7.873264312744141,machine,N,1.0
2025-07-13T14:01:32,ollama-chatbot,4ba3d1f4-2147-44fb-a340-39633a6fcfa7,5b0fa12a-3dd7-45bb-9766-cc326314d9f1,6.2917969000000085,4.6601668208653865e-05,7.406734347806713e-06,60.0,0.0,10.0,0.0001048591333333,0,1.747101027777818e-05,0.0001223301436111,Germany,DEU,north rhine-westphalia,,,Windows-10-10.0.26100-SP0,3.11.0,3.0.1,8,Intel(R) Core(TM) i5-8250U CPU @ 1.60GHz,,,7.2005,51.6104,7.873264312744141,machine,N,1.0
2025-07-13T14:02:54,ollama-chatbot,78d864c6-dacc-4a1b-9712-80211ed74d3d,5b0fa12a-3dd7-45bb-9766-cc326314d9f1,75.4780738999998,0.0005590549893765,7.406852884418151e-06,60.0,0.0,10.0,0.0012579349799999,0,0.0002095935391666,0.0014675285191666,Germany,DEU,north rhine-westphalia,,,Windows-10-10.0.26100-SP0,3.11.0,3.0.1,8,Intel(R) Core(TM) i5-8250U CPU @ 1.60GHz,,,7.2005,51.6104,7.873264312744141,machine,N,1.0
2025-07-13T14:03:37,ollama-chatbot,c6145403-d087-4dd3-b810-7f46548553e1,5b0fa12a-3dd7-45bb-9766-cc326314d9f1,37.4988871000005,0.0002777494459598,7.406871708463884e-06,60.0,0.0,10.0,0.0006249650433333,0,0.0001041318091666,0.0007290968525,Germany,DEU,north rhine-westphalia,,,Windows-10-10.0.26100-SP0,3.11.0,3.0.1,8,Intel(R) Core(TM) i5-8250U CPU @ 1.60GHz,,,7.2005,51.6104,7.873264312744141,machine,N,1.0
2025-07-13T14:04:24,ollama-chatbot,88805efc-95d6-47b5-8470-43e6475de669,5b0fa12a-3dd7-45bb-9766-cc326314d9f1,40.72963069999969,0.0003016842361548,7.406996600999633e-06,60.0,0.0,10.0,0.0006788116116666,0,0.0001131144577777,0.0007919260694444,Germany,DEU,north rhine-westphalia,,,Windows-10-10.0.26100-SP0,3.11.0,3.0.1,8,Intel(R) Core(TM) i5-8250U CPU @ 1.60GHz,,,7.2005,51.6104,7.873264312744141,machine,N,1.0
2025-07-13T14:04:37,ollama-chatbot,a8030a2c-fb9c-42e9-b92b-34e7add1b692,5b0fa12a-3dd7-45bb-9766-cc326314d9f1,7.104687600000034,5.262351903745864e-05,7.406873039351989e-06,60.0,0.0,10.0,0.0001184081116666,0,1.9729489166666605e-05,0.0001381376008333,Germany,DEU,north rhine-westphalia,,,Windows-10-10.0.26100-SP0,3.11.0,3.0.1,8,Intel(R) Core(TM) i5-8250U CPU @ 1.60GHz,,,7.2005,51.6104,7.873264312744141,machine,N,1.0
2025-07-13T14:05:49,ollama-chatbot,d74582b0-7cb3-496d-8291-4297910c331d,5b0fa12a-3dd7-45bb-9766-cc326314d9f1,66.50669280000056,0.0004926134365965,7.406975386340596e-06,60.0,0.0,10.0,0.0011084240833333,0,0.0001846942697222,0.0012931183530555,Germany,DEU,north rhine-westphalia,,,Windows-10-10.0.26100-SP0,3.11.0,3.0.1,8,Intel(R) Core(TM) i5-8250U CPU @ 1.60GHz,,,7.2005,51.6104,7.873264312744141,machine,N,1.0
2025-07-13T14:06:08,ollama-chatbot,8577688a-b01f-4b84-a1d5-63763c04122e,5b0fa12a-3dd7-45bb-9766-cc326314d9f1,12.630064500001026,9.355124990420893e-05,7.407028673860003e-06,60.0,0.0,10.0,0.0002104967766666,0,3.507678916666919e-05,0.0002455735658333,Germany,DEU,north rhine-westphalia,,,Windows-10-10.0.26100-SP0,3.11.0,3.0.1,8,Intel(R) Core(TM) i5-8250U CPU @ 1.60GHz,,,7.2005,51.6104,7.873264312744141,machine,N,1.0
2025-07-13T14:07:10,ollama-chatbot,e0b5666e-3838-47c7-b383-e7b9b7acfdfe,5b0fa12a-3dd7-45bb-9766-cc326314d9f1,56.130157900001,0.0004157512528611,7.406914008719882e-06,60.0,0.0,10.0,0.0009354843616666,0,0.0001558694980555,0.0010913538597222,Germany,DEU,north rhine-westphalia,,,Windows-10-10.0.26100-SP0,3.11.0,3.0.1,8,Intel(R) Core(TM) i5-8250U CPU @ 1.60GHz,,,7.2005,51.6104,7.873264312744141,machine,N,1.0
2025-07-13T14:07:22,ollama-chatbot,975da257-c269-4fe7-b5aa-44d54f93def0,5b0fa12a-3dd7-45bb-9766-cc326314d9f1,5.990280200001507,4.436843518232287e-05,7.406737865502803e-06,60.0,0.0,10.0,9.983411500000632e-05,0,1.663375527778044e-05,0.0001164678702777,Germany,DEU,north rhine-westphalia,,,Windows-10-10.0.26100-SP0,3.11.0,3.0.1,8,Intel(R) Core(TM) i5-8250U CPU @ 1.60GHz,,,7.2005,51.6104,7.873264312744141,machine,N,1.0
2025-07-13T14:08:13,ollama-chatbot,c43c7b70-b853-425e-b1d3-effe13b540aa,5b0fa12a-3dd7-45bb-9766-cc326314d9f1,45.13435859999845,0.0003343084642098,7.4069616713206045e-06,60.0,0.0,10.0,0.0007522237966666,0,0.0001253414066666,0.0008775652033333,Germany,DEU,north rhine-westphalia,,,Windows-10-10.0.26100-SP0,3.11.0,3.0.1,8,Intel(R) Core(TM) i5-8250U CPU @ 1.60GHz,,,7.2005,51.6104,7.873264312744141,machine,N,1.0
2025-07-13T14:08:24,ollama-chatbot,b9da46a9-4337-4393-8cc0-17451b326ee8,5b0fa12a-3dd7-45bb-9766-cc326314d9f1,5.109007899998687,3.78405483628168e-05,7.406633362776074e-06,60.0,0.0,10.0,8.514613666666265e-05,0,1.4185923611108188e-05,9.933206027777084e-05,Germany,DEU,north rhine-westphalia,,,Windows-10-10.0.26100-SP0,3.11.0,3.0.1,8,Intel(R) Core(TM) i5-8250U CPU @ 1.60GHz,,,7.2005,51.6104,7.873264312744141,machine,N,1.0
2025-07-13T14:09:11,ollama-chatbot,bc0c5745-55d2-4bda-aa7a-e24a05ddcdec,5b0fa12a-3dd7-45bb-9766-cc326314d9f1,41.14948610000101,0.0003047938865607,7.406991324751884e-06,60.0,0.0,10.0,0.0006858118183333,0,0.0001142771344444,0.0008000889527778,Germany,DEU,north rhine-westphalia,,,Windows-10-10.0.26100-SP0,3.11.0,3.0.1,8,Intel(R) Core(TM) i5-8250U CPU @ 1.60GHz,,,7.2005,51.6104,7.873264312744141,machine,N,1.0
2025-07-13T14:09:21,ollama-chatbot,9ffc7476-4596-456b-8a32-c8aa0b1f7a13,5b0fa12a-3dd7-45bb-9766-cc326314d9f1,3.862974699999541,2.86108143029812e-05,7.406420317219423e-06,60.0,0.0,10.0,6.437926833332313e-05,0,1.0724588611108426e-05,7.510385694443156e-05,Germany,DEU,north rhine-westphalia,,,Windows-10-10.0.26100-SP0,3.11.0,3.0.1,8,Intel(R) Core(TM) i5-8250U CPU @ 1.60GHz,,,7.2005,51.6104,7.873264312744141,machine,N,1.0
2025-07-13T14:10:17,ollama-chatbot,fbbca06f-87e4-4a5d-9283-20a540e4522e,5b0fa12a-3dd7-45bb-9766-cc326314d9f1,50.04532230000041,0.0003706807809026,7.4069016616684786e-06,60.0,0.0,10.0,0.0008340683866666,0,0.0001389747447222,0.0009730431313889,Germany,DEU,north rhine-westphalia,,,Windows-10-10.0.26100-SP0,3.11.0,3.0.1,8,Intel(R) Core(TM) i5-8250U CPU @ 1.60GHz,,,7.2005,51.6104,7.873264312744141,machine,N,1.0
2025-07-13T14:10:26,ollama-chatbot,9dc7ff10-5b59-4dc1-9754-2e83884edab6,5b0fa12a-3dd7-45bb-9766-cc326314d9f1,3.0860897000002296,2.285605841858988e-05,7.406154921092596e-06,60.0,0.0,10.0,5.143101166668202e-05,0,8.566516666668476e-06,5.99975283333505e-05,Germany,DEU,north rhine-westphalia,,,Windows-10-10.0.26100-SP0,3.11.0,3.0.1,8,Intel(R) Core(TM) i5-8250U CPU @ 1.60GHz,,,7.2005,51.6104,7.873264312744141,machine,N,1.0
2025-07-13T14:11:26,ollama-chatbot,52213f10-767b-4aee-b6f9-ec10ece9ef35,5b0fa12a-3dd7-45bb-9766-cc326314d9f1,53.61198940000031,0.0003971023101585,7.406968377833502e-06,60.0,0.0,10.0,0.0008935122916666,0,0.0001488877874999,0.0010424000791666,Germany,DEU,north rhine-westphalia,,,Windows-10-10.0.26100-SP0,3.11.0,3.0.1,8,Intel(R) Core(TM) i5-8250U CPU @ 1.60GHz,,,7.2005,51.6104,7.873264312744141,machine,N,1.0
2025-07-13T14:11:36,ollama-chatbot,2f9bbfc2-4097-41bc-8038-0ece772163a4,5b0fa12a-3dd7-45bb-9766-cc326314d9f1,4.814436000000569,3.565866072986324e-05,7.406612265664976e-06,60.0,0.0,10.0,8.02366900000076e-05,0,1.3367879444442425e-05,9.360456944445004e-05,Germany,DEU,north rhine-westphalia,,,Windows-10-10.0.26100-SP0,3.11.0,3.0.1,8,Intel(R) Core(TM) i5-8250U CPU @ 1.60GHz,,,7.2005,51.6104,7.873264312744141,machine,N,1.0
2025-07-13T14:12:34,ollama-chatbot,1f2a3f0a-a451-4ba3-974b-29fef8e8e274,5b0fa12a-3dd7-45bb-9766-cc326314d9f1,51.41217499999948,0.0003808094050057,7.406988811613523e-06,60.0,0.0,10.0,0.0008568523866666,0,0.0001427785491666,0.0009996309358333,Germany,DEU,north rhine-westphalia,,,Windows-10-10.0.26100-SP0,3.11.0,3.0.1,8,Intel(R) Core(TM) i5-8250U CPU @ 1.60GHz,,,7.2005,51.6104,7.873264312744141,machine,N,1.0
2025-07-13T14:12:44,ollama-chatbot,f9f089ee-98f3-4904-8279-2adb132a9f3d,5b0fa12a-3dd7-45bb-9766-cc326314d9f1,4.579701099999511,3.391987424283694e-05,7.406569446822755e-06,60.0,0.0,10.0,7.632472666664397e-05,0,1.2715499722217927e-05,8.90402263888619e-05,Germany,DEU,north rhine-westphalia,,,Windows-10-10.0.26100-SP0,3.11.0,3.0.1,8,Intel(R) Core(TM) i5-8250U CPU @ 1.60GHz,,,7.2005,51.6104,7.873264312744141,machine,N,1.0
2025-07-13T14:14:06,ollama-chatbot,0461891d-9da7-4e22-a1e6-befe4d440612,5b0fa12a-3dd7-45bb-9766-cc326314d9f1,75.25742209999953,0.0005574222390521,7.406873946751611e-06,60.0,0.0,10.0,0.0012542600449999,0,0.0002089824777777,0.0014632425227777,Germany,DEU,north rhine-westphalia,,,Windows-10-10.0.26100-SP0,3.11.0,3.0.1,8,Intel(R) Core(TM) i5-8250U CPU @ 1.60GHz,,,7.2005,51.6104,7.873264312744141,machine,N,1.0
2025-07-13T14:15:00,ollama-chatbot,626a61d5-789b-4918-b627-a52ffe677224,5b0fa12a-3dd7-45bb-9766-cc326314d9f1,47.96601290000035,0.0003552834313165,7.40698277459952e-06,60.0,0.0,10.0,0.0007994191883333,0,0.0001332056477777,0.000932624836111,Germany,DEU,north rhine-westphalia,,,Windows-10-10.0.26100-SP0,3.11.0,3.0.1,8,Intel(R) Core(TM) i5-8250U CPU @ 1.60GHz,,,7.2005,51.6104,7.873264312744141,machine,N,1.0
2025-07-13T14:15:55,ollama-chatbot,f50b64a6-338a-4aef-aa7b-236e47a06ac8,5b0fa12a-3dd7-45bb-9766-cc326314d9f1,49.86015899999984,0.000369311663957,7.406949182753357e-06,60.0,0.0,10.0,0.0008309836516667,0,0.0001384655252777,0.0009694491769444,Germany,DEU,north rhine-westphalia,,,Windows-10-10.0.26100-SP0,3.11.0,3.0.1,8,Intel(R) Core(TM) i5-8250U CPU @ 1.60GHz,,,7.2005,51.6104,7.873264312744141,machine,N,1.0
2025-07-13T14:16:22,ollama-chatbot,650f1c7d-50eb-46d8-a8ab-c7c3dfe74e08,5b0fa12a-3dd7-45bb-9766-cc326314d9f1,6.124812400001247,2.830852276833276e-07,4.6219411991013785e-08,60.0,0.0,10.0,0.0001020759366666,0,1.7006600555557977e-05,0.0001190825372222,Canada,CAN,quebec,,,Windows-10-10.0.26100-SP0,3.11.0,3.0.1,8,Intel(R) Core(TM) i5-8250U CPU @ 1.60GHz,,,-71.2,46.8,7.873264312744141,machine,N,1.0
2025-07-13T14:17:21,ollama-chatbot,2692dede-83ef-4a19-86d4-0bcfc9593c76,5b0fa12a-3dd7-45bb-9766-cc326314d9f1,53.00669949999974,0.0003926201273787,7.406990646130054e-06,60.0,0.0,10.0,0.0008834291116667,0,0.0001472051641666,0.0010306342758333,Germany,DEU,north rhine-westphalia,,,Windows-10-10.0.26100-SP0,3.11.0,3.0.1,8,Intel(R) Core(TM) i5-8250U CPU @ 1.60GHz,,,7.2005,51.6104,7.873264312744141,machine,N,1.0
2025-07-13T14:17:48,ollama-chatbot,b5f6c476-de2d-4f7b-91b8-6c3923004219,5b0fa12a-3dd7-45bb-9766-cc326314d9f1,21.98034489999918,0.0001628006256643,7.406645637499792e-06,60.0,0.0,10.0,0.0003663226199999,0,6.103169333333022e-05,0.0004273543133332,Germany,DEU,north rhine-westphalia,,,Windows-10-10.0.26100-SP0,3.11.0,3.0.1,8,Intel(R) Core(TM) i5-8250U CPU @ 1.60GHz,,,7.2005,51.6104,7.873264312744141,machine,N,1.0
2025-07-13T14:18:54,ollama-chatbot,97dec323-55a9-4703-b8a2-6af5040c7179,5b0fa12a-3dd7-45bb-9766-cc326314d9f1,58.87198410000019,0.0004360551492414,7.406836306056463e-06,60.0,0.0,10.0,0.0009811742183333,0,0.0001634777024999,0.0011446519208333,Germany,DEU,north rhine-westphalia,,,Windows-10-10.0.26100-SP0,3.11.0,3.0.1,8,Intel(R) Core(TM) i5-8250U CPU @ 1.60GHz,,,7.2005,51.6104,7.873264312744141,machine,N,1.0
2025-07-13T14:19:06,ollama-chatbot,ce40b503-2383-477b-9528-b5d61b45b1fb,5b0fa12a-3dd7-45bb-9766-cc326314d9f1,5.690463900000395,4.214504717382696e-05,7.406258595863164e-06,60.0,0.0,10.0,9.483503500002069e-05,0,1.579640527777681e-05,0.0001106314402777,Germany,DEU,north rhine-westphalia,,,Windows-10-10.0.26100-SP0,3.11.0,3.0.1,8,Intel(R) Core(TM) i5-8250U CPU @ 1.60GHz,,,7.2005,51.6104,7.873264312744141,machine,N,1.0
2025-07-13T14:20:20,ollama-chatbot,81251818-607c-40a2-892e-c99699517799,5b0fa12a-3dd7-45bb-9766-cc326314d9f1,67.71369480000067,0.0005015436780308,7.406827813962773e-06,60.0,0.0,10.0,0.0011285321349999,0,0.0001880282483333,0.0013165603833333,Germany,DEU,north rhine-westphalia,,,Windows-10-10.0.26100-SP0,3.11.0,3.0.1,8,Intel(R) Core(TM) i5-8250U CPU @ 1.60GHz,,,7.2005,51.6104,7.873264312744141,machine,N,1.0
2025-07-13T14:20:34,ollama-chatbot,97dc9dde-c7d5-44fb-a4da-00e937faefcd,5b0fa12a-3dd7-45bb-9766-cc326314d9f1,7.78326670000024,5.764885366065845e-05,7.406768376658181e-06,60.0,0.0,10.0,0.0001297169399999,0,2.1612246666664862e-05,0.0001513291866666,Germany,DEU,north rhine-westphalia,,,Windows-10-10.0.26100-SP0,3.11.0,3.0.1,8,Intel(R) Core(TM) i5-8250U CPU @ 1.60GHz,,,7.2005,51.6104,7.873264312744141,machine,N,1.0
2025-07-13T14:22:20,ollama-chatbot,abafca9f-6013-4fa0-9165-f5ce6417777a,5b0fa12a-3dd7-45bb-9766-cc326314d9f1,100.49132330000066,0.0007443287255883,7.4068954527176895e-06,60.0,0.0,10.0,0.0016748194183333,0,0.0002790556980555,0.0019538751163889,Germany,DEU,north rhine-westphalia,,,Windows-10-10.0.26100-SP0,3.11.0,3.0.1,8,Intel(R) Core(TM) i5-8250U CPU @ 1.60GHz,,,7.2005,51.6104,7.873264312744141,machine,N,1.0
2025-07-13T14:22:32,ollama-chatbot,c4e5ab07-f376-4e42-aee5-68b18e4821c9,5b0fa12a-3dd7-45bb-9766-cc326314d9f1,5.403718699999445,4.002158266777674e-05,7.406303860299178e-06,60.0,0.0,10.0,9.005490833333169e-05,0,1.5002402777776702e-05,0.0001050573111111,Germany,DEU,north rhine-westphalia,,,Windows-10-10.0.26100-SP0,3.11.0,3.0.1,8,Intel(R) Core(TM) i5-8250U CPU @ 1.60GHz,,,7.2005,51.6104,7.873264312744141,machine,N,1.0
2025-07-13T14:23:33,ollama-chatbot,e7160cc3-3262-42c1-8e6d-0f2d4e125bab,5b0fa12a-3dd7-45bb-9766-cc326314d9f1,54.95181699999921,0.00040702479555,7.406939711384477e-06,60.0,0.0,10.0,0.0009158477799999,0,0.0001525989861111,0.0010684467661111,Germany,DEU,north rhine-westphalia,,,Windows-10-10.0.26100-SP0,3.11.0,3.0.1,8,Intel(R) Core(TM) i5-8250U CPU @ 1.60GHz,,,7.2005,51.6104,7.873264312744141,machine,N,1.0
2025-07-13T14:23:46,ollama-chatbot,cd94a21a-39ec-475c-a2aa-358d05617443,5b0fa12a-3dd7-45bb-9766-cc326314d9f1,6.584081099999821,4.876572769906122e-05,7.406611030210813e-06,60.0,0.0,10.0,0.0001097301799999,0,1.828065527777451e-05,0.0001280108352777,Germany,DEU,north rhine-westphalia,,,Windows-10-10.0.26100-SP0,3.11.0,3.0.1,8,Intel(R) Core(TM) i5-8250U CPU @ 1.60GHz,,,7.2005,51.6104,7.873264312744141,machine,N,1.0
2025-07-13T14:25:20,ollama-chatbot,789fd8d6-a6d9-4183-9841-bc595ecbec5b,5b0fa12a-3dd7-45bb-9766-cc326314d9f1,88.2030610999991,0.0006533130477732,7.406920345230631e-06,60.0,0.0,10.0,0.0014700188766666,0,0.0002449385922222,0.0017149574688888,Germany,DEU,north rhine-westphalia,,,Windows-10-10.0.26100-SP0,3.11.0,3.0.1,8,Intel(R) Core(TM) i5-8250U CPU @ 1.60GHz,,,7.2005,51.6104,7.873264312744141,machine,N,1.0
2025-07-13T14:25:31,ollama-chatbot,a4e5a9d6-1cfb-499e-b1cc-3e75bacc85ff,5b0fa12a-3dd7-45bb-9766-cc326314d9f1,4.2177501999995,3.123816052746617e-05,7.406356243541847e-06,60.0,0.0,10.0,7.0292204999987e-05,0,1.170847888888602e-05,8.200068388887301e-05,Germany,DEU,north rhine-westphalia,,,Windows-10-10.0.26100-SP0,3.11.0,3.0.1,8,Intel(R) Core(TM) i5-8250U CPU @ 1.60GHz,,,7.2005,51.6104,7.873264312744141,machine,N,1.0
2025-07-13T14:26:44,ollama-chatbot,99b5d140-36c7-4771-87e1-90ab00efbb32,5b0fa12a-3dd7-45bb-9766-cc326314d9f1,67.35717300000033,0.0004989107740633,7.406943490091429e-06,60.0,0.0,10.0,0.0011225958866666,0,0.0001870530805555,0.0013096489672222,Germany,DEU,north rhine-westphalia,,,Windows-10-10.0.26100-SP0,3.11.0,3.0.1,8,Intel(R) Core(TM) i5-8250U CPU @ 1.60GHz,,,7.2005,51.6104,7.873264312744141,machine,N,1.0
2025-07-13T14:27:04,ollama-chatbot,92f564d5-913f-42e5-98d4-b79d0d7dba82,5b0fa12a-3dd7-45bb-9766-cc326314d9f1,13.297817500000749,9.849623984438848e-05,7.406947782550254e-06,60.0,0.0,10.0,0.0002216251933333,0,3.692905222222483e-05,0.0002585542455555,Germany,DEU,north rhine-westphalia,,,Windows-10-10.0.26100-SP0,3.11.0,3.0.1,8,Intel(R) Core(TM) i5-8250U CPU @ 1.60GHz,,,7.2005,51.6104,7.873264312744141,machine,N,1.0
2025-07-13T14:28:18,ollama-chatbot,e98bb47a-131d-4254-b627-43dbd92be12a,5b0fa12a-3dd7-45bb-9766-cc326314d9f1,67.74520279999888,0.0005017839047833,7.406928963882025e-06,60.0,0.0,10.0,0.0011290630133333,0,0.0001881279691666,0.0013171909824999,Germany,DEU,north rhine-westphalia,,,Windows-10-10.0.26100-SP0,3.11.0,3.0.1,8,Intel(R) Core(TM) i5-8250U CPU @ 1.60GHz,,,7.2005,51.6104,7.873264312744141,machine,N,1.0
2025-07-13T14:28:47,ollama-chatbot,46afa541-1ed8-4c34-a989-383734e0ad66,5b0fa12a-3dd7-45bb-9766-cc326314d9f1,23.44385630000033,0.0001736457897334,7.406878267441461e-06,60.0,0.0,10.0,0.0003907221533333,0,6.51008936111086e-05,0.0004558230469444,Germany,DEU,north rhine-westphalia,,,Windows-10-10.0.26100-SP0,3.11.0,3.0.1,8,Intel(R) Core(TM) i5-8250U CPU @ 1.60GHz,,,7.2005,51.6104,7.873264312744141,machine,N,1.0
2025-07-13T14:29:33,ollama-chatbot,9e269243-110f-4d35-bd55-5634e3a0fd24,5b0fa12a-3dd7-45bb-9766-cc326314d9f1,39.26167179999902,0.0002908074158814,7.406903541011392e-06,60.0,0.0,10.0,0.0006543459133333,0,0.0001090283244444,0.0007633742377777,Germany,DEU,north rhine-westphalia,,,Windows-10-10.0.26100-SP0,3.11.0,3.0.1,8,Intel(R) Core(TM) i5-8250U CPU @ 1.60GHz,,,7.2005,51.6104,7.873264312744141,machine,N,1.0
2025-07-13T14:29:44,ollama-chatbot,b474ec99-b317-4897-bbe1-47de71164083,5b0fa12a-3dd7-45bb-9766-cc326314d9f1,5.214727300000959,3.8623835636557854e-05,7.406683689202837e-06,60.0,0.0,10.0,8.690898666667028e-05,0,1.447921555555796e-05,0.0001013882022222,Germany,DEU,north rhine-westphalia,,,Windows-10-10.0.26100-SP0,3.11.0,3.0.1,8,Intel(R) Core(TM) i5-8250U CPU @ 1.60GHz,,,7.2005,51.6104,7.873264312744141,machine,N,1.0
2025-07-13T14:30:50,ollama-chatbot,0c50553a-eb98-4ce5-aab8-ab27369af0ac,5b0fa12a-3dd7-45bb-9766-cc326314d9f1,60.25258639999993,0.0004462853578948,7.406907894908895e-06,60.0,0.0,10.0,0.0010041891749999,0,0.0001673172113888,0.0011715063863888,Germany,DEU,north rhine-westphalia,,,Windows-10-10.0.26100-SP0,3.11.0,3.0.1,8,Intel(R) Core(TM) i5-8250U CPU @ 1.60GHz,,,7.2005,51.6104,7.873264312744141,machine,N,1.0
2025-07-13T14:31:34,ollama-chatbot,454c11ab-3340-416a-8cef-01ccc724f9c6,5b0fa12a-3dd7-45bb-9766-cc326314d9f1,37.68988449999961,0.0002791672572043,7.406954436390922e-06,60.0,0.0,10.0,0.0006281500316667,0,0.0001046685986111,0.0007328186302778,Germany,DEU,north rhine-westphalia,,,Windows-10-10.0.26100-SP0,3.11.0,3.0.1,8,Intel(R) Core(TM) i5-8250U CPU @ 1.60GHz,,,7.2005,51.6104,7.873264312744141,machine,N,1.0
2025-07-13T14:32:35,ollama-chatbot,8e32fcc4-d58f-44e0-8628-cd0491e4fa14,5b0fa12a-3dd7-45bb-9766-cc326314d9f1,55.01350889999958,0.0004074828921578,7.406960586689943e-06,60.0,0.0,10.0,0.0009168736866666,0,0.0001527755905555,0.0010696492772222,Germany,DEU,north rhine-westphalia,,,Windows-10-10.0.26100-SP0,3.11.0,3.0.1,8,Intel(R) Core(TM) i5-8250U CPU @ 1.60GHz,,,7.2005,51.6104,7.873264312744141,machine,N,1.0
2025-07-13T14:33:07,ollama-chatbot,29538abe-ddab-451d-a44c-9121637d7cc2,5b0fa12a-3dd7-45bb-9766-cc326314d9f1,25.36995139999999,0.0001879156281654,7.4070156935932e-06,60.0,0.0,10.0,0.00042282409,0,7.045751694444738e-05,0.0004932816069444,Germany,DEU,north rhine-westphalia,,,Windows-10-10.0.26100-SP0,3.11.0,3.0.1,8,Intel(R) Core(TM) i5-8250U CPU @ 1.60GHz,,,7.2005,51.6104,7.873264312744141,machine,N,1.0
2025-07-13T14:34:40,ollama-chatbot,09753134-0009-425e-b6ae-54bcbcf9f68e,5b0fa12a-3dd7-45bb-9766-cc326314d9f1,87.76386270000148,0.0006500569611397,7.406886401089909e-06,60.0,0.0,10.0,0.0014626947783333,0,0.0002437154097222,0.0017064101880555,Germany,DEU,north rhine-westphalia,,,Windows-10-10.0.26100-SP0,3.11.0,3.0.1,8,Intel(R) Core(TM) i5-8250U CPU @ 1.60GHz,,,7.2005,51.6104,7.873264312744141,machine,N,1.0
2025-07-13T14:35:49,ollama-chatbot,0bde7bf6-f4d4-46b6-bae1-aa3bec7d2934,5b0fa12a-3dd7-45bb-9766-cc326314d9f1,62.90740170000026,0.0004659478996592,7.406885152900385e-06,60.0,0.0,10.0,0.0010484307133333,0,0.0001746901677777,0.001223120881111,Germany,DEU,north rhine-westphalia,,,Windows-10-10.0.26100-SP0,3.11.0,3.0.1,8,Intel(R) Core(TM) i5-8250U CPU @ 1.60GHz,,,7.2005,51.6104,7.873264312744141,machine,N,1.0
2025-07-13T14:36:27,ollama-chatbot,f7139290-9123-4a33-850d-d9fb7b1d5552,5b0fa12a-3dd7-45bb-9766-cc326314d9f1,31.61439379999865,0.0002341618929869,7.406812683751782e-06,60.0,0.0,10.0,0.0005268905116666,0,8.778829916666635e-05,0.0006146788108333,Germany,DEU,north rhine-westphalia,,,Windows-10-10.0.26100-SP0,3.11.0,3.0.1,8,Intel(R) Core(TM) i5-8250U CPU @ 1.60GHz,,,7.2005,51.6104,7.873264312744141,machine,N,1.0
2025-07-13T14:36:37,ollama-chatbot,9beb9944-5ea9-4f1d-806f-31a5e48745e3,5b0fa12a-3dd7-45bb-9766-cc326314d9f1,3.9273167999999714,2.90874732286068e-05,7.406449418240722e-06,60.0,0.0,10.0,6.545186666665662e-05,0,1.0903227777776514e-05,7.635509444443313e-05,Germany,DEU,north rhine-westphalia,,,Windows-10-10.0.26100-SP0,3.11.0,3.0.1,8,Intel(R) Core(TM) i5-8250U CPU @ 1.60GHz,,,7.2005,51.6104,7.873264312744141,machine,N,1.0
2025-07-13T14:37:23,ollama-chatbot,312ab5b4-9788-47fa-baa8-3c04e6eb4c9e,5b0fa12a-3dd7-45bb-9766-cc326314d9f1,40.18810619999931,0.0002976732475729,7.406998630179733e-06,60.0,0.0,10.0,0.0006697895833333,0,0.0001116075752777,0.0007813971586111,Germany,DEU,north rhine-westphalia,,,Windows-10-10.0.26100-SP0,3.11.0,3.0.1,8,Intel(R) Core(TM) i5-8250U CPU @ 1.60GHz,,,7.2005,51.6104,7.873264312744141,machine,N,1.0
2025-07-13T14:37:32,ollama-chatbot,9625bc2f-c23d-4f13-bb5a-76042e6f6582,5b0fa12a-3dd7-45bb-9766-cc326314d9f1,3.450236600001517,2.5553488014572635e-05,7.406300198241883e-06,60.0,0.0,10.0,5.750040166667531e-05,0,9.577923611110842e-06,6.707832527778615e-05,Germany,DEU,north rhine-westphalia,,,Windows-10-10.0.26100-SP0,3.11.0,3.0.1,8,Intel(R) Core(TM) i5-8250U CPU @ 1.60GHz,,,7.2005,51.6104,7.873264312744141,machine,N,1.0
2025-07-13T14:38:51,ollama-chatbot,4588cdaf-3eb4-4361-9fd5-ebf746c5bee2,5b0fa12a-3dd7-45bb-9766-cc326314d9f1,73.12052029999904,0.000541604947223,7.407017141029166e-06,60.0,0.0,10.0,0.0012186549183333,0,0.0002030669538888,0.0014217218722222,Germany,DEU,north rhine-westphalia,,,Windows-10-10.0.26100-SP0,3.11.0,3.0.1,8,Intel(R) Core(TM) i5-8250U CPU @ 1.60GHz,,,7.2005,51.6104,7.873264312744141,machine,N,1.0
2025-07-13T14:39:03,ollama-chatbot,ec0ad188-bae4-438d-8662-24ecf647ea12,5b0fa12a-3dd7-45bb-9766-cc326314d9f1,5.164392900000166,3.8249686546429786e-05,7.406424586020276e-06,60.0,0.0,10.0,8.606807833333127e-05,0,1.433797638888892e-05,0.0001004060547222,Germany,DEU,north rhine-westphalia,,,Windows-10-10.0.26100-SP0,3.11.0,3.0.1,8,Intel(R) Core(TM) i5-8250U CPU @ 1.60GHz,,,7.2005,51.6104,7.873264312744141,machine,N,1.0
2025-07-13T14:40:00,ollama-chatbot,4dd504a5-1614-4908-a692-9c16ee68aaef,5b0fa12a-3dd7-45bb-9766-cc326314d9f1,51.09456250000039,0.0003784538897806,7.406930821272682e-06,60.0,0.0,10.0,0.00085155551,0,0.0001418921597222,0.0009934476697222,Germany,DEU,north rhine-westphalia,,,Windows-10-10.0.26100-SP0,3.11.0,3.0.1,8,Intel(R) Core(TM) i5-8250U CPU @ 1.60GHz,,,7.2005,51.6104,7.873264312744141,machine,N,1.0
2025-07-13T14:40:28,ollama-chatbot,31d588a8-371b-41ad-bd55-3acfa9dcd50b,5b0fa12a-3dd7-45bb-9766-cc326314d9f1,22.62458440000045,0.0001675789477572,7.4069403793024545e-06,60.0,0.0,10.0,0.0003770669116666,0,6.283057555555793e-05,0.0004398974872222,Germany,DEU,north rhine-westphalia,,,Windows-10-10.0.26100-SP0,3.11.0,3.0.1,8,Intel(R) Core(TM) i5-8250U CPU @ 1.60GHz,,,7.2005,51.6104,7.873264312744141,machine,N,1.0
2025-07-13T14:41:43,ollama-chatbot,e658de74-6af9-44d8-a1c7-c487d9dffcad,5b0fa12a-3dd7-45bb-9766-cc326314d9f1,68.70006029999968,0.0005088613264751,7.406999706449202e-06,60.0,0.0,10.0,0.0011449803499999,0,0.0001907889805555,0.0013357693305555,Germany,DEU,north rhine-westphalia,,,Windows-10-10.0.26100-SP0,3.11.0,3.0.1,8,Intel(R) Core(TM) i5-8250U CPU @ 1.60GHz,,,7.2005,51.6104,7.873264312744141,machine,N,1.0
2025-07-13T14:42:01,ollama-chatbot,131e94f5-4114-4d27-846e-c668460b9a0a,5b0fa12a-3dd7-45bb-9766-cc326314d9f1,11.521157299999686,8.533556167586226e-05,7.406856746575675e-06,60.0,0.0,10.0,0.0001920117566666,0,3.199549277777705e-05,0.0002240072494444,Germany,DEU,north rhine-westphalia,,,Windows-10-10.0.26100-SP0,3.11.0,3.0.1,8,Intel(R) Core(TM) i5-8250U CPU @ 1.60GHz,,,7.2005,51.6104,7.873264312744141,machine,N,1.0
2025-07-13T14:42:43,ollama-chatbot,a0335025-c4ef-4b7b-b9e2-fe8d80682eba,5b0fa12a-3dd7-45bb-9766-cc326314d9f1,35.974678599999606,0.0002664602951418,7.406884661975506e-06,60.0,0.0,10.0,0.0005995617133333,0,9.990093305555598e-05,0.0006994626463888,Germany,DEU,north rhine-westphalia,,,Windows-10-10.0.26100-SP0,3.11.0,3.0.1,8,Intel(R) Core(TM) i5-8250U CPU @ 1.60GHz,,,7.2005,51.6104,7.873264312744141,machine,N,1.0
2025-07-13T14:43:17,ollama-chatbot,92800387-528d-4416-be2a-42f4809c6393,5b0fa12a-3dd7-45bb-9766-cc326314d9f1,27.896095199999763,0.0002066264995815,7.407004388972332e-06,60.0,0.0,10.0,0.0004649262499999,0,7.74717013888878e-05,0.0005423979513888,Germany,DEU,north rhine-westphalia,,,Windows-10-10.0.26100-SP0,3.11.0,3.0.1,8,Intel(R) Core(TM) i5-8250U CPU @ 1.60GHz,,,7.2005,51.6104,7.873264312744141,machine,N,1.0
2025-07-13T14:43:52,ollama-chatbot,6580addd-0a0e-4b97-b548-638f11f30d02,5b0fa12a-3dd7-45bb-9766-cc326314d9f1,29.229432000000088,0.0002165024080155,7.407000177612134e-06,60.0,0.0,10.0,0.0004871472266666,0,8.117514638888678e-05,0.0005683223730555,Germany,DEU,north rhine-westphalia,,,Windows-10-10.0.26100-SP0,3.11.0,3.0.1,8,Intel(R) Core(TM) i5-8250U CPU @ 1.60GHz,,,7.2005,51.6104,7.873264312744141,machine,N,1.0
2025-07-13T14:44:06,ollama-chatbot,673c8f94-7af7-4875-8b28-3536721f735b,5b0fa12a-3dd7-45bb-9766-cc326314d9f1,8.053788299999724,5.965321182117538e-05,7.406851235607649e-06,60.0,0.0,10.0,0.0001342251416666,0,2.236551805555488e-05,0.0001565906597222,Germany,DEU,north rhine-westphalia,,,Windows-10-10.0.26100-SP0,3.11.0,3.0.1,8,Intel(R) Core(TM) i5-8250U CPU @ 1.60GHz,,,7.2005,51.6104,7.873264312744141,machine,N,1.0
2025-07-13T14:44:50,ollama-chatbot,f66d2029-7bc5-4e3a-b665-b0b87dd2ae10,5b0fa12a-3dd7-45bb-9766-cc326314d9f1,38.00603140000021,0.0002815067032176,7.4068955070538595e-06,60.0,0.0,10.0,0.0006334188216666,0,0.0001055408927777,0.0007389597144444,Germany,DEU,north rhine-westphalia,,,Windows-10-10.0.26100-SP0,3.11.0,3.0.1,8,Intel(R) Core(TM) i5-8250U CPU @ 1.60GHz,,,7.2005,51.6104,7.873264312744141,machine,N,1.0
2025-07-13T14:45:01,ollama-chatbot,048a53d0-81cf-4793-9f98-a2eacbc0d980,5b0fa12a-3dd7-45bb-9766-cc326314d9f1,5.172199300001012,3.830899358316731e-05,7.406712572572333e-06,60.0,0.0,10.0,8.620011833333289e-05,0,1.4361618333335475e-05,0.0001005617366666,Germany,DEU,north rhine-westphalia,,,Windows-10-10.0.26100-SP0,3.11.0,3.0.1,8,Intel(R) Core(TM) i5-8250U CPU @ 1.60GHz,,,7.2005,51.6104,7.873264312744141,machine,N,1.0
2025-07-13T14:46:01,ollama-chatbot,5908de46-cad8-4d9b-a126-dcd610f666e6,5b0fa12a-3dd7-45bb-9766-cc326314d9f1,54.03371009999864,0.0004002270717926,7.406988545705822e-06,60.0,0.0,10.0,0.000900543635,0,0.0001500589947222,0.0010506026297222,Germany,DEU,north rhine-westphalia,,,Windows-10-10.0.26100-SP0,3.11.0,3.0.1,8,Intel(R) Core(TM) i5-8250U CPU @ 1.60GHz,,,7.2005,51.6104,7.873264312744141,machine,N,1.0
2025-07-13T14:46:15,ollama-chatbot,a345db29-7fd5-42ab-94c3-e7ec5d55f2ca,5b0fa12a-3dd7-45bb-9766-cc326314d9f1,8.269401300000027,6.125054681131888e-05,7.40689012290632e-06,60.0,0.0,10.0,0.0001378193133333,0,2.2964376944446487e-05,0.0001607836902777,Germany,DEU,north rhine-westphalia,,,Windows-10-10.0.26100-SP0,3.11.0,3.0.1,8,Intel(R) Core(TM) i5-8250U CPU @ 1.60GHz,,,7.2005,51.6104,7.873264312744141,machine,N,1.0
2025-07-13T14:46:45,ollama-chatbot,5f3a8ad9-8e4a-4bdb-a1d6-b465ad2c697a,5b0fa12a-3dd7-45bb-9766-cc326314d9f1,23.24274460000015,0.0001721569558641,7.406911654665652e-06,60.0,0.0,10.0,0.0003873691683333,0,6.454566527777894e-05,0.0004519148336111,Germany,DEU,north rhine-westphalia,,,Windows-10-10.0.26100-SP0,3.11.0,3.0.1,8,Intel(R) Core(TM) i5-8250U CPU @ 1.60GHz,,,7.2005,51.6104,7.873264312744141,machine,N,1.0
2025-07-13T14:47:01,ollama-chatbot,58aedbe9-bb73-4e3b-855c-7047c6464147,5b0fa12a-3dd7-45bb-9766-cc326314d9f1,10.560417199998485,7.822113217306349e-05,7.40701154998637e-06,60.0,0.0,10.0,0.0001760033833333,0,2.9328371944443965e-05,0.0002053317552777,Germany,DEU,north rhine-westphalia,,,Windows-10-10.0.26100-SP0,3.11.0,3.0.1,8,Intel(R) Core(TM) i5-8250U CPU @ 1.60GHz,,,7.2005,51.6104,7.873264312744141,machine,N,1.0
2025-07-13T14:47:21,ollama-chatbot,12bfdd81-975a-41d6-98f2-a7ddc7cd174f,5b0fa12a-3dd7-45bb-9766-cc326314d9f1,14.242539400000169,0.0001054948974781,7.407028656572199e-06,60.0,0.0,10.0,0.0002373705616666,0,3.9555275000000416e-05,0.0002769258366666,Germany,DEU,north rhine-westphalia,,,Windows-10-10.0.26100-SP0,3.11.0,3.0.1,8,Intel(R) Core(TM) i5-8250U CPU @ 1.60GHz,,,7.2005,51.6104,7.873264312744141,machine,N,1.0
2025-07-13T14:47:34,ollama-chatbot,a7709c10-87c1-4db1-a471-6798fe054b85,5b0fa12a-3dd7-45bb-9766-cc326314d9f1,7.123730600000272,5.276247150233871e-05,7.406578724683483e-06,60.0,0.0,10.0,0.000118722745,0,1.977960833333377e-05,0.0001385023533333,Germany,DEU,north rhine-westphalia,,,Windows-10-10.0.26100-SP0,3.11.0,3.0.1,8,Intel(R) Core(TM) i5-8250U CPU @ 1.60GHz,,,7.2005,51.6104,7.873264312744141,machine,N,1.0
2025-07-13T14:48:14,ollama-chatbot,f249a930-d72f-4fdb-ad62-5f3f0003fa2c,5b0fa12a-3dd7-45bb-9766-cc326314d9f1,33.49941309999849,0.0002481252603185,7.406853952272377e-06,60.0,0.0,10.0,0.0005583075933333,0,9.30252858333309e-05,0.0006513328791666,Germany,DEU,north rhine-westphalia,,,Windows-10-10.0.26100-SP0,3.11.0,3.0.1,8,Intel(R) Core(TM) i5-8250U CPU @ 1.60GHz,,,7.2005,51.6104,7.873264312744141,machine,N,1.0
2025-07-13T14:48:47,ollama-chatbot,4ddebdaf-db59-4ebc-ae6e-69a189d13316,5b0fa12a-3dd7-45bb-9766-cc326314d9f1,26.620702499998515,0.0001971793833883,7.406993988545288e-06,60.0,0.0,10.0,0.0004436699116666,0,7.392920472222309e-05,0.0005175991163888,Germany,DEU,north rhine-westphalia,,,Windows-10-10.0.26100-SP0,3.11.0,3.0.1,8,Intel(R) Core(TM) i5-8250U CPU @ 1.60GHz,,,7.2005,51.6104,7.873264312744141,machine,N,1.0
2025-07-13T14:49:33,ollama-chatbot,6671c69f-794a-4ce1-a852-04c38d8cce36,5b0fa12a-3dd7-45bb-9766-cc326314d9f1,40.36581090000072,0.0002989897217787,7.407003974711209e-06,60.0,0.0,10.0,0.0006727512216666,0,0.0001121017033333,0.0007848529249999,Germany,DEU,north rhine-westphalia,,,Windows-10-10.0.26100-SP0,3.11.0,3.0.1,8,Intel(R) Core(TM) i5-8250U CPU @ 1.60GHz,,,7.2005,51.6104,7.873264312744141,machine,N,1.0
2025-07-13T14:49:46,ollama-chatbot,68f37539-7b79-4c75-8880-96a3e74de67b,5b0fa12a-3dd7-45bb-9766-cc326314d9f1,6.861023199999181,5.081807402525756e-05,7.406777756598116e-06,60.0,0.0,10.0,0.0001143461899999,0,1.9052088055554527e-05,0.0001333982780555,Germany,DEU,north rhine-westphalia,,,Windows-10-10.0.26100-SP0,3.11.0,3.0.1,8,Intel(R) Core(TM) i5-8250U CPU @ 1.60GHz,,,7.2005,51.6104,7.873264312744141,machine,N,1.0
2025-07-13T14:50:26,ollama-chatbot,5a146cc4-3cf3-4235-9142-0b353204bccc,5b0fa12a-3dd7-45bb-9766-cc326314d9f1,34.18502510000144,0.0002532058274007,7.406922377856434e-06,60.0,0.0,10.0,0.0005697380233333,0,9.493142777777797e-05,0.0006646694511111,Germany,DEU,north rhine-westphalia,,,Windows-10-10.0.26100-SP0,3.11.0,3.0.1,8,Intel(R) Core(TM) i5-8250U CPU @ 1.60GHz,,,7.2005,51.6104,7.873264312744141,machine,N,1.0
2025-07-13T14:50:48,ollama-chatbot,d719322b-1e8d-41c5-950a-2cc42bca01a6,5b0fa12a-3dd7-45bb-9766-cc326314d9f1,16.22592110000005,0.0001201814663214,7.406757716913999e-06,60.0,0.0,10.0,0.0002704238383333,0,4.50544824999977e-05,0.0003154783208333,Germany,DEU,north rhine-westphalia,,,Windows-10-10.0.26100-SP0,3.11.0,3.0.1,8,Intel(R) Core(TM) i5-8250U CPU @ 1.60GHz,,,7.2005,51.6104,7.873264312744141,machine,N,1.0
2025-07-13T14:51:01,ollama-chatbot,4241ecc2-b4ba-445e-87b8-6076b13a9602,5b0fa12a-3dd7-45bb-9766-cc326314d9f1,6.842358600000807,5.068010557540133e-05,7.40681810734026e-06,60.0,0.0,10.0,0.0001140356049999,0,1.9000503611111226e-05,0.0001330361086111,Germany,DEU,north rhine-westphalia,,,Windows-10-10.0.26100-SP0,3.11.0,3.0.1,8,Intel(R) Core(TM) i5-8250U CPU @ 1.60GHz,,,7.2005,51.6104,7.873264312744141,machine,N,1.0
2025-07-13T14:51:13,ollama-chatbot,440d5554-a9b1-49a1-b1fc-50508dd48dba,5b0fa12a-3dd7-45bb-9766-cc326314d9f1,6.048292200001015,4.479698467318624e-05,7.406551005121532e-06,60.0,0.0,10.0,0.000100799885,0,1.6792934722222225e-05,0.0001175928197222,Germany,DEU,north rhine-westphalia,,,Windows-10-10.0.26100-SP0,3.11.0,3.0.1,8,Intel(R) Core(TM) i5-8250U CPU @ 1.60GHz,,,7.2005,51.6104,7.873264312744141,machine,N,1.0
2025-07-13T14:52:48,ollama-chatbot,dbe243be-0f3a-43a1-8477-36514924716e,5b0fa12a-3dd7-45bb-9766-cc326314d9f1,88.68087730000116,0.0006568594461371,7.407002119691291e-06,60.0,0.0,10.0,0.0014779899366666,0,0.0002462768861111,0.0017242668227777,Germany,DEU,north rhine-westphalia,,,Windows-10-10.0.26100-SP0,3.11.0,3.0.1,8,Intel(R) Core(TM) i5-8250U CPU @ 1.60GHz,,,7.2005,51.6104,7.873264312744141,machine,N,1.0
2025-07-13T14:53:11,ollama-chatbot,54f0b42a-6b86-4a0b-8ebc-3bcd36904f4d,5b0fa12a-3dd7-45bb-9766-cc326314d9f1,17.10543719999987,0.0001266941782093,7.406661211170007e-06,60.0,0.0,10.0,0.0002850792916666,0,4.749500472222381e-05,0.0003325742963888,Germany,DEU,north rhine-westphalia,,,Windows-10-10.0.26100-SP0,3.11.0,3.0.1,8,Intel(R) Core(TM) i5-8250U CPU @ 1.60GHz,,,7.2005,51.6104,7.873264312744141,machine,N,1.0
2025-07-13T14:54:28,ollama-chatbot,ee5a0f75-978f-474c-b8eb-5ec3d64a4eda,5b0fa12a-3dd7-45bb-9766-cc326314d9f1,70.10009340000033,0.0005192276147013,7.406946118295747e-06,60.0,0.0,10.0,0.0011683088249999,0,0.0001946721822222,0.0013629810072222,Germany,DEU,north rhine-westphalia,,,Windows-10-10.0.26100-SP0,3.11.0,3.0.1,8,Intel(R) Core(TM) i5-8250U CPU @ 1.60GHz,,,7.2005,51.6104,7.873264312744141,machine,N,1.0
2025-07-13T14:54:44,ollama-chatbot,60af8a6d-d2ae-4635-af06-a5d108ea6669,5b0fa12a-3dd7-45bb-9766-cc326314d9f1,9.525573500000974,7.055470971813887e-05,7.406872637971001e-06,60.0,0.0,10.0,0.000158754675,0,2.645259555555539e-05,0.0001852072705555,Germany,DEU,north rhine-westphalia,,,Windows-10-10.0.26100-SP0,3.11.0,3.0.1,8,Intel(R) Core(TM) i5-8250U CPU @ 1.60GHz,,,7.2005,51.6104,7.873264312744141,machine,N,1.0
2025-07-13T14:55:15,ollama-chatbot,520998da-084c-4e1d-ba8a-bda64e7f995d,5b0fa12a-3dd7-45bb-9766-cc326314d9f1,25.12746220000008,0.0001861184527312,7.406973742506949e-06,60.0,0.0,10.0,0.0004187820899999,0,6.978190194444729e-05,0.0004885639919444,Germany,DEU,north rhine-westphalia,,,Windows-10-10.0.26100-SP0,3.11.0,3.0.1,8,Intel(R) Core(TM) i5-8250U CPU @ 1.60GHz,,,7.2005,51.6104,7.873264312744141,machine,N,1.0
2025-07-13T14:55:31,ollama-chatbot,440bda6a-0e22-4398-82ab-ca6e444067c5,5b0fa12a-3dd7-45bb-9766-cc326314d9f1,9.811243399999512,7.267106802520259e-05,7.406917254260169e-06,60.0,0.0,10.0,0.0001635163749999,0,2.724637083333113e-05,0.0001907627458333,Germany,DEU,north rhine-westphalia,,,Windows-10-10.0.26100-SP0,3.11.0,3.0.1,8,Intel(R) Core(TM) i5-8250U CPU @ 1.60GHz,,,7.2005,51.6104,7.873264312744141,machine,N,1.0
2025-07-13T14:56:54,ollama-chatbot,f05b3831-1629-4738-829d-1a55c51f5a8d,5b0fa12a-3dd7-45bb-9766-cc326314d9f1,76.94963090000056,0.0005699610761337,7.406937102458787e-06,60.0,0.0,10.0,0.0012824652366666,0,0.0002136919391666,0.0014961571758333,Germany,DEU,north rhine-westphalia,,,Windows-10-10.0.26100-SP0,3.11.0,3.0.1,8,Intel(R) Core(TM) i5-8250U CPU @ 1.60GHz,,,7.2005,51.6104,7.873264312744141,machine,N,1.0
2025-07-13T14:57:06,ollama-chatbot,98689bc8-c78e-4aab-9f35-9bebbc286317,5b0fa12a-3dd7-45bb-9766-cc326314d9f1,6.322645000000193,4.683012106653232e-05,7.40672947263857e-06,60.0,0.0,10.0,0.0001053728866666,0,1.7556949444446622e-05,0.0001229298361111,Germany,DEU,north rhine-westphalia,,,Windows-10-10.0.26100-SP0,3.11.0,3.0.1,8,Intel(R) Core(TM) i5-8250U CPU @ 1.60GHz,,,7.2005,51.6104,7.873264312744141,machine,N,1.0
2025-07-13T14:57:34,ollama-chatbot,a7e50f1e-cc2f-46f4-ad87-1e2724cb6b05,5b0fa12a-3dd7-45bb-9766-cc326314d9f1,22.147920800000065,0.0001640473119465,7.406894463274976e-06,60.0,0.0,10.0,0.0003691223116666,0,6.150457361111169e-05,0.0004306268852777,Germany,DEU,north rhine-westphalia,,,Windows-10-10.0.26100-SP0,3.11.0,3.0.1,8,Intel(R) Core(TM) i5-8250U CPU @ 1.60GHz,,,7.2005,51.6104,7.873264312744141,machine,N,1.0
2025-07-13T14:57:52,ollama-chatbot,4652c0f0-cf87-47b6-ac82-260a18dbb378,5b0fa12a-3dd7-45bb-9766-cc326314d9f1,12.017685799999526,8.901443508487497e-05,7.406953099479309e-06,60.0,0.0,10.0,0.00020028888,0,3.337547249999867e-05,0.0002336643524999,Germany,DEU,north rhine-westphalia,,,Windows-10-10.0.26100-SP0,3.11.0,3.0.1,8,Intel(R) Core(TM) i5-8250U CPU @ 1.60GHz,,,7.2005,51.6104,7.873264312744141,machine,N,1.0
2025-07-13T14:58:22,ollama-chatbot,ab9bc8d1-2186-4a79-a33a-2a69a37b8ff3,5b0fa12a-3dd7-45bb-9766-cc326314d9f1,24.167807900001208,0.0001790096749391,7.406947112449939e-06,60.0,0.0,10.0,0.00040278883,0,6.711450361111828e-05,0.0004699033336111,Germany,DEU,north rhine-westphalia,,,Windows-10-10.0.26100-SP0,3.11.0,3.0.1,8,Intel(R) Core(TM) i5-8250U CPU @ 1.60GHz,,,7.2005,51.6104,7.873264312744141,machine,N,1.0
2025-07-13T14:58:37,ollama-chatbot,5f171a7d-ed45-448d-a110-f68b7fa366ea,5b0fa12a-3dd7-45bb-9766-cc326314d9f1,9.146859399999812,6.775030269552521e-05,7.406946989425311e-06,60.0,0.0,10.0,0.0001524439533333,0,2.5401702777778863e-05,0.0001778456561111,Germany,DEU,north rhine-westphalia,,,Windows-10-10.0.26100-SP0,3.11.0,3.0.1,8,Intel(R) Core(TM) i5-8250U CPU @ 1.60GHz,,,7.2005,51.6104,7.873264312744141,machine,N,1.0
2025-07-13T14:59:15,ollama-chatbot,f35e994a-1485-462a-bc3d-df395c3a03f5,5b0fa12a-3dd7-45bb-9766-cc326314d9f1,31.60469510000076,0.0002340935130968,7.406922052440841e-06,60.0,0.0,10.0,0.0005267343466666,0,8.77649658333313e-05,0.0006144993124999,Germany,DEU,north rhine-westphalia,,,Windows-10-10.0.26100-SP0,3.11.0,3.0.1,8,Intel(R) Core(TM) i5-8250U CPU @ 1.60GHz,,,7.2005,51.6104,7.873264312744141,machine,N,1.0
2025-07-13T14:59:37,ollama-chatbot,90bf66d2-c29e-4750-9934-888bbb5eb0dd,5b0fa12a-3dd7-45bb-9766-cc326314d9f1,15.961631999998644,0.0001182222873494,7.406654115911785e-06,60.0,0.0,10.0,0.0002660161149999,0,4.431932888888291e-05,0.0003103354438888,Germany,DEU,north rhine-westphalia,,,Windows-10-10.0.26100-SP0,3.11.0,3.0.1,8,Intel(R) Core(TM) i5-8250U CPU @ 1.60GHz,,,7.2005,51.6104,7.873264312744141,machine,N,1.0
2025-07-13T15:00:18,ollama-chatbot,d02ef6af-0450-4038-8f31-0a55569b4258,5b0fa12a-3dd7-45bb-9766-cc326314d9f1,35.0790235000004,0.0002598269843251,7.406904708312201e-06,60.0,0.0,10.0,0.0005846364416666,0,9.741365499999626e-05,0.0006820500966666,Germany,DEU,north rhine-westphalia,,,Windows-10-10.0.26100-SP0,3.11.0,3.0.1,8,Intel(R) Core(TM) i5-8250U CPU @ 1.60GHz,,,7.2005,51.6104,7.873264312744141,machine,N,1.0
2025-07-13T15:00:45,ollama-chatbot,848e6ff2-09f0-4051-a706-60a850e634ec,5b0fa12a-3dd7-45bb-9766-cc326314d9f1,21.37623480000002,0.0001583281915008,7.406738978224038e-06,60.0,0.0,10.0,0.0003562580366666,0,5.9356063611120486e-05,0.0004156141002778,Germany,DEU,north rhine-westphalia,,,Windows-10-10.0.26100-SP0,3.11.0,3.0.1,8,Intel(R) Core(TM) i5-8250U CPU @ 1.60GHz,,,7.2005,51.6104,7.873264312744141,machine,N,1.0
2025-07-13T15:02:36,ollama-chatbot,333f5a6f-de32-45f5-ab45-dd2d776906ba,5b0fa12a-3dd7-45bb-9766-cc326314d9f1,105.00186560000112,0.000777745627525,7.406969610310071e-06,60.0,0.0,10.0,0.0017499972333333,0,0.0002915977988888,0.0020415950322222,Germany,DEU,north rhine-westphalia,,,Windows-10-10.0.26100-SP0,3.11.0,3.0.1,8,Intel(R) Core(TM) i5-8250U CPU @ 1.60GHz,,,7.2005,51.6104,7.873264312744141,machine,N,1.0
2025-07-13T15:02:56,ollama-chatbot,6fcf442c-980f-4558-a284-104b42e399cb,5b0fa12a-3dd7-45bb-9766-cc326314d9f1,13.446937000000617,9.960212446695715e-05,7.407049238570285e-06,60.0,0.0,10.0,0.0002241114066666,0,3.73458041666658e-05,0.0002614572108333,Germany,DEU,north rhine-westphalia,,,Windows-10-10.0.26100-SP0,3.11.0,3.0.1,8,Intel(R) Core(TM) i5-8250U CPU @ 1.60GHz,,,7.2005,51.6104,7.873264312744141,machine,N,1.0
2025-07-13T15:27:42,chat_request,5ab48671-efb1-4bde-8ab7-76e1fe4d8bbc,5b0fa12a-3dd7-45bb-9766-cc326314d9f1,11.782561899999564,8.726134699411118e-05,7.405973992304205e-06,60.0,0.0,10.0,0.0001963642149999,0,3.2698252499999903e-05,0.0002290624674999,Germany,DEU,north rhine-westphalia,,,Windows-10-10.0.26100-SP0,3.11.0,3.0.1,8,Intel(R) Core(TM) i5-8250U CPU @ 1.60GHz,,,7.2005,51.6104,7.873264312744141,machine,N,1.0
2025-07-13T15:28:13,chat_request,3d71d768-41da-454a-bae8-da49ef4698da,5b0fa12a-3dd7-45bb-9766-cc326314d9f1,5.615284400000746,4.158157545745372e-05,7.405070250306145e-06,60.0,0.0,10.0,9.357988833335184e-05,0,1.5572429444450286e-05,0.0001091523177778,Germany,DEU,north rhine-westphalia,,,Windows-10-10.0.26100-SP0,3.11.0,3.0.1,8,Intel(R) Core(TM) i5-8250U CPU @ 1.60GHz,,,7.2005,51.6104,7.873264312744141,machine,N,1.0
2025-07-13T15:28:45,chat_request,55e308a8-c30b-453e-96d3-0735cf27b212,5b0fa12a-3dd7-45bb-9766-cc326314d9f1,10.90305459999945,8.07453350210424e-05,7.405753523516839e-06,60.0,0.0,10.0,0.0001817067283333,0,3.0251100833336546e-05,0.0002119578291666,Germany,DEU,north rhine-westphalia,,,Windows-10-10.0.26100-SP0,3.11.0,3.0.1,8,Intel(R) Core(TM) i5-8250U CPU @ 1.60GHz,,,7.2005,51.6104,7.873264312744141,machine,N,1.0
2025-07-13T15:31:36,chat_request,bc7187ff-bda2-4495-821f-72796c287455,5b0fa12a-3dd7-45bb-9766-cc326314d9f1,107.45173240000076,0.0007957533547644,7.405681946589051e-06,60.0,0.0,10.0,0.0017907362249999,0,0.0002981293866666,0.0020888656116666,Germany,DEU,north rhine-westphalia,,,Windows-10-10.0.26100-SP0,3.11.0,3.0.1,8,Intel(R) Core(TM) i5-8250U CPU @ 1.60GHz,,,7.2005,51.6104,7.873264312744141,machine,N,1.0
2025-07-14T13:22:21,chat_request,3511bd20-5ba9-406b-b2d5-dc567a7dfaef,5b0fa12a-3dd7-45bb-9766-cc326314d9f1,5.693512300000066,4.216221309827771e-05,7.405308160707271e-06,60.0,0.0,10.0,9.488380666666672e-05,0,1.5792694444444224e-05,0.0001106765011111,Germany,DEU,north rhine-westphalia,,,Windows-10-10.0.26100-SP0,3.11.0,3.0.1,8,Intel(R) Core(TM) i5-8250U CPU @ 1.60GHz,,,7.2005,51.6104,7.873264312744141,machine,N,1.0
2025-07-14T13:24:12,chat_request,84d31fc8-99d6-4f30-b2f1-0fd6fbe9aa2d,5b0fa12a-3dd7-45bb-9766-cc326314d9f1,10.681377899999916,7.910126042884703e-05,7.405529620747493e-06,60.0,0.0,10.0,0.0001780089499999,0,2.9633156388889068e-05,0.0002076421063888,Germany,DEU,north rhine-westphalia,,,Windows-10-10.0.26100-SP0,3.11.0,3.0.1,8,Intel(R) Core(TM) i5-8250U CPU @ 1.60GHz,,,7.2005,51.6104,7.873264312744141,machine,N,1.0
2025-07-14T13:24:34,chat_request,9410b4ca-a0f9-4133-83f6-e36a9f483657,5b0fa12a-3dd7-45bb-9766-cc326314d9f1,3.718927799999847,2.7543325630916248e-05,7.406254466923876e-06,60.0,0.0,10.0,6.197850666666606e-05,0,1.0323174999999512e-05,7.230168166666556e-05,Germany,DEU,north rhine-westphalia,,,Windows-10-10.0.26100-SP0,3.11.0,3.0.1,8,Intel(R) Core(TM) i5-8250U CPU @ 1.60GHz,,,7.2005,51.6104,7.873264312744141,machine,N,1.0
2025-07-14T14:08:10,img_classification,8f1b4a6c-c003-4171-8ea9-cf34323ecd17,5b0fa12a-3dd7-45bb-9766-cc326314d9f1,20.43147270000009,0.000151276018011,7.404068234936581e-06,60.0,0.0,10.0,0.0003404988333333,0,5.660319583333704e-05,0.0003971020291666,Germany,DEU,north rhine-westphalia,,,Windows-10-10.0.26100-SP0,3.11.0,3.0.1,8,Intel(R) Core(TM) i5-8250U CPU @ 1.60GHz,,,7.2005,51.6104,7.873264312744141,machine,N,1.0
2025-07-14T14:08:45,img_classification,fb439610-94a9-4e02-b171-2fbca614dbc4,5b0fa12a-3dd7-45bb-9766-cc326314d9f1,5.054297199999382,3.742720967635704e-05,7.405027483615647e-06,60.0,0.0,10.0,8.422835333332539e-05,0,1.401868611110836e-05,9.824703944443376e-05,Germany,DEU,north rhine-westphalia,,,Windows-10-10.0.26100-SP0,3.11.0,3.0.1,8,Intel(R) Core(TM) i5-8250U CPU @ 1.60GHz,,,7.2005,51.6104,7.873264312744141,machine,N,1.0
2025-07-15T21:18:00,chat_request,85adfbc9-a6d2-4257-8688-b3e70a995fd4,5b0fa12a-3dd7-45bb-9766-cc326314d9f1,35.889287100000274,0.0002654427229831,7.396154798048246e-06,60.0,0.0,10.0,0.0005973261866666,0,9.94653161111109e-05,0.0006967915027777,Germany,DEU,north rhine-westphalia,,,Windows-10-10.0.26100-SP0,3.11.0,3.0.1,8,Intel(R) Core(TM) i5-8250U CPU @ 1.60GHz,,,7.2005,51.6104,7.873264312744141,machine,N,1.0
2025-07-15T21:19:04,chat_request,27c5241c-8b4c-49c0-bb77-246cf6d0d9f1,5b0fa12a-3dd7-45bb-9766-cc326314d9f1,3.563374700000168,2.639146584596004e-05,7.406312293219907e-06,60.0,0.0,10.0,5.938868166667059e-05,0,9.889349166667216e-06,6.92780308333378e-05,Germany,DEU,north rhine-westphalia,,,Windows-10-10.0.26100-SP0,3.11.0,3.0.1,8,Intel(R) Core(TM) i5-8250U CPU @ 1.60GHz,,,7.2005,51.6104,7.873264312744141,machine,N,1.0
2025-07-15T21:19:32,chat_request,79b4fd95-4a02-493d-9846-c13aa6779999,5b0fa12a-3dd7-45bb-9766-cc326314d9f1,7.0629462000001695,5.230927253590229e-05,7.40615474826936e-06,60.0,0.0,10.0,0.0001177140833333,0,1.959861527777776e-05,0.0001373126986111,Germany,DEU,north rhine-westphalia,,,Windows-10-10.0.26100-SP0,3.11.0,3.0.1,8,Intel(R) Core(TM) i5-8250U CPU @ 1.60GHz,,,7.2005,51.6104,7.873264312744141,machine,N,1.0
2025-07-15T21:20:22,chat_request,17386beb-76a6-4fc1-809b-736b3f5e6913,5b0fa12a-3dd7-45bb-9766-cc326314d9f1,7.184201999999914,5.320819146788582e-05,7.406277199316842e-06,60.0,0.0,10.0,0.0001197348916666,0,1.993748388888813e-05,0.0001396723755555,Germany,DEU,north rhine-westphalia,,,Windows-10-10.0.26100-SP0,3.11.0,3.0.1,8,Intel(R) Core(TM) i5-8250U CPU @ 1.60GHz,,,7.2005,51.6104,7.873264312744141,machine,N,1.0
2025-07-15T21:32:04,ollama-chatbot,a98666f7-4200-44e1-b6a7-b0f62a8b01d7,5b0fa12a-3dd7-45bb-9766-cc326314d9f1,45.23222560000022,0.000335020309602,7.406673122050425e-06,60.0,0.0,10.0,0.00075384075,0,0.0001255930591666,0.0008794338091666,Germany,DEU,north rhine-westphalia,,,Windows-10-10.0.26100-SP0,3.11.0,3.0.1,8,Intel(R) Core(TM) i5-8250U CPU @ 1.60GHz,,,7.2005,51.6104,7.873264312744141,machine,N,1.0
2025-07-15T21:57:25,ollama-chatbot,cc9ee818-a4cb-4d5d-b79d-41f0f0ad690b,5b0fa12a-3dd7-45bb-9766-cc326314d9f1,42.71207310000045,0.0003163603815712,7.406814013231341e-06,60.0,0.0,10.0,0.0007118496816666,0,0.0001186015102777,0.0008304511919444,Germany,DEU,north rhine-westphalia,,,Windows-10-10.0.26100-SP0,3.11.0,3.0.1,8,Intel(R) Core(TM) i5-8250U CPU @ 1.60GHz,,,7.2005,51.6104,7.873264312744141,machine,N,1.0
2025-07-15T21:58:15,ollama-chatbot,06fce049-d529-472e-a2c7-1b20c4f94927,5b0fa12a-3dd7-45bb-9766-cc326314d9f1,43.06928730000072,0.0003190051766813,7.406790236841596e-06,60.0,0.0,10.0,0.0007177991999999,0,0.0001195946224999,0.0008373938224999,Germany,DEU,north rhine-westphalia,,,Windows-10-10.0.26100-SP0,3.11.0,3.0.1,8,Intel(R) Core(TM) i5-8250U CPU @ 1.60GHz,,,7.2005,51.6104,7.873264312744141,machine,N,1.0
2025-07-15T21:59:34,ollama-chatbot,5e599b0b-745a-46db-a28a-2602e3815c29,5b0fa12a-3dd7-45bb-9766-cc326314d9f1,36.18565220000073,0.0002680178268886,7.406743020889704e-06,60.0,0.0,10.0,0.00060307587,0,0.0001004753227777,0.0007035511927777,Germany,DEU,north rhine-westphalia,,,Windows-10-10.0.26100-SP0,3.11.0,3.0.1,8,Intel(R) Core(TM) i5-8250U CPU @ 1.60GHz,,,7.2005,51.6104,7.873264312744141,machine,N,1.0
2025-07-15T22:00:26,ollama-chatbot,d1259a64-031b-4243-859f-553dc8e548ea,5b0fa12a-3dd7-45bb-9766-cc326314d9f1,46.23735299999953,0.0003424584500974,7.406532335393393e-06,60.0,0.0,10.0,0.0007705958483333,0,0.0001283632016666,0.0008989590499999,Germany,DEU,north rhine-westphalia,,,Windows-10-10.0.26100-SP0,3.11.0,3.0.1,8,Intel(R) Core(TM) i5-8250U CPU @ 1.60GHz,,,7.2005,51.6104,7.873264312744141,machine,N,1.0
2025-07-15T22:01:41,ollama-chatbot,18526c1f-fedf-45b2-b528-7f61f6648a35,5b0fa12a-3dd7-45bb-9766-cc326314d9f1,69.17309429999932,0.0005123565267463,7.406875923814276e-06,60.0,0.0,10.0,0.0011528578299999,0,0.0001920864586111,0.0013449442886111,Germany,DEU,north rhine-westphalia,,,Windows-10-10.0.26100-SP0,3.11.0,3.0.1,8,Intel(R) Core(TM) i5-8250U CPU @ 1.60GHz,,,7.2005,51.6104,7.873264312744141,machine,N,1.0
2025-07-15T22:02:30,ollama-chatbot,da9dd35b-cdc2-4196-8e16-07baee8821ed,5b0fa12a-3dd7-45bb-9766-cc326314d9f1,42.97788960000071,0.0003183309089379,7.4068529632478096e-06,60.0,0.0,10.0,0.0007162795533333,0,0.0001193443052777,0.0008356238586111,Germany,DEU,north rhine-westphalia,,,Windows-10-10.0.26100-SP0,3.11.0,3.0.1,8,Intel(R) Core(TM) i5-8250U CPU @ 1.60GHz,,,7.2005,51.6104,7.873264312744141,machine,N,1.0
2025-07-15T22:03:22,ollama-chatbot,1eba8343-0047-4def-b7c1-70dd7eee46c9,5b0fa12a-3dd7-45bb-9766-cc326314d9f1,45.94142000000011,0.0003402825432737,7.406879092412293e-06,60.0,0.0,10.0,0.0007656733616666,0,0.0001275738972222,0.0008932472588889,Germany,DEU,north rhine-westphalia,,,Windows-10-10.0.26100-SP0,3.11.0,3.0.1,8,Intel(R) Core(TM) i5-8250U CPU @ 1.60GHz,,,7.2005,51.6104,7.873264312744141,machine,N,1.0
2025-07-15T22:04:06,ollama-chatbot,29fe71e6-e825-4e14-bead-e4ec644910ce,5b0fa12a-3dd7-45bb-9766-cc326314d9f1,37.92272409999987,0.000280888965597,7.40687733445325e-06,60.0,0.0,10.0,0.0006320310366666,0,0.0001053071063888,0.0007373381430555,Germany,DEU,north rhine-westphalia,,,Windows-10-10.0.26100-SP0,3.11.0,3.0.1,8,Intel(R) Core(TM) i5-8250U CPU @ 1.60GHz,,,7.2005,51.6104,7.873264312744141,machine,N,1.0
2025-07-15T22:04:35,ollama-chatbot,dd231e73-a9bf-4931-a72c-0fbf665e5ca4,5b0fa12a-3dd7-45bb-9766-cc326314d9f1,22.998409099999662,0.0001703479557419,7.406945193522271e-06,60.0,0.0,10.0,0.0003832974466666,0,6.386873194444182e-05,0.0004471661786111,Germany,DEU,north rhine-westphalia,,,Windows-10-10.0.26100-SP0,3.11.0,3.0.1,8,Intel(R) Core(TM) i5-8250U CPU @ 1.60GHz,,,7.2005,51.6104,7.873264312744141,machine,N,1.0
2025-07-15T22:05:36,ollama-chatbot,a182028c-f803-48d3-8e7b-d42f78c9be7b,5b0fa12a-3dd7-45bb-9766-cc326314d9f1,55.151080899999215,0.0004084862150933,7.40667650438287e-06,60.0,0.0,10.0,0.0009191470199999,0,0.0001531359963888,0.0010722830163888,Germany,DEU,north rhine-westphalia,,,Windows-10-10.0.26100-SP0,3.11.0,3.0.1,8,Intel(R) Core(TM) i5-8250U CPU @ 1.60GHz,,,7.2005,51.6104,7.873264312744141,machine,N,1.0
2025-07-15T22:06:35,ollama-chatbot,63f959bb-c5ce-4543-8cc3-e860719bbd40,5b0fa12a-3dd7-45bb-9766-cc326314d9f1,53.31502869999986,0.0003949012211641,7.406940046608463e-06,60.0,0.0,10.0,0.0008885673799999,0,0.0001480548044444,0.0010366221844444,Germany,DEU,north rhine-westphalia,,,Windows-10-10.0.26100-SP0,3.11.0,3.0.1,8,Intel(R) Core(TM) i5-8250U CPU @ 1.60GHz,,,7.2005,51.6104,7.873264312744141,machine,N,1.0
2025-07-15T22:07:19,ollama-chatbot,dacd8033-98d8-4c11-93c5-0f6a17926993,5b0fa12a-3dd7-45bb-9766-cc326314d9f1,37.67251900000065,0.0002790349787718,7.406857470077955e-06,60.0,0.0,10.0,0.0006278570316666,0,0.0001046143655555,0.0007324713972222,Germany,DEU,north rhine-westphalia,,,Windows-10-10.0.26100-SP0,3.11.0,3.0.1,8,Intel(R) Core(TM) i5-8250U CPU @ 1.60GHz,,,7.2005,51.6104,7.873264312744141,machine,N,1.0
2025-07-15T22:08:07,ollama-chatbot,bd1a72c0-330d-42aa-9ca1-62ca2de1e584,5b0fa12a-3dd7-45bb-9766-cc326314d9f1,42.794549899999765,0.000316974500061,7.40688944741097e-06,60.0,0.0,10.0,0.0007132233133333,0,0.0001188399497222,0.0008320632630555,Germany,DEU,north rhine-westphalia,,,Windows-10-10.0.26100-SP0,3.11.0,3.0.1,8,Intel(R) Core(TM) i5-8250U CPU @ 1.60GHz,,,7.2005,51.6104,7.873264312744141,machine,N,1.0
2025-07-15T22:08:50,ollama-chatbot,1332630b-1916-416b-a10e-71a74ac877c7,5b0fa12a-3dd7-45bb-9766-cc326314d9f1,36.15357029999996,0.0002677794040402,7.406720880350093e-06,60.0,0.0,10.0,0.0006025421433333,0,0.0001003831855555,0.0007029253288888,Germany,DEU,north rhine-westphalia,,,Windows-10-10.0.26100-SP0,3.11.0,3.0.1,8,Intel(R) Core(TM) i5-8250U CPU @ 1.60GHz,,,7.2005,51.6104,7.873264312744141,machine,N,1.0
2025-07-15T22:10:13,ollama-chatbot,d9a69839-5917-4d1c-8c92-2a26c8c50654,5b0fa12a-3dd7-45bb-9766-cc326314d9f1,77.19675800000005,0.0005717869608065,7.406877900319348e-06,60.0,0.0,10.0,0.0012865807299999,0,0.0002143694230555,0.0015009501530555,Germany,DEU,north rhine-westphalia,,,Windows-10-10.0.26100-SP0,3.11.0,3.0.1,8,Intel(R) Core(TM) i5-8250U CPU @ 1.60GHz,,,7.2005,51.6104,7.873264312744141,machine,N,1.0
2025-07-15T22:11:28,ollama-chatbot,e8e88fd3-4596-4a39-9f72-9e86e1a41b62,5b0fa12a-3dd7-45bb-9766-cc326314d9f1,69.07851609999943,0.0005116624061111,7.406968692993259e-06,60.0,0.0,10.0,0.0011512845966666,0,0.0001918376138888,0.0013431222105555,Germany,DEU,north rhine-westphalia,,,Windows-10-10.0.26100-SP0,3.11.0,3.0.1,8,Intel(R) Core(TM) i5-8250U CPU @ 1.60GHz,,,7.2005,51.6104,7.873264312744141,machine,N,1.0
2025-07-15T22:12:09,ollama-chatbot,54421ba9-b546-47b0-b294-112aba8cc659,5b0fa12a-3dd7-45bb-9766-cc326314d9f1,35.00873439999941,0.00025930619467,7.406899995507303e-06,60.0,0.0,10.0,0.0005834659333333,0,9.721708194444496e-05,0.0006806830152777,Germany,DEU,north rhine-westphalia,,,Windows-10-10.0.26100-SP0,3.11.0,3.0.1,8,Intel(R) Core(TM) i5-8250U CPU @ 1.60GHz,,,7.2005,51.6104,7.873264312744141,machine,N,1.0
2025-07-15T22:13:08,ollama-chatbot,a10ba350-8be3-46d7-b781-256ce5ca64b4,5b0fa12a-3dd7-45bb-9766-cc326314d9f1,53.16288230000009,0.0003937768051229,7.406987508707268e-06,60.0,0.0,10.0,0.000886032545,0,0.0001476380288888,0.0010336705738888,Germany,DEU,north rhine-westphalia,,,Windows-10-10.0.26100-SP0,3.11.0,3.0.1,8,Intel(R) Core(TM) i5-8250U CPU @ 1.60GHz,,,7.2005,51.6104,7.873264312744141,machine,N,1.0
2025-07-15T22:14:06,ollama-chatbot,4d57af9c-a6fd-43c3-877d-4540295a85ef,5b0fa12a-3dd7-45bb-9766-cc326314d9f1,52.248760200000106,0.0003869651050508,7.406206454844404e-06,60.0,0.0,10.0,0.0008707452433333,0,0.0001450445061111,0.0010157897494444,Germany,DEU,north rhine-westphalia,,,Windows-10-10.0.26100-SP0,3.11.0,3.0.1,8,Intel(R) Core(TM) i5-8250U CPU @ 1.60GHz,,,7.2005,51.6104,7.873264312744141,machine,N,1.0
2025-07-15T22:15:00,ollama-chatbot,52de6ce0-8507-49e2-9c35-40256a423a87,5b0fa12a-3dd7-45bb-9766-cc326314d9f1,47.38594600000033,0.0003509863562686,7.406971600158602e-06,60.0,0.0,10.0,0.0007897516516666,0,0.0001315932919444,0.0009213449436111,Germany,DEU,north rhine-westphalia,,,Windows-10-10.0.26100-SP0,3.11.0,3.0.1,8,Intel(R) Core(TM) i5-8250U CPU @ 1.60GHz,,,7.2005,51.6104,7.873264312744141,machine,N,1.0
2025-07-15T22:16:02,ollama-chatbot,8f88a822-4c8f-481f-bc11-43a64296c9f5,5b0fa12a-3dd7-45bb-9766-cc326314d9f1,55.898641799999496,0.0004140406294785,7.406989081415661e-06,60.0,0.0,10.0,0.0009316251366666,0,0.0001552383086111,0.0010868634452777,Germany,DEU,north rhine-westphalia,,,Windows-10-10.0.26100-SP0,3.11.0,3.0.1,8,Intel(R) Core(TM) i5-8250U CPU @ 1.60GHz,,,7.2005,51.6104,7.873264312744141,machine,N,1.0
2025-07-15T22:16:46,ollama-chatbot,62d3992b-b580-4957-afe7-a934782daebf,5b0fa12a-3dd7-45bb-9766-cc326314d9f1,36.13672369999949,0.0002676614059417,7.40690850016775e-06,60.0,0.0,10.0,0.0006022657016666,0,0.0001003498802777,0.0007026155819444,Germany,DEU,north rhine-westphalia,,,Windows-10-10.0.26100-SP0,3.11.0,3.0.1,8,Intel(R) Core(TM) i5-8250U CPU @ 1.60GHz,,,7.2005,51.6104,7.873264312744141,machine,N,1.0
2025-07-15T22:17:40,ollama-chatbot,36780590-c23a-458f-97f5-c6e200412ee6,5b0fa12a-3dd7-45bb-9766-cc326314d9f1,48.565190500000426,0.0003597212193473,7.406976388723733e-06,60.0,0.0,10.0,0.0008094050749999,0,0.0001348690275,0.0009442741024999,Germany,DEU,north rhine-westphalia,,,Windows-10-10.0.26100-SP0,3.11.0,3.0.1,8,Intel(R) Core(TM) i5-8250U CPU @ 1.60GHz,,,7.2005,51.6104,7.873264312744141,machine,N,1.0
2025-07-15T22:19:04,ollama-chatbot,f0b04fed-1626-4f04-99a7-9bb0db0c3d49,5b0fa12a-3dd7-45bb-9766-cc326314d9f1,77.39822760000061,0.0005732844904945,7.40694597629932e-06,60.0,0.0,10.0,0.0012899438516666,0,0.0002149373413888,0.0015048811930555,Germany,DEU,north rhine-westphalia,,,Windows-10-10.0.26100-SP0,3.11.0,3.0.1,8,Intel(R) Core(TM) i5-8250U CPU @ 1.60GHz,,,7.2005,51.6104,7.873264312744141,machine,N,1.0
2025-07-15T22:19:48,ollama-chatbot,2800083f-44d0-49da-9b80-ac29fa65a3d3,5b0fa12a-3dd7-45bb-9766-cc326314d9f1,38.261301300000014,0.0002833986311813,7.406926099017531e-06,60.0,0.0,10.0,0.0006376726633333,0,0.0001062533930555,0.0007439260563888,Germany,DEU,north rhine-westphalia,,,Windows-10-10.0.26100-SP0,3.11.0,3.0.1,8,Intel(R) Core(TM) i5-8250U CPU @ 1.60GHz,,,7.2005,51.6104,7.873264312744141,machine,N,1.0
2025-07-15T22:20:50,ollama-chatbot,809f7977-1f98-4da1-b853-f6a7df8e874c,5b0fa12a-3dd7-45bb-9766-cc326314d9f1,55.625379399999474,0.0004120072814463,7.406821955920623e-06,60.0,0.0,10.0,0.0009270597866666,0,0.0001544660866666,0.0010815258733333,Germany,DEU,north rhine-westphalia,,,Windows-10-10.0.26100-SP0,3.11.0,3.0.1,8,Intel(R) Core(TM) i5-8250U CPU @ 1.60GHz,,,7.2005,51.6104,7.873264312744141,machine,N,1.0
2025-07-15T22:21:35,ollama-chatbot,5344a72d-beeb-43df-bbe9-8e879096781e,5b0fa12a-3dd7-45bb-9766-cc326314d9f1,39.84404309999991,0.0002951197571831,7.4068727524067186e-06,60.0,0.0,10.0,0.0006640488683333,0,0.0001106453361111,0.0007746942044444,Germany,DEU,north rhine-westphalia,,,Windows-10-10.0.26100-SP0,3.11.0,3.0.1,8,Intel(R) Core(TM) i5-8250U CPU @ 1.60GHz,,,7.2005,51.6104,7.873264312744141,machine,N,1.0
2025-07-15T22:22:24,ollama-chatbot,4bd2240c-fd4e-4c59-b815-c4cca02ade4e,5b0fa12a-3dd7-45bb-9766-cc326314d9f1,42.53214300000036,0.0003150367083627,7.40702645438677e-06,60.0,0.0,10.0,0.000708856235,0,0.0001181202930555,0.0008269765280555,Germany,DEU,north rhine-westphalia,,,Windows-10-10.0.26100-SP0,3.11.0,3.0.1,8,Intel(R) Core(TM) i5-8250U CPU @ 1.60GHz,,,7.2005,51.6104,7.873264312744141,machine,N,1.0
2025-07-15T22:23:45,ollama-chatbot,a619453d-0363-4cd5-80c8-9f227d5c9a3e,5b0fa12a-3dd7-45bb-9766-cc326314d9f1,74.88025060000018,0.0005546350699112,7.40696065340446e-06,60.0,0.0,10.0,0.0012479762316666,0,0.0002079499263888,0.0014559261580555,Germany,DEU,north rhine-westphalia,,,Windows-10-10.0.26100-SP0,3.11.0,3.0.1,8,Intel(R) Core(TM) i5-8250U CPU @ 1.60GHz,,,7.2005,51.6104,7.873264312744141,machine,N,1.0
2025-07-15T22:24:56,ollama-chatbot,5d88fdde-480c-46bf-8059-b4852699c6bc,5b0fa12a-3dd7-45bb-9766-cc326314d9f1,65.65057290000004,0.000486266241981,7.406884974510434e-06,60.0,0.0,10.0,0.0010941475399999,0,0.0001823093230555,0.0012764568630555,Germany,DEU,north rhine-westphalia,,,Windows-10-10.0.26100-SP0,3.11.0,3.0.1,8,Intel(R) Core(TM) i5-8250U CPU @ 1.60GHz,,,7.2005,51.6104,7.873264312744141,machine,N,1.0
2025-07-15T22:26:00,ollama-chatbot,132a6865-7ced-45df-89d1-fc5f08c9adc2,5b0fa12a-3dd7-45bb-9766-cc326314d9f1,57.51316730000053,0.000425998923416,7.406980756144476e-06,60.0,0.0,10.0,0.0009585336666666,0,0.0001597204963888,0.0011182541630555,Germany,DEU,north rhine-westphalia,,,Windows-10-10.0.26100-SP0,3.11.0,3.0.1,8,Intel(R) Core(TM) i5-8250U CPU @ 1.60GHz,,,7.2005,51.6104,7.873264312744141,machine,N,1.0
2025-07-15T22:26:25,ollama-chatbot,b4a6d7c5-3885-4917-8c6b-08168d084717,5b0fa12a-3dd7-45bb-9766-cc326314d9f1,19.518705299999965,0.0001445717954682,7.406833252831159e-06,60.0,0.0,10.0,0.0003253023633333,0,5.420097166666741e-05,0.000379503335,Germany,DEU,north rhine-westphalia,,,Windows-10-10.0.26100-SP0,3.11.0,3.0.1,8,Intel(R) Core(TM) i5-8250U CPU @ 1.60GHz,,,7.2005,51.6104,7.873264312744141,machine,N,1.0
2025-07-15T22:27:00,ollama-chatbot,000e433f-f2dd-456f-a049-4f42ae5b97fa,5b0fa12a-3dd7-45bb-9766-cc326314d9f1,28.64507069999945,0.0002121722725393,7.40693834417193e-06,60.0,0.0,10.0,0.0004774050783333,0,7.955061805555236e-05,0.0005569556963888,Germany,DEU,north rhine-westphalia,,,Windows-10-10.0.26100-SP0,3.11.0,3.0.1,8,Intel(R) Core(TM) i5-8250U CPU @ 1.60GHz,,,7.2005,51.6104,7.873264312744141,machine,N,1.0
2025-07-15T22:28:12,ollama-chatbot,566c5fbe-5555-4f54-a58c-0b551b315a9b,5b0fa12a-3dd7-45bb-9766-cc326314d9f1,65.87055229999987,0.0004878999894419,7.406951549759362e-06,60.0,0.0,10.0,0.0010978205,0,0.0001829249769444,0.0012807454769444,Germany,DEU,north rhine-westphalia,,,Windows-10-10.0.26100-SP0,3.11.0,3.0.1,8,Intel(R) Core(TM) i5-8250U CPU @ 1.60GHz,,,7.2005,51.6104,7.873264312744141,machine,N,1.0
2025-07-15T22:29:08,ollama-chatbot,90e4b55a-ef6b-4fce-a313-8a5614e6a5a9,5b0fa12a-3dd7-45bb-9766-cc326314d9f1,50.51407390000077,0.0003741557305067,7.406960112690019e-06,60.0,0.0,10.0,0.0008418836633333,0,0.0001402812677777,0.0009821649311111,Germany,DEU,north rhine-westphalia,,,Windows-10-10.0.26100-SP0,3.11.0,3.0.1,8,Intel(R) Core(TM) i5-8250U CPU @ 1.60GHz,,,7.2005,51.6104,7.873264312744141,machine,N,1.0
2025-07-15T22:30:14,ollama-chatbot,0886378e-7d22-481c-bea6-9df15de24507,5b0fa12a-3dd7-45bb-9766-cc326314d9f1,59.835925499999576,0.0004432032856235,7.40697635943685e-06,60.0,0.0,10.0,0.0009972444916666,0,0.0001661714044444,0.001163415896111,Germany,DEU,north rhine-westphalia,,,Windows-10-10.0.26100-SP0,3.11.0,3.0.1,8,Intel(R) Core(TM) i5-8250U CPU @ 1.60GHz,,,7.2005,51.6104,7.873264312744141,machine,N,1.0
2025-07-15T22:31:21,ollama-chatbot,2ab1c377-db42-4b0d-a9c0-0a15984b5f00,5b0fa12a-3dd7-45bb-9766-cc326314d9f1,60.85584250000011,0.0004507475911697,7.406808823158223e-06,60.0,0.0,10.0,0.0010142324799999,0,0.0001689873419444,0.0011832198219444,Germany,DEU,north rhine-westphalia,,,Windows-10-10.0.26100-SP0,3.11.0,3.0.1,8,Intel(R) Core(TM) i5-8250U CPU @ 1.60GHz,,,7.2005,51.6104,7.873264312744141,machine,N,1.0
2025-07-15T22:32:29,ollama-chatbot,fadc9dc5-f4f3-4a27-a89e-5d0e44af5c90,5b0fa12a-3dd7-45bb-9766-cc326314d9f1,62.24732659999973,0.0004610547679134,7.406820390476034e-06,60.0,0.0,10.0,0.0010374281449999,0,0.000172848185,0.0012102763299999,Germany,DEU,north rhine-westphalia,,,Windows-10-10.0.26100-SP0,3.11.0,3.0.1,8,Intel(R) Core(TM) i5-8250U CPU @ 1.60GHz,,,7.2005,51.6104,7.873264312744141,machine,N,1.0
2025-07-15T22:33:38,ollama-chatbot,d0a2d5f4-0cca-46e6-b532-3e1e8c13578b,5b0fa12a-3dd7-45bb-9766-cc326314d9f1,62.712541700000656,0.0004645054289922,7.406898467204569e-06,60.0,0.0,10.0,0.0010451843266666,0,0.0001741500452777,0.0012193343719444,Germany,DEU,north rhine-westphalia,,,Windows-10-10.0.26100-SP0,3.11.0,3.0.1,8,Intel(R) Core(TM) i5-8250U CPU @ 1.60GHz,,,7.2005,51.6104,7.873264312744141,machine,N,1.0
2025-07-15T22:34:22,ollama-chatbot,f879e746-99e4-4c6a-b6d2-42da9526a072,5b0fa12a-3dd7-45bb-9766-cc326314d9f1,38.05105000000003,0.0002818397405012,7.40688471149156e-06,60.0,0.0,10.0,0.0006341692166666,0,0.0001056647261111,0.0007398339427777,Germany,DEU,north rhine-westphalia,,,Windows-10-10.0.26100-SP0,3.11.0,3.0.1,8,Intel(R) Core(TM) i5-8250U CPU @ 1.60GHz,,,7.2005,51.6104,7.873264312744141,machine,N,1.0
2025-07-15T22:35:05,ollama-chatbot,bf028bd6-b855-4415-8129-def04c0187da,5b0fa12a-3dd7-45bb-9766-cc326314d9f1,37.3674904999998,0.000276776321989,7.406874753578303e-06,60.0,0.0,10.0,0.0006227743166666,0,0.0001037680694444,0.0007265423861111,Germany,DEU,north rhine-westphalia,,,Windows-10-10.0.26100-SP0,3.11.0,3.0.1,8,Intel(R) Core(TM) i5-8250U CPU @ 1.60GHz,,,7.2005,51.6104,7.873264312744141,machine,N,1.0
2025-07-15T22:36:10,ollama-chatbot,2d4651e1-a80c-49ba-b6fb-d390fb46622c,5b0fa12a-3dd7-45bb-9766-cc326314d9f1,58.59014500000012,0.0004339710874521,7.406895604237023e-06,60.0,0.0,10.0,0.0009764810616666,0,0.0001627001627777,0.0011391812244444,Germany,DEU,north rhine-westphalia,,,Windows-10-10.0.26100-SP0,3.11.0,3.0.1,8,Intel(R) Core(TM) i5-8250U CPU @ 1.60GHz,,,7.2005,51.6104,7.873264312744141,machine,N,1.0
2025-07-15T22:36:51,ollama-chatbot,c77a76b2-2de1-4f8d-a248-62e49fbc0d2d,5b0fa12a-3dd7-45bb-9766-cc326314d9f1,35.21407999999974,0.0002608226395837,7.40677137053605e-06,60.0,0.0,10.0,0.0005868834016666,0,9.778030638888898e-05,0.0006846637080555,Germany,DEU,north rhine-westphalia,,,Windows-10-10.0.26100-SP0,3.11.0,3.0.1,8,Intel(R) Core(TM) i5-8250U CPU @ 1.60GHz,,,7.2005,51.6104,7.873264312744141,machine,N,1.0
2025-07-15T22:37:47,ollama-chatbot,234448a0-31a8-41d7-8d54-5c89eede5a08,5b0fa12a-3dd7-45bb-9766-cc326314d9f1,49.88897629999974,0.0003695239756459,7.406926400410324e-06,60.0,0.0,10.0,0.0008314664033333,0,0.0001385400952777,0.0009700064986111,Germany,DEU,north rhine-westphalia,,,Windows-10-10.0.26100-SP0,3.11.0,3.0.1,8,Intel(R) Core(TM) i5-8250U CPU @ 1.60GHz,,,7.2005,51.6104,7.873264312744141,machine,N,1.0
2025-07-15T22:38:52,ollama-chatbot,4c80798a-ee1a-4eff-8ac7-b07c7885cc18,5b0fa12a-3dd7-45bb-9766-cc326314d9f1,59.363411300000735,0.0004396994045599,7.406909322274088e-06,60.0,0.0,10.0,0.0009893667966666,0,0.0001648513541666,0.0011542181508333,Germany,DEU,north rhine-westphalia,,,Windows-10-10.0.26100-SP0,3.11.0,3.0.1,8,Intel(R) Core(TM) i5-8250U CPU @ 1.60GHz,,,7.2005,51.6104,7.873264312744141,machine,N,1.0
2025-07-15T22:39:46,ollama-chatbot,9c824cde-7c32-4822-b7c9-c768af8b227d,5b0fa12a-3dd7-45bb-9766-cc326314d9f1,47.66200470000058,0.0003530239043804,7.40682030901776e-06,60.0,0.0,10.0,0.000794342855,0,0.0001323506858333,0.0009266935408333,Germany,DEU,north rhine-westphalia,,,Windows-10-10.0.26100-SP0,3.11.0,3.0.1,8,Intel(R) Core(TM) i5-8250U CPU @ 1.60GHz,,,7.2005,51.6104,7.873264312744141,machine,N,1.0
2025-07-15T22:40:36,ollama-chatbot,3c9b1069-0435-407e-ad25-2d4e7e9e08e0,5b0fa12a-3dd7-45bb-9766-cc326314d9f1,44.71486710000045,0.0003312003190855,7.406939583313453e-06,60.0,0.0,10.0,0.0007452323666666,0,0.0001241739047222,0.0008694062713888,Germany,DEU,north rhine-westphalia,,,Windows-10-10.0.26100-SP0,3.11.0,3.0.1,8,Intel(R) Core(TM) i5-8250U CPU @ 1.60GHz,,,7.2005,51.6104,7.873264312744141,machine,N,1.0
2025-07-15T22:41:36,ollama-chatbot,9113a9a5-e244-4857-9b37-8c2313a1b778,5b0fa12a-3dd7-45bb-9766-cc326314d9f1,53.64969739999924,0.0003973799348783,7.406937114959366e-06,60.0,0.0,10.0,0.0008941396866666,0,0.0001489891619444,0.001043128848611,Germany,DEU,north rhine-westphalia,,,Windows-10-10.0.26100-SP0,3.11.0,3.0.1,8,Intel(R) Core(TM) i5-8250U CPU @ 1.60GHz,,,7.2005,51.6104,7.873264312744141,machine,N,1.0
2025-07-15T22:42:49,ollama-chatbot,12f2e2a2-21b2-4c64-8c2e-9da28c1cee93,5b0fa12a-3dd7-45bb-9766-cc326314d9f1,67.18563829999948,0.0004976427321473,7.406980788442423e-06,60.0,0.0,10.0,0.0011197379583333,0,0.0001865823780555,0.0013063203363888,Germany,DEU,north rhine-westphalia,,,Windows-10-10.0.26100-SP0,3.11.0,3.0.1,8,Intel(R) Core(TM) i5-8250U CPU @ 1.60GHz,,,7.2005,51.6104,7.873264312744141,machine,N,1.0
2025-07-15T22:44:01,ollama-chatbot,0e0a96a4-b430-4bb0-9d2a-e57c61853114,5b0fa12a-3dd7-45bb-9766-cc326314d9f1,65.55919529999937,0.0004855965211932,7.406993313007478e-06,60.0,0.0,10.0,0.0010926318333333,0,0.0001820670016666,0.0012746988349999,Germany,DEU,north rhine-westphalia,,,Windows-10-10.0.26100-SP0,3.11.0,3.0.1,8,Intel(R) Core(TM) i5-8250U CPU @ 1.60GHz,,,7.2005,51.6104,7.873264312744141,machine,N,1.0
2025-07-15T22:44:29,ollama-chatbot,784e291a-d172-4d44-a54d-65173d085e8b,5b0fa12a-3dd7-45bb-9766-cc326314d9f1,21.447274999999536,0.0001588574608912,7.406883200372992e-06,60.0,0.0,10.0,0.0003574457549999,0,5.955768611111125e-05,0.0004170034411111,Germany,DEU,north rhine-westphalia,,,Windows-10-10.0.26100-SP0,3.11.0,3.0.1,8,Intel(R) Core(TM) i5-8250U CPU @ 1.60GHz,,,7.2005,51.6104,7.873264312744141,machine,N,1.0
2025-07-15T22:45:27,ollama-chatbot,656a6be0-be8a-4f0f-b455-b9adde392446,5b0fa12a-3dd7-45bb-9766-cc326314d9f1,52.54534239999976,0.000389199969813,7.406935649029538e-06,60.0,0.0,10.0,0.0008757368633333,0,0.0001459194427777,0.001021656306111,Germany,DEU,north rhine-westphalia,,,Windows-10-10.0.26100-SP0,3.11.0,3.0.1,8,Intel(R) Core(TM) i5-8250U CPU @ 1.60GHz,,,7.2005,51.6104,7.873264312744141,machine,N,1.0
2025-07-15T22:46:09,ollama-chatbot,b5b7d4d6-60df-4f53-86d5-cdf5f3cdcbc8,5b0fa12a-3dd7-45bb-9766-cc326314d9f1,35.386049300000195,0.0002620945559728,7.406719912439201e-06,60.0,0.0,10.0,0.0005897480066666,0,9.825450277777842e-05,0.0006880025094444,Germany,DEU,north rhine-westphalia,,,Windows-10-10.0.26100-SP0,3.11.0,3.0.1,8,Intel(R) Core(TM) i5-8250U CPU @ 1.60GHz,,,7.2005,51.6104,7.873264312744141,machine,N,1.0
2025-07-15T22:46:57,ollama-chatbot,ec5c9851-a005-4abb-a885-14ca1405950a,5b0fa12a-3dd7-45bb-9766-cc326314d9f1,42.60723109999981,0.0003155925333544,7.407018132995914e-06,60.0,0.0,10.0,0.00071010792,0,0.0001183276577777,0.0008284355777777,Germany,DEU,north rhine-westphalia,,,Windows-10-10.0.26100-SP0,3.11.0,3.0.1,8,Intel(R) Core(TM) i5-8250U CPU @ 1.60GHz,,,7.2005,51.6104,7.873264312744141,machine,N,1.0
2025-07-15T22:48:11,ollama-chatbot,6b606d8b-e4e4-436e-ad7f-09a8962420a5,5b0fa12a-3dd7-45bb-9766-cc326314d9f1,68.13469600000008,0.0005046710312889,7.406960930580689e-06,60.0,0.0,10.0,0.00113555438,0,0.0001892153569444,0.0013247697369444,Germany,DEU,north rhine-westphalia,,,Windows-10-10.0.26100-SP0,3.11.0,3.0.1,8,Intel(R) Core(TM) i5-8250U CPU @ 1.60GHz,,,7.2005,51.6104,7.873264312744141,machine,N,1.0
2025-07-15T22:48:58,ollama-chatbot,04e866d3-457a-4d7c-9c51-ad6ad977888c,5b0fa12a-3dd7-45bb-9766-cc326314d9f1,40.47115479999957,0.0002997670228465,7.406930302036105e-06,60.0,0.0,10.0,0.0006745007849999,0,0.0001123925680555,0.0007868933530555,Germany,DEU,north rhine-westphalia,,,Windows-10-10.0.26100-SP0,3.11.0,3.0.1,8,Intel(R) Core(TM) i5-8250U CPU @ 1.60GHz,,,7.2005,51.6104,7.873264312744141,machine,N,1.0
2025-07-15T22:49:57,ollama-chatbot,23193867-8eab-4ab0-ae36-6792faaae37f,5b0fa12a-3dd7-45bb-9766-cc326314d9f1,52.91405759999998,0.0003919250342627,7.406822535241536e-06,60.0,0.0,10.0,0.0008818744349999,0,0.00014693521,0.0010288096449999,Germany,DEU,north rhine-westphalia,,,Windows-10-10.0.26100-SP0,3.11.0,3.0.1,8,Intel(R) Core(TM) i5-8250U CPU @ 1.60GHz,,,7.2005,51.6104,7.873264312744141,machine,N,1.0
2025-07-15T22:51:27,ollama-chatbot,5f7eddc8-8af9-4dbb-9665-443bd38d4343,5b0fa12a-3dd7-45bb-9766-cc326314d9f1,83.92237309999928,0.0006216057350456,7.406913223306959e-06,60.0,0.0,10.0,0.0013986708066666,0,0.0002330544461111,0.0016317252527777,Germany,DEU,north rhine-westphalia,,,Windows-10-10.0.26100-SP0,3.11.0,3.0.1,8,Intel(R) Core(TM) i5-8250U CPU @ 1.60GHz,,,7.2005,51.6104,7.873264312744141,machine,N,1.0
2025-07-15T22:52:24,ollama-chatbot,d18fb9df-859a-4b01-b1c3-f613b105e3ca,5b0fa12a-3dd7-45bb-9766-cc326314d9f1,51.79520419999972,0.0003836454877033,7.406969305921993e-06,60.0,0.0,10.0,0.0008632361566666,0,0.0001438395427777,0.0010070756994444,Germany,DEU,north rhine-westphalia,,,Windows-10-10.0.26100-SP0,3.11.0,3.0.1,8,Intel(R) Core(TM) i5-8250U CPU @ 1.60GHz,,,7.2005,51.6104,7.873264312744141,machine,N,1.0
2025-07-15T22:53:24,ollama-chatbot,6b79f9c2-e7d3-4807-8995-01e0e95f3801,5b0fa12a-3dd7-45bb-9766-cc326314d9f1,53.62995840000076,0.0003972318195078,7.406901503541493e-06,60.0,0.0,10.0,0.0008938148216666,0,0.0001489252216666,0.0010427400433333,Germany,DEU,north rhine-westphalia,,,Windows-10-10.0.26100-SP0,3.11.0,3.0.1,8,Intel(R) Core(TM) i5-8250U CPU @ 1.60GHz,,,7.2005,51.6104,7.873264312744141,machine,N,1.0
2025-07-15T22:54:42,ollama-chatbot,a0c39143-6ff5-4a05-8d23-f9a86737bb12,5b0fa12a-3dd7-45bb-9766-cc326314d9f1,72.38439479999943,0.000536149289575,7.406973437527261e-06,60.0,0.0,10.0,0.0012063810316666,0,0.0002010196497222,0.0014074006813888,Germany,DEU,north rhine-westphalia,,,Windows-10-10.0.26100-SP0,3.11.0,3.0.1,8,Intel(R) Core(TM) i5-8250U CPU @ 1.60GHz,,,7.2005,51.6104,7.873264312744141,machine,N,1.0
2025-07-15T22:55:25,ollama-chatbot,dbae3f47-229b-4edf-904e-ab143357e8f0,5b0fa12a-3dd7-45bb-9766-cc326314d9f1,36.479945099999895,0.000270198646486,7.406772289413792e-06,60.0,0.0,10.0,0.000607976205,0,0.000101299675,0.00070927588,Germany,DEU,north rhine-westphalia,,,Windows-10-10.0.26100-SP0,3.11.0,3.0.1,8,Intel(R) Core(TM) i5-8250U CPU @ 1.60GHz,,,7.2005,51.6104,7.873264312744141,machine,N,1.0
2025-07-15T22:56:02,ollama-chatbot,016cb69e-d2ff-4155-b085-634cdce4ba1f,5b0fa12a-3dd7-45bb-9766-cc326314d9f1,31.462648400000035,0.0002330409418976,7.406907992452725e-06,60.0,0.0,10.0,0.0005243648066666,0,8.737148916666228e-05,0.0006117362958332,Germany,DEU,north rhine-westphalia,,,Windows-10-10.0.26100-SP0,3.11.0,3.0.1,8,Intel(R) Core(TM) i5-8250U CPU @ 1.60GHz,,,7.2005,51.6104,7.873264312744141,machine,N,1.0
2025-07-15T22:57:24,ollama-chatbot,02550166-8e74-4ce2-acad-8662c9f0a2a4,5b0fa12a-3dd7-45bb-9766-cc326314d9f1,75.2399674999997,0.0005572928852574,7.406873019415775e-06,60.0,0.0,10.0,0.0012539689316666,0,0.0002089340352777,0.0014629029669443,Germany,DEU,north rhine-westphalia,,,Windows-10-10.0.26100-SP0,3.11.0,3.0.1,8,Intel(R) Core(TM) i5-8250U CPU @ 1.60GHz,,,7.2005,51.6104,7.873264312744141,machine,N,1.0
2025-07-15T22:58:11,ollama-chatbot,b9ec1de3-79f7-467d-b416-c99c8f3948b9,5b0fa12a-3dd7-45bb-9766-cc326314d9f1,41.15702720000081,0.0003048500294902,7.406998275381258e-06,60.0,0.0,10.0,0.0006859378316666,0,0.0001142984972222,0.0008002363288888,Germany,DEU,north rhine-westphalia,,,Windows-10-10.0.26100-SP0,3.11.0,3.0.1,8,Intel(R) Core(TM) i5-8250U CPU @ 1.60GHz,,,7.2005,51.6104,7.873264312744141,machine,N,1.0
2025-07-15T22:59:25,ollama-chatbot,73ae9e7b-878a-4840-842b-f0ea58fca2cd,5b0fa12a-3dd7-45bb-9766-cc326314d9f1,67.62834489999841,0.0005009200259498,7.406953795639399e-06,60.0,0.0,10.0,0.0011271169866666,0,0.0001878062997222,0.0013149232863889,Germany,DEU,north rhine-westphalia,,,Windows-10-10.0.26100-SP0,3.11.0,3.0.1,8,Intel(R) Core(TM) i5-8250U CPU @ 1.60GHz,,,7.2005,51.6104,7.873264312744141,machine,N,1.0
2025-07-15T23:00:21,ollama-chatbot,03d8ec48-9581-4841-9f2a-3b075c3bf085,5b0fa12a-3dd7-45bb-9766-cc326314d9f1,50.45468859999892,0.0003737154818297,7.406952499351724e-06,60.0,0.0,10.0,0.0008408928099999,0,0.0001401164611111,0.0009810092711111,Germany,DEU,north rhine-westphalia,,,Windows-10-10.0.26100-SP0,3.11.0,3.0.1,8,Intel(R) Core(TM) i5-8250U CPU @ 1.60GHz,,,7.2005,51.6104,7.873264312744141,machine,N,1.0
2025-07-15T23:01:37,ollama-chatbot,57e28af6-d0b2-4833-9b52-b47967ddaa33,5b0fa12a-3dd7-45bb-9766-cc326314d9f1,69.2975908999997,0.0005132815043514,7.40691700368317e-06,60.0,0.0,10.0,0.0011549327716666,0,0.0001924395983333,0.0013473723699999,Germany,DEU,north rhine-westphalia,,,Windows-10-10.0.26100-SP0,3.11.0,3.0.1,8,Intel(R) Core(TM) i5-8250U CPU @ 1.60GHz,,,7.2005,51.6104,7.873264312744141,machine,N,1.0
2025-07-15T23:02:41,ollama-chatbot,b465ec59-7175-43c1-96cf-6dd7abde9790,5b0fa12a-3dd7-45bb-9766-cc326314d9f1,58.63460949999899,0.0004343038089704,7.406953208590596e-06,60.0,0.0,10.0,0.0009772206383333,0,0.0001628339855555,0.0011400546238888,Germany,DEU,north rhine-westphalia,,,Windows-10-10.0.26100-SP0,3.11.0,3.0.1,8,Intel(R) Core(TM) i5-8250U CPU @ 1.60GHz,,,7.2005,51.6104,7.873264312744141,machine,N,1.0
2025-07-15T23:03:46,ollama-chatbot,3d4b9b7d-0443-4560-ba8c-de1b10698477,5b0fa12a-3dd7-45bb-9766-cc326314d9f1,58.75042159999976,0.0004351650361803,7.407011291649376e-06,60.0,0.0,10.0,0.0009791566649999,0,0.0001631586944444,0.0011423153594444,Germany,DEU,north rhine-westphalia,,,Windows-10-10.0.26100-SP0,3.11.0,3.0.1,8,Intel(R) Core(TM) i5-8250U CPU @ 1.60GHz,,,7.2005,51.6104,7.873264312744141,machine,N,1.0
2025-07-15T23:04:51,ollama-chatbot,7213d5e1-7e88-4d7b-9e67-e87ff3d1025f,5b0fa12a-3dd7-45bb-9766-cc326314d9f1,58.61600199999884,0.0004341632749281,7.406906989804486e-06,60.0,0.0,10.0,0.0009769057916666,0,0.0001627799280555,0.0011396857197222,Germany,DEU,north rhine-westphalia,,,Windows-10-10.0.26100-SP0,3.11.0,3.0.1,8,Intel(R) Core(TM) i5-8250U CPU @ 1.60GHz,,,7.2005,51.6104,7.873264312744141,machine,N,1.0
2025-07-15T23:05:52,ollama-chatbot,1c29681e-41ae-4431-b686-06695ca8a670,5b0fa12a-3dd7-45bb-9766-cc326314d9f1,55.58947699999953,0.0004117504285543,7.406985112565895e-06,60.0,0.0,10.0,0.00092647448,0,0.0001543771502777,0.0010808516302777,Germany,DEU,north rhine-westphalia,,,Windows-10-10.0.26100-SP0,3.11.0,3.0.1,8,Intel(R) Core(TM) i5-8250U CPU @ 1.60GHz,,,7.2005,51.6104,7.873264312744141,machine,N,1.0
2025-07-15T23:06:37,ollama-chatbot,a4670898-769e-4fba-a975-395614d7ae28,5b0fa12a-3dd7-45bb-9766-cc326314d9f1,39.17777670000032,0.0002901852726799,7.406884645394042e-06,60.0,0.0,10.0,0.0006529456666666,0,0.0001087954349999,0.0007617411016666,Germany,DEU,north rhine-westphalia,,,Windows-10-10.0.26100-SP0,3.11.0,3.0.1,8,Intel(R) Core(TM) i5-8250U CPU @ 1.60GHz,,,7.2005,51.6104,7.873264312744141,machine,N,1.0
2025-07-15T23:07:21,ollama-chatbot,3297089c-d91d-460f-b724-b45125f5ef14,5b0fa12a-3dd7-45bb-9766-cc326314d9f1,37.91951739999968,0.0002808684137677,7.406961718552906e-06,60.0,0.0,10.0,0.0006319787733333,0,0.0001053054208333,0.0007372841941666,Germany,DEU,north rhine-westphalia,,,Windows-10-10.0.26100-SP0,3.11.0,3.0.1,8,Intel(R) Core(TM) i5-8250U CPU @ 1.60GHz,,,7.2005,51.6104,7.873264312744141,machine,N,1.0
2025-07-15T23:08:34,ollama-chatbot,5c8407ae-b077-4086-bda9-9a765837bf7b,5b0fa12a-3dd7-45bb-9766-cc326314d9f1,67.12595299999884,0.0004972003469757,7.406976359438395e-06,60.0,0.0,10.0,0.0011187438566666,0,0.0001864152113888,0.0013051590680555,Germany,DEU,north rhine-westphalia,,,Windows-10-10.0.26100-SP0,3.11.0,3.0.1,8,Intel(R) Core(TM) i5-8250U CPU @ 1.60GHz,,,7.2005,51.6104,7.873264312744141,machine,N,1.0
2025-07-15T23:09:25,ollama-chatbot,a80254a9-d267-4bfd-87ee-7adeec9e8fb9,5b0fa12a-3dd7-45bb-9766-cc326314d9f1,44.77500429999964,0.0003316476018985,7.406980905606155e-06,60.0,0.0,10.0,0.0007462346133333,0,0.0001243457827777,0.0008705803961111,Germany,DEU,north rhine-westphalia,,,Windows-10-10.0.26100-SP0,3.11.0,3.0.1,8,Intel(R) Core(TM) i5-8250U CPU @ 1.60GHz,,,7.2005,51.6104,7.873264312744141,machine,N,1.0
2025-07-15T23:10:34,ollama-chatbot,8d8d398a-99a5-4645-9a7f-1c6e604d8617,5b0fa12a-3dd7-45bb-9766-cc326314d9f1,62.98282520000066,0.0004665032922727,7.4068333834085024e-06,60.0,0.0,10.0,0.00104968929,0,0.0001748895058333,0.0012245787958334,Germany,DEU,north rhine-westphalia,,,Windows-10-10.0.26100-SP0,3.11.0,3.0.1,8,Intel(R) Core(TM) i5-8250U CPU @ 1.60GHz,,,7.2005,51.6104,7.873264312744141,machine,N,1.0
2025-07-15T23:11:46,ollama-chatbot,ea1a931f-a284-457d-9860-e48fed0c2a31,5b0fa12a-3dd7-45bb-9766-cc326314d9f1,66.21700489999967,0.000490467282391,7.406968695302784e-06,60.0,0.0,10.0,0.0011035934433333,0,0.0001838912197222,0.0012874846630555,Germany,DEU,north rhine-westphalia,,,Windows-10-10.0.26100-SP0,3.11.0,3.0.1,8,Intel(R) Core(TM) i5-8250U CPU @ 1.60GHz,,,7.2005,51.6104,7.873264312744141,machine,N,1.0
2025-07-15T23:13:01,ollama-chatbot,b1beb459-aaaf-4ae7-ac0b-fd731e1c7a04,5b0fa12a-3dd7-45bb-9766-cc326314d9f1,68.84528140000111,0.0005099325133251,7.406934839330079e-06,60.0,0.0,10.0,0.0011473960083333,0,0.0001911852052777,0.0013385812136111,Germany,DEU,north rhine-westphalia,,,Windows-10-10.0.26100-SP0,3.11.0,3.0.1,8,Intel(R) Core(TM) i5-8250U CPU @ 1.60GHz,,,7.2005,51.6104,7.873264312744141,machine,N,1.0
2025-07-15T23:14:09,ollama-chatbot,f7a43acc-34f6-4fa9-b631-96c24e7dd98c,5b0fa12a-3dd7-45bb-9766-cc326314d9f1,61.756954000000405,0.0004574302880269,7.40694380793103e-06,60.0,0.0,10.0,0.0010292601783333,0,0.0001715018325,0.0012007620108334,Germany,DEU,north rhine-westphalia,,,Windows-10-10.0.26100-SP0,3.11.0,3.0.1,8,Intel(R) Core(TM) i5-8250U CPU @ 1.60GHz,,,7.2005,51.6104,7.873264312744141,machine,N,1.0
2025-07-15T23:15:17,ollama-chatbot,ef399e61-995b-473f-a1af-eda6d8809b91,5b0fa12a-3dd7-45bb-9766-cc326314d9f1,62.20012230000066,0.000460710604456,7.406908337478485e-06,60.0,0.0,10.0,0.0010366442299999,0,0.0001727286652777,0.0012093728952777,Germany,DEU,north rhine-westphalia,,,Windows-10-10.0.26100-SP0,3.11.0,3.0.1,8,Intel(R) Core(TM) i5-8250U CPU @ 1.60GHz,,,7.2005,51.6104,7.873264312744141,machine,N,1.0
2025-07-15T23:15:57,ollama-chatbot,45e461ae-fb2f-4cf4-9c6a-1456c0e275bb,5b0fa12a-3dd7-45bb-9766-cc326314d9f1,33.56100739999965,0.0002485812257227,7.40684636667681e-06,60.0,0.0,10.0,0.0005593342083333,0,9.319558749999588e-05,0.0006525297958333,Germany,DEU,north rhine-westphalia,,,Windows-10-10.0.26100-SP0,3.11.0,3.0.1,8,Intel(R) Core(TM) i5-8250U CPU @ 1.60GHz,,,7.2005,51.6104,7.873264312744141,machine,N,1.0
2025-07-15T23:16:36,ollama-chatbot,3d838761-ac46-4372-9da5-e479e23117e7,5b0fa12a-3dd7-45bb-9766-cc326314d9f1,33.09382579999874,0.0002451219770785,7.406879414908688e-06,60.0,0.0,10.0,0.0005515510416666,0,9.189816972221808e-05,0.0006434492113888,Germany,DEU,north rhine-westphalia,,,Windows-10-10.0.26100-SP0,3.11.0,3.0.1,8,Intel(R) Core(TM) i5-8250U CPU @ 1.60GHz,,,7.2005,51.6104,7.873264312744141,machine,N,1.0
2025-07-15T23:17:39,ollama-chatbot,854b5ef3-7474-4938-abbd-7681114f8995,5b0fa12a-3dd7-45bb-9766-cc326314d9f1,56.85680590000084,0.0004211403786498,7.407035481214676e-06,60.0,0.0,10.0,0.0009475982516666,0,0.0001579021516666,0.0011055004033333,Germany,DEU,north rhine-westphalia,,,Windows-10-10.0.26100-SP0,3.11.0,3.0.1,8,Intel(R) Core(TM) i5-8250U CPU @ 1.60GHz,,,7.2005,51.6104,7.873264312744141,machine,N,1.0
2025-07-15T23:18:22,ollama-chatbot,0bdd3177-106d-44e9-9d9b-3677a7bd467f,5b0fa12a-3dd7-45bb-9766-cc326314d9f1,37.302088399999775,0.0002762949924047,7.406957740327704e-06,60.0,0.0,10.0,0.0006216874166666,0,0.0001035914713888,0.0007252788880555,Germany,DEU,north rhine-westphalia,,,Windows-10-10.0.26100-SP0,3.11.0,3.0.1,8,Intel(R) Core(TM) i5-8250U CPU @ 1.60GHz,,,7.2005,51.6104,7.873264312744141,machine,N,1.0
2025-07-15T23:19:33,ollama-chatbot,abd18943-4739-40c4-8232-e760f4c4d81c,5b0fa12a-3dd7-45bb-9766-cc326314d9f1,64.93895430000157,0.0004810034309584,7.407009184908034e-06,60.0,0.0,10.0,0.0010822961433333,0,0.0001803457544444,0.0012626418977777,Germany,DEU,north rhine-westphalia,,,Windows-10-10.0.26100-SP0,3.11.0,3.0.1,8,Intel(R) Core(TM) i5-8250U CPU @ 1.60GHz,,,7.2005,51.6104,7.873264312744141,machine,N,1.0
2025-07-15T23:20:28,ollama-chatbot,a6cefe59-4550-4543-ad45-7d3bad2c8bb9,5b0fa12a-3dd7-45bb-9766-cc326314d9f1,49.42424889999893,0.0003660747021775,7.4067833163884756e-06,60.0,0.0,10.0,0.000823716415,0,0.0001372356841666,0.0009609520991666,Germany,DEU,north rhine-westphalia,,,Windows-10-10.0.26100-SP0,3.11.0,3.0.1,8,Intel(R) Core(TM) i5-8250U CPU @ 1.60GHz,,,7.2005,51.6104,7.873264312744141,machine,N,1.0
2025-07-15T23:21:31,ollama-chatbot,768fc624-4e5f-450f-bff1-3e67d802de42,5b0fa12a-3dd7-45bb-9766-cc326314d9f1,57.06614179999997,0.0004226850567204,7.406932436431328e-06,60.0,0.0,10.0,0.0009510808016666,0,0.0001584744069444,0.0011095552086111,Germany,DEU,north rhine-westphalia,,,Windows-10-10.0.26100-SP0,3.11.0,3.0.1,8,Intel(R) Core(TM) i5-8250U CPU @ 1.60GHz,,,7.2005,51.6104,7.873264312744141,machine,N,1.0
2025-07-15T23:22:14,ollama-chatbot,3386cd23-d564-4da8-9a2e-3a824acaf74a,5b0fa12a-3dd7-45bb-9766-cc326314d9f1,36.91313809999883,0.0002734093576358,7.406830513709866e-06,60.0,0.0,10.0,0.0006152011333333,0,0.0001025029161111,0.0007177040494444,Germany,DEU,north rhine-westphalia,,,Windows-10-10.0.26100-SP0,3.11.0,3.0.1,8,Intel(R) Core(TM) i5-8250U CPU @ 1.60GHz,,,7.2005,51.6104,7.873264312744141,machine,N,1.0
2025-07-15T23:23:07,ollama-chatbot,50ce193b-9242-4c76-bb19-7512782c4ab9,5b0fa12a-3dd7-45bb-9766-cc326314d9f1,46.25208759999987,0.0003425882225139,7.406978588225898e-06,60.0,0.0,10.0,0.000770853975,0,0.0001284457297222,0.0008992997047222,Germany,DEU,north rhine-westphalia,,,Windows-10-10.0.26100-SP0,3.11.0,3.0.1,8,Intel(R) Core(TM) i5-8250U CPU @ 1.60GHz,,,7.2005,51.6104,7.873264312744141,machine,N,1.0
2025-07-15T23:24:01,ollama-chatbot,96786f63-2798-438f-a773-29a5a1dee8ca,5b0fa12a-3dd7-45bb-9766-cc326314d9f1,48.619385500000135,0.0003601120500263,7.406758566011628e-06,60.0,0.0,10.0,0.0008102953849999,0,0.0001350046544444,0.0009453000394444,Germany,DEU,north rhine-westphalia,,,Windows-10-10.0.26100-SP0,3.11.0,3.0.1,8,Intel(R) Core(TM) i5-8250U CPU @ 1.60GHz,,,7.2005,51.6104,7.873264312744141,machine,N,1.0
2025-07-15T23:24:33,ollama-chatbot,0ee57086-e30d-4123-8889-1c2eb4935e86,5b0fa12a-3dd7-45bb-9766-cc326314d9f1,24.52643960000023,0.0001816676268982,7.407011774276735e-06,60.0,0.0,10.0,0.000408765715,0,6.811478611111347e-05,0.0004768805011111,Germany,DEU,north rhine-westphalia,,,Windows-10-10.0.26100-SP0,3.11.0,3.0.1,8,Intel(R) Core(TM) i5-8250U CPU @ 1.60GHz,,,7.2005,51.6104,7.873264312744141,machine,N,1.0
2025-07-15T23:25:29,ollama-chatbot,cfeaf8ca-18cc-49a3-b8b4-5c29727005fb,5b0fa12a-3dd7-45bb-9766-cc326314d9f1,50.49937929999942,0.0003740487759371,7.406997494267318e-06,60.0,0.0,10.0,0.0008416407749999,0,0.0001402433986111,0.0009818841736111,Germany,DEU,north rhine-westphalia,,,Windows-10-10.0.26100-SP0,3.11.0,3.0.1,8,Intel(R) Core(TM) i5-8250U CPU @ 1.60GHz,,,7.2005,51.6104,7.873264312744141,machine,N,1.0
2025-07-15T23:26:22,ollama-chatbot,27315bff-dce7-484e-b526-cda04df4879c,5b0fa12a-3dd7-45bb-9766-cc326314d9f1,47.11835729999984,0.0003490011213748,7.406903410337237e-06,60.0,0.0,10.0,0.0007852859149999,0,0.0001308477544444,0.0009161336694444,Germany,DEU,north rhine-westphalia,,,Windows-10-10.0.26100-SP0,3.11.0,3.0.1,8,Intel(R) Core(TM) i5-8250U CPU @ 1.60GHz,,,7.2005,51.6104,7.873264312744141,machine,N,1.0
2025-07-15T23:27:35,ollama-chatbot,579aa70a-8175-4437-9c7b-c8ff06198574,5b0fa12a-3dd7-45bb-9766-cc326314d9f1,67.07554540000092,0.0004968248401163,7.406944470649674e-06,60.0,0.0,10.0,0.00111789894,0,0.0001862744163888,0.0013041733563888,Germany,DEU,north rhine-westphalia,,,Windows-10-10.0.26100-SP0,3.11.0,3.0.1,8,Intel(R) Core(TM) i5-8250U CPU @ 1.60GHz,,,7.2005,51.6104,7.873264312744141,machine,N,1.0
2025-07-15T23:28:09,ollama-chatbot,37c762f4-49c6-4b4d-b78d-971ae9a06742,5b0fa12a-3dd7-45bb-9766-cc326314d9f1,28.26536339999984,0.0002093617119044,7.407005844630549e-06,60.0,0.0,10.0,0.0004710801183333,0,7.849781027777884e-05,0.0005495779286111,Germany,DEU,north rhine-westphalia,,,Windows-10-10.0.26100-SP0,3.11.0,3.0.1,8,Intel(R) Core(TM) i5-8250U CPU @ 1.60GHz,,,7.2005,51.6104,7.873264312744141,machine,N,1.0
2025-07-15T23:29:05,ollama-chatbot,d4fd805b-1432-476e-860a-906f29903854,5b0fa12a-3dd7-45bb-9766-cc326314d9f1,49.26333709999926,0.0003648850343749,7.406827386342914e-06,60.0,0.0,10.0,0.00082102922,0,0.0001367999816666,0.0009578292016666,Germany,DEU,north rhine-westphalia,,,Windows-10-10.0.26100-SP0,3.11.0,3.0.1,8,Intel(R) Core(TM) i5-8250U CPU @ 1.60GHz,,,7.2005,51.6104,7.873264312744141,machine,N,1.0
2025-07-15T23:30:20,ollama-chatbot,a05b31bc-c79f-4a1e-b0c1-b680afca23c8,5b0fa12a-3dd7-45bb-9766-cc326314d9f1,69.14719259999947,0.0005121656719604,7.406890326310074e-06,60.0,0.0,10.0,0.0011524234566667,0,0.0001920198349999,0.0013444432916667,Germany,DEU,north rhine-westphalia,,,Windows-10-10.0.26100-SP0,3.11.0,3.0.1,8,Intel(R) Core(TM) i5-8250U CPU @ 1.60GHz,,,7.2005,51.6104,7.873264312744141,machine,N,1.0
2025-07-15T23:31:07,ollama-chatbot,8a3f0216-f535-4fc7-8d6b-9f7feb68c6d5,5b0fa12a-3dd7-45bb-9766-cc326314d9f1,41.18339389999892,0.000305046307311,7.407022064567929e-06,60.0,0.0,10.0,0.0006863779766666,0,0.0001143735847222,0.0008007515613888,Germany,DEU,north rhine-westphalia,,,Windows-10-10.0.26100-SP0,3.11.0,3.0.1,8,Intel(R) Core(TM) i5-8250U CPU @ 1.60GHz,,,7.2005,51.6104,7.873264312744141,machine,N,1.0
2025-07-15T23:32:18,ollama-chatbot,939d548d-8a17-46fc-8ca8-5346f908ddbe,5b0fa12a-3dd7-45bb-9766-cc326314d9f1,65.11267279999993,0.0004822809638203,7.406867865826168e-06,60.0,0.0,10.0,0.0010851822033333,0,0.0001808132391666,0.0012659954424999,Germany,DEU,north rhine-westphalia,,,Windows-10-10.0.26100-SP0,3.11.0,3.0.1,8,Intel(R) Core(TM) i5-8250U CPU @ 1.60GHz,,,7.2005,51.6104,7.873264312744141,machine,N,1.0
2025-07-15T23:32:57,ollama-chatbot,174bd79e-96d0-4c05-8972-8e0f8aaa7323,5b0fa12a-3dd7-45bb-9766-cc326314d9f1,33.125236300000324,0.0002453543726631,7.406871620208259e-06,60.0,0.0,10.0,0.0005520722083333,0,9.198704527778624e-05,0.0006440592536111,Germany,DEU,north rhine-westphalia,,,Windows-10-10.0.26100-SP0,3.11.0,3.0.1,8,Intel(R) Core(TM) i5-8250U CPU @ 1.60GHz,,,7.2005,51.6104,7.873264312744141,machine,N,1.0
2025-07-15T23:33:49,ollama-chatbot,07a8d640-c2f2-4b2c-ae77-b1ecbfc9721e,5b0fa12a-3dd7-45bb-9766-cc326314d9f1,45.96657810000033,0.0003404651892221,7.406798663181363e-06,60.0,0.0,10.0,0.0007660851183332,0,0.0001276415891666,0.0008937267074999,Germany,DEU,north rhine-westphalia,,,Windows-10-10.0.26100-SP0,3.11.0,3.0.1,8,Intel(R) Core(TM) i5-8250U CPU @ 1.60GHz,,,7.2005,51.6104,7.873264312744141,machine,N,1.0
2025-07-15T23:34:17,ollama-chatbot,08cbca8a-2c53-4260-8467-cbb06250615e,5b0fa12a-3dd7-45bb-9766-cc326314d9f1,21.672422200001165,0.0001605268784996,7.406965267577355e-06,60.0,0.0,10.0,0.0003611990116666,0,6.018667805555601e-05,0.0004213856897222,Germany,DEU,north rhine-westphalia,,,Windows-10-10.0.26100-SP0,3.11.0,3.0.1,8,Intel(R) Core(TM) i5-8250U CPU @ 1.60GHz,,,7.2005,51.6104,7.873264312744141,machine,N,1.0
2025-07-15T23:35:26,ollama-chatbot,512c8d0e-bf6b-4f85-be17-0106445d239b,5b0fa12a-3dd7-45bb-9766-cc326314d9f1,63.55009939999945,0.0004707070516075,7.406865702046845e-06,60.0,0.0,10.0,0.00105914,0,0.0001764737330555,0.0012356137330555,Germany,DEU,north rhine-westphalia,,,Windows-10-10.0.26100-SP0,3.11.0,3.0.1,8,Intel(R) Core(TM) i5-8250U CPU @ 1.60GHz,,,7.2005,51.6104,7.873264312744141,machine,N,1.0
2025-07-15T23:36:37,ollama-chatbot,87668760-c271-49fd-8c5a-3a8add53a674,5b0fa12a-3dd7-45bb-9766-cc326314d9f1,64.55500869999923,0.0004781526202046,7.406901955923443e-06,60.0,0.0,10.0,0.0010758897866666,0,0.0001792686861111,0.0012551584727777,Germany,DEU,north rhine-westphalia,,,Windows-10-10.0.26100-SP0,3.11.0,3.0.1,8,Intel(R) Core(TM) i5-8250U CPU @ 1.60GHz,,,7.2005,51.6104,7.873264312744141,machine,N,1.0
2025-07-15T23:38:02,ollama-chatbot,dbff14b9-693b-4680-aa0e-0d7cecdbba1f,5b0fa12a-3dd7-45bb-9766-cc326314d9f1,78.87768610000057,0.000584215770745,7.4066038144721955e-06,60.0,0.0,10.0,0.0013145641999999,0,0.0002190117830555,0.0015335759830555,Germany,DEU,north rhine-westphalia,,,Windows-10-10.0.26100-SP0,3.11.0,3.0.1,8,Intel(R) Core(TM) i5-8250U CPU @ 1.60GHz,,,7.2005,51.6104,7.873264312744141,machine,N,1.0
2025-07-15T23:38:46,ollama-chatbot,aebbac27-e673-4d80-851a-c71727d9cb2f,5b0fa12a-3dd7-45bb-9766-cc326314d9f1,37.78241170000001,0.0002798547694152,7.407011803200229e-06,60.0,0.0,10.0,0.0006296953766666,0,0.0001049279844444,0.000734623361111,Germany,DEU,north rhine-westphalia,,,Windows-10-10.0.26100-SP0,3.11.0,3.0.1,8,Intel(R) Core(TM) i5-8250U CPU @ 1.60GHz,,,7.2005,51.6104,7.873264312744141,machine,N,1.0
2025-07-15T23:39:24,ollama-chatbot,dd2339a0-c0c7-409e-933a-cd6457040336,5b0fa12a-3dd7-45bb-9766-cc326314d9f1,32.08264020000024,0.0002376321337316,7.406875875872603e-06,60.0,0.0,10.0,0.0005346959183333,0,8.909233138889349e-05,0.0006237882497222,Germany,DEU,north rhine-westphalia,,,Windows-10-10.0.26100-SP0,3.11.0,3.0.1,8,Intel(R) Core(TM) i5-8250U CPU @ 1.60GHz,,,7.2005,51.6104,7.873264312744141,machine,N,1.0
2025-07-15T23:40:28,ollama-chatbot,01bc7aea-6acc-4f7f-87a8-8930cdff9546,5b0fa12a-3dd7-45bb-9766-cc326314d9f1,58.34139569999934,0.0004321353813591,7.407011371159255e-06,60.0,0.0,10.0,0.0009723390899999,0,0.0001620233758333,0.0011343624658333,Germany,DEU,north rhine-westphalia,,,Windows-10-10.0.26100-SP0,3.11.0,3.0.1,8,Intel(R) Core(TM) i5-8250U CPU @ 1.60GHz,,,7.2005,51.6104,7.873264312744141,machine,N,1.0
2025-07-15T23:41:26,ollama-chatbot,9be9764b-5410-4783-a740-30d30ac84cc0,5b0fa12a-3dd7-45bb-9766-cc326314d9f1,52.389098300000114,0.0003880390547407,7.406866453755286e-06,60.0,0.0,10.0,0.00087312612,0,0.000145482765,0.001018608885,Germany,DEU,north rhine-westphalia,,,Windows-10-10.0.26100-SP0,3.11.0,3.0.1,8,Intel(R) Core(TM) i5-8250U CPU @ 1.60GHz,,,7.2005,51.6104,7.873264312744141,machine,N,1.0
2025-07-15T23:42:22,ollama-chatbot,58109c96-0885-4b3e-9bb9-0c6112b97827,5b0fa12a-3dd7-45bb-9766-cc326314d9f1,49.37012119999963,0.0003656658337276,7.406622160119293e-06,60.0,0.0,10.0,0.0008227984299999,0,0.0001370803827777,0.0009598788127777,Germany,DEU,north rhine-westphalia,,,Windows-10-10.0.26100-SP0,3.11.0,3.0.1,8,Intel(R) Core(TM) i5-8250U CPU @ 1.60GHz,,,7.2005,51.6104,7.873264312744141,machine,N,1.0
2025-07-15T23:43:35,ollama-chatbot,80593eb6-86f1-48fe-93b0-1f432b888b15,5b0fa12a-3dd7-45bb-9766-cc326314d9f1,67.57117279999875,0.0005004962015087,7.40694856651663e-06,60.0,0.0,10.0,0.0011261606449999,0,0.0001876500952777,0.0013138107402777,Germany,DEU,north rhine-westphalia,,,Windows-10-10.0.26100-SP0,3.11.0,3.0.1,8,Intel(R) Core(TM) i5-8250U CPU @ 1.60GHz,,,7.2005,51.6104,7.873264312744141,machine,N,1.0
2025-07-15T23:44:41,ollama-chatbot,8ea34a91-6329-4d6c-b435-bde154851373,5b0fa12a-3dd7-45bb-9766-cc326314d9f1,59.99002190000101,0.0004443446278022,7.4069755890897294e-06,60.0,0.0,10.0,0.0009998136066666,0,0.0001665983313888,0.0011664119380555,Germany,DEU,north rhine-westphalia,,,Windows-10-10.0.26100-SP0,3.11.0,3.0.1,8,Intel(R) Core(TM) i5-8250U CPU @ 1.60GHz,,,7.2005,51.6104,7.873264312744141,machine,N,1.0
2025-07-15T23:45:59,ollama-chatbot,f117633a-83be-4ad9-8a28-afb501b71079,5b0fa12a-3dd7-45bb-9766-cc326314d9f1,71.79109559999961,0.0005317544138686,7.406968920371786e-06,60.0,0.0,10.0,0.0011964951433333,0,0.0001993689172222,0.0013958640605555,Germany,DEU,north rhine-westphalia,,,Windows-10-10.0.26100-SP0,3.11.0,3.0.1,8,Intel(R) Core(TM) i5-8250U CPU @ 1.60GHz,,,7.2005,51.6104,7.873264312744141,machine,N,1.0
2025-07-15T23:46:44,ollama-chatbot,0d0cd023-8a34-4fb1-84fc-bdbf5c5dc6c2,5b0fa12a-3dd7-45bb-9766-cc326314d9f1,38.6839172,0.0002865292373292,7.406934407594678e-06,60.0,0.0,10.0,0.0006447164066666,0,0.0001074275422222,0.0007521439488888,Germany,DEU,north rhine-westphalia,,,Windows-10-10.0.26100-SP0,3.11.0,3.0.1,8,Intel(R) Core(TM) i5-8250U CPU @ 1.60GHz,,,7.2005,51.6104,7.873264312744141,machine,N,1.0
2025-07-15T23:47:41,ollama-chatbot,56b802da-1c3d-4743-ab48-68a635290ae5,5b0fa12a-3dd7-45bb-9766-cc326314d9f1,51.50818160000017,0.0003815181875599,7.406943435174932e-06,60.0,0.0,10.0,0.00085845173,0,0.0001430397716666,0.0010014915016666,Germany,DEU,north rhine-westphalia,,,Windows-10-10.0.26100-SP0,3.11.0,3.0.1,8,Intel(R) Core(TM) i5-8250U CPU @ 1.60GHz,,,7.2005,51.6104,7.873264312744141,machine,N,1.0
2025-07-15T23:48:42,ollama-chatbot,609bd0dd-9263-4b19-aebc-5d1801ac82c0,5b0fa12a-3dd7-45bb-9766-cc326314d9f1,54.42040369999995,0.0004030914600276,7.406991360258863e-06,60.0,0.0,10.0,0.0009069876349999,0,0.0001511340608333,0.0010581216958333,Germany,DEU,north rhine-westphalia,,,Windows-10-10.0.26100-SP0,3.11.0,3.0.1,8,Intel(R) Core(TM) i5-8250U CPU @ 1.60GHz,,,7.2005,51.6104,7.873264312744141,machine,N,1.0
2025-07-15T23:49:45,ollama-chatbot,6f9a2d5b-e7d0-4f12-9f02-560acf44ee2d,5b0fa12a-3dd7-45bb-9766-cc326314d9f1,57.53679860000011,0.0004261726845522,7.406958588624194e-06,60.0,0.0,10.0,0.0009589273133333,0,0.0001597829755555,0.0011187102888888,Germany,DEU,north rhine-westphalia,,,Windows-10-10.0.26100-SP0,3.11.0,3.0.1,8,Intel(R) Core(TM) i5-8250U CPU @ 1.60GHz,,,7.2005,51.6104,7.873264312744141,machine,N,1.0
2025-07-15T23:50:47,ollama-chatbot,106c393b-da1f-4e88-b4d6-fb068c7c1ac7,5b0fa12a-3dd7-45bb-9766-cc326314d9f1,54.592917599999055,0.0004043566061945,7.406759410758517e-06,60.0,0.0,10.0,0.0009098523049999,0,0.0001515904202777,0.0010614427252777,Germany,DEU,north rhine-westphalia,,,Windows-10-10.0.26100-SP0,3.11.0,3.0.1,8,Intel(R) Core(TM) i5-8250U CPU @ 1.60GHz,,,7.2005,51.6104,7.873264312744141,machine,N,1.0
2025-07-15T23:51:59,ollama-chatbot,9b6f39c5-b1ee-4648-9d20-cc1bb9e18310,5b0fa12a-3dd7-45bb-9766-cc326314d9f1,65.06515259999833,0.0004819317824048,7.406910813959939e-06,60.0,0.0,10.0,0.0010843956816666,0,0.0001806831538888,0.0012650788355555,Germany,DEU,north rhine-westphalia,,,Windows-10-10.0.26100-SP0,3.11.0,3.0.1,8,Intel(R) Core(TM) i5-8250U CPU @ 1.60GHz,,,7.2005,51.6104,7.873264312744141,machine,N,1.0
2025-07-15T23:53:02,ollama-chatbot,524efaea-b00b-46ce-96fe-1efc24afbb8d,5b0fa12a-3dd7-45bb-9766-cc326314d9f1,56.48005590000139,0.0004183477878496,7.407000244304904e-06,60.0,0.0,10.0,0.0009413196099999,0,0.0001568501966666,0.0010981698066666,Germany,DEU,north rhine-westphalia,,,Windows-10-10.0.26100-SP0,3.11.0,3.0.1,8,Intel(R) Core(TM) i5-8250U CPU @ 1.60GHz,,,7.2005,51.6104,7.873264312744141,machine,N,1.0
2025-07-15T23:53:59,ollama-chatbot,249f0bbe-eef8-49b3-8b4d-7f4361a4742f,5b0fa12a-3dd7-45bb-9766-cc326314d9f1,51.18280520000008,0.0003791042996838,7.406868345774788e-06,60.0,0.0,10.0,0.0008530273883333,0,0.0001421276180555,0.0009951550063888,Germany,DEU,north rhine-westphalia,,,Windows-10-10.0.26100-SP0,3.11.0,3.0.1,8,Intel(R) Core(TM) i5-8250U CPU @ 1.60GHz,,,7.2005,51.6104,7.873264312744141,machine,N,1.0
2025-07-15T23:55:03,ollama-chatbot,5066d8fa-c417-43c6-8298-3fe24882877b,5b0fa12a-3dd7-45bb-9766-cc326314d9f1,58.80053659999976,0.0004355340007526,7.406973234196847e-06,60.0,0.0,10.0,0.0009799924999999,0,0.0001632913974999,0.0011432838974999,Germany,DEU,north rhine-westphalia,,,Windows-10-10.0.26100-SP0,3.11.0,3.0.1,8,Intel(R) Core(TM) i5-8250U CPU @ 1.60GHz,,,7.2005,51.6104,7.873264312744141,machine,N,1.0
2025-07-15T23:55:56,ollama-chatbot,9f8fb710-d59b-4054-b7b7-e3c85e90f1bb,5b0fa12a-3dd7-45bb-9766-cc326314d9f1,46.31743769999957,0.0003430689377104,7.406906658623261e-06,60.0,0.0,10.0,0.0007719410583333,0,0.0001286205316666,0.0009005615899999,Germany,DEU,north rhine-westphalia,,,Windows-10-10.0.26100-SP0,3.11.0,3.0.1,8,Intel(R) Core(TM) i5-8250U CPU @ 1.60GHz,,,7.2005,51.6104,7.873264312744141,machine,N,1.0
2025-07-15T23:56:56,ollama-chatbot,4f435326-bfb0-4d5c-a407-35045f423042,5b0fa12a-3dd7-45bb-9766-cc326314d9f1,54.123096299999816,0.0004008881588777,7.406970152921549e-06,60.0,0.0,10.0,0.0009020369516666,0,0.0001503010425,0.0010523379941666,Germany,DEU,north rhine-westphalia,,,Windows-10-10.0.26100-SP0,3.11.0,3.0.1,8,Intel(R) Core(TM) i5-8250U CPU @ 1.60GHz,,,7.2005,51.6104,7.873264312744141,machine,N,1.0
2025-07-15T23:57:54,ollama-chatbot,d18043f3-a309-4e5b-b8c4-4142d8454ec9,5b0fa12a-3dd7-45bb-9766-cc326314d9f1,51.98645299999953,0.0003850611242524,7.40695127348676e-06,60.0,0.0,10.0,0.0008664222166666,0,0.0001443695519444,0.0010107917686111,Germany,DEU,north rhine-westphalia,,,Windows-10-10.0.26100-SP0,3.11.0,3.0.1,8,Intel(R) Core(TM) i5-8250U CPU @ 1.60GHz,,,7.2005,51.6104,7.873264312744141,machine,N,1.0
2025-07-15T23:58:59,ollama-chatbot,33ac0adc-5053-44dc-8ecd-4a8c0efb23e6,5b0fa12a-3dd7-45bb-9766-cc326314d9f1,59.099408800000674,0.0004377456499985,7.406937884605321e-06,60.0,0.0,10.0,0.0009849698549999,0,0.0001641196580555,0.0011490895130555,Germany,DEU,north rhine-westphalia,,,Windows-10-10.0.26100-SP0,3.11.0,3.0.1,8,Intel(R) Core(TM) i5-8250U CPU @ 1.60GHz,,,7.2005,51.6104,7.873264312744141,machine,N,1.0
2025-07-15T23:59:47,ollama-chatbot,67e75dcf-c13b-4804-9756-2f02c90541ac,5b0fa12a-3dd7-45bb-9766-cc326314d9f1,41.61518969999997,0.000308244775257,7.407025595201275e-06,60.0,0.0,10.0,0.0006935760283333,0,0.0001155715638888,0.0008091475922222,Germany,DEU,north rhine-westphalia,,,Windows-10-10.0.26100-SP0,3.11.0,3.0.1,8,Intel(R) Core(TM) i5-8250U CPU @ 1.60GHz,,,7.2005,51.6104,7.873264312744141,machine,N,1.0
2025-07-16T00:00:53,ollama-chatbot,4f991eae-9981-45f7-868b-03a9d075b7aa,5b0fa12a-3dd7-45bb-9766-cc326314d9f1,60.83144319999883,0.0004505711756585,7.406879599703331e-06,60.0,0.0,10.0,0.0010138352416666,0,0.0001689214866666,0.0011827567283333,Germany,DEU,north rhine-westphalia,,,Windows-10-10.0.26100-SP0,3.11.0,3.0.1,8,Intel(R) Core(TM) i5-8250U CPU @ 1.60GHz,,,7.2005,51.6104,7.873264312744141,machine,N,1.0
2025-07-16T00:01:58,ollama-chatbot,be0daffd-b350-4162-8dbc-0ee3e196ced4,5b0fa12a-3dd7-45bb-9766-cc326314d9f1,58.570939299999736,0.0004338343789943,7.406990295516337e-06,60.0,0.0,10.0,0.0009761651666666,0,0.0001626571958333,0.0011388223624999,Germany,DEU,north rhine-westphalia,,,Windows-10-10.0.26100-SP0,3.11.0,3.0.1,8,Intel(R) Core(TM) i5-8250U CPU @ 1.60GHz,,,7.2005,51.6104,7.873264312744141,machine,N,1.0
2025-07-16T00:03:01,ollama-chatbot,79c4eb96-479b-4317-92f2-23c0d853bbde,5b0fa12a-3dd7-45bb-9766-cc326314d9f1,57.26063359999898,0.0004241294733012,7.406999305386862e-06,60.0,0.0,10.0,0.0009543264866666,0,0.0001590203391666,0.0011133468258333,Germany,DEU,north rhine-westphalia,,,Windows-10-10.0.26100-SP0,3.11.0,3.0.1,8,Intel(R) Core(TM) i5-8250U CPU @ 1.60GHz,,,7.2005,51.6104,7.873264312744141,machine,N,1.0
2025-07-16T00:04:09,ollama-chatbot,cc1fefee-ce7b-4b10-a2fb-3dd3023afbe2,5b0fa12a-3dd7-45bb-9766-cc326314d9f1,62.124841099999685,0.0004601519885823,7.406892000603672e-06,60.0,0.0,10.0,0.00103539418,0,0.0001725123394444,0.0012079065194444,Germany,DEU,north rhine-westphalia,,,Windows-10-10.0.26100-SP0,3.11.0,3.0.1,8,Intel(R) Core(TM) i5-8250U CPU @ 1.60GHz,,,7.2005,51.6104,7.873264312744141,machine,N,1.0
2025-07-16T00:05:05,ollama-chatbot,84101b39-5770-4c1a-b23d-a3514e0e4b94,5b0fa12a-3dd7-45bb-9766-cc326314d9f1,50.3483526,0.0003729238538674,7.406873007944825e-06,60.0,0.0,10.0,0.0008391194733333,0,0.0001398117613888,0.0009789312347222,Germany,DEU,north rhine-westphalia,,,Windows-10-10.0.26100-SP0,3.11.0,3.0.1,8,Intel(R) Core(TM) i5-8250U CPU @ 1.60GHz,,,7.2005,51.6104,7.873264312744141,machine,N,1.0
2025-07-16T00:06:32,ollama-chatbot,d5b4fdc7-13fd-449a-a924-3607cb6a063c,5b0fa12a-3dd7-45bb-9766-cc326314d9f1,80.4322329000006,0.0005957579746904,7.406955560106485e-06,60.0,0.0,10.0,0.0013405099816666,0,0.0002233644761111,0.0015638744577777,Germany,DEU,north rhine-westphalia,,,Windows-10-10.0.26100-SP0,3.11.0,3.0.1,8,Intel(R) Core(TM) i5-8250U CPU @ 1.60GHz,,,7.2005,51.6104,7.873264312744141,machine,N,1.0
2025-07-16T00:07:27,ollama-chatbot,e33cfb30-073b-4849-93bb-f0167926b9d8,5b0fa12a-3dd7-45bb-9766-cc326314d9f1,49.301193900000726,0.0003651665265838,7.406849564830338e-06,60.0,0.0,10.0,0.0008216665766666,0,0.0001369015466666,0.0009585681233333,Germany,DEU,north rhine-westphalia,,,Windows-10-10.0.26100-SP0,3.11.0,3.0.1,8,Intel(R) Core(TM) i5-8250U CPU @ 1.60GHz,,,7.2005,51.6104,7.873264312744141,machine,N,1.0
2025-07-16T00:08:32,ollama-chatbot,37709730-9f13-4fdb-9b56-698e8c3163eb,5b0fa12a-3dd7-45bb-9766-cc326314d9f1,59.21584179999991,0.0004386101708385,7.406973497395983e-06,60.0,0.0,10.0,0.0009869116599999,0,0.0001644472344444,0.0011513588944443,Germany,DEU,north rhine-westphalia,,,Windows-10-10.0.26100-SP0,3.11.0,3.0.1,8,Intel(R) Core(TM) i5-8250U CPU @ 1.60GHz,,,7.2005,51.6104,7.873264312744141,machine,N,1.0
2025-07-16T00:09:34,ollama-chatbot,42cca11c-a0f8-4bda-8a2b-c2bfd542fff5,5b0fa12a-3dd7-45bb-9766-cc326314d9f1,55.149780899999314,0.0004084882185728,7.406887423788451e-06,60.0,0.0,10.0,0.0009191431983333,0,0.0001531450772222,0.0010722882755555,Germany,DEU,north rhine-westphalia,,,Windows-10-10.0.26100-SP0,3.11.0,3.0.1,8,Intel(R) Core(TM) i5-8250U CPU @ 1.60GHz,,,7.2005,51.6104,7.873264312744141,machine,N,1.0
2025-07-16T00:10:43,ollama-chatbot,cfe233b9-8e07-436e-9981-d0bbc73f358c,5b0fa12a-3dd7-45bb-9766-cc326314d9f1,63.17545799999971,0.0004679363549562,7.406932529974612e-06,60.0,0.0,10.0,0.0010529015933333,0,0.0001754390155555,0.0012283406088889,Germany,DEU,north rhine-westphalia,,,Windows-10-10.0.26100-SP0,3.11.0,3.0.1,8,Intel(R) Core(TM) i5-8250U CPU @ 1.60GHz,,,7.2005,51.6104,7.873264312744141,machine,N,1.0
2025-07-16T00:12:00,ollama-chatbot,8b25b0bd-04ba-404c-a290-8f1347b1c99b,5b0fa12a-3dd7-45bb-9766-cc326314d9f1,70.8629321999997,0.0005248775049977,7.406940253563858e-06,60.0,0.0,10.0,0.001181024105,0,0.0001967879569444,0.0013778120619444,Germany,DEU,north rhine-westphalia,,,Windows-10-10.0.26100-SP0,3.11.0,3.0.1,8,Intel(R) Core(TM) i5-8250U CPU @ 1.60GHz,,,7.2005,51.6104,7.873264312744141,machine,N,1.0
2025-07-16T00:12:44,ollama-chatbot,f1b9ca87-0e03-4b65-b3da-52526b1add9d,5b0fa12a-3dd7-45bb-9766-cc326314d9f1,38.48852950000037,0.000285083269647,7.406967045779229e-06,60.0,0.0,10.0,0.00064146219,0,0.00010688607,0.00074834826,Germany,DEU,north rhine-westphalia,,,Windows-10-10.0.26100-SP0,3.11.0,3.0.1,8,Intel(R) Core(TM) i5-8250U CPU @ 1.60GHz,,,7.2005,51.6104,7.873264312744141,machine,N,1.0
2025-07-16T00:13:47,ollama-chatbot,93c0876b-238d-4469-9da6-c790aea1ad26,5b0fa12a-3dd7-45bb-9766-cc326314d9f1,56.85014740000042,0.0004210894092329,7.407006463327809e-06,60.0,0.0,10.0,0.0009474852583333,0,0.0001578813494444,0.0011053666077777,Germany,DEU,north rhine-westphalia,,,Windows-10-10.0.26100-SP0,3.11.0,3.0.1,8,Intel(R) Core(TM) i5-8250U CPU @ 1.60GHz,,,7.2005,51.6104,7.873264312744141,machine,N,1.0
2025-07-16T00:14:55,ollama-chatbot,6433a5ce-67f0-4949-b94c-55af8543f5f8,5b0fa12a-3dd7-45bb-9766-cc326314d9f1,61.71210690000044,0.0004570987841729,7.40695476357049e-06,60.0,0.0,10.0,0.0010285145016666,0,0.0001713773061111,0.0011998918077777,Germany,DEU,north rhine-westphalia,,,Windows-10-10.0.26100-SP0,3.11.0,3.0.1,8,Intel(R) Core(TM) i5-8250U CPU @ 1.60GHz,,,7.2005,51.6104,7.873264312744141,machine,N,1.0
2025-07-16T00:15:45,ollama-chatbot,d61f5460-b43b-42ed-97eb-eeb82b806135,5b0fa12a-3dd7-45bb-9766-cc326314d9f1,44.180301500000496,0.0003272408107109,7.40693928290633e-06,60.0,0.0,10.0,0.00073632332,0,0.0001226891769444,0.0008590124969444,Germany,DEU,north rhine-westphalia,,,Windows-10-10.0.26100-SP0,3.11.0,3.0.1,8,Intel(R) Core(TM) i5-8250U CPU @ 1.60GHz,,,7.2005,51.6104,7.873264312744141,machine,N,1.0
2025-07-16T00:16:47,ollama-chatbot,197a67c8-ddff-40dd-ae49-4fa8c10dcc29,5b0fa12a-3dd7-45bb-9766-cc326314d9f1,56.21632520000094,0.0004163971481893,7.407050295585432e-06,60.0,0.0,10.0,0.0009369239616666,0,0.0001561253838888,0.0010930493455555,Germany,DEU,north rhine-westphalia,,,Windows-10-10.0.26100-SP0,3.11.0,3.0.1,8,Intel(R) Core(TM) i5-8250U CPU @ 1.60GHz,,,7.2005,51.6104,7.873264312744141,machine,N,1.0
2025-07-16T00:17:24,ollama-chatbot,8a5ce9a0-35c0-4a1c-827e-cc36084a2a60,5b0fa12a-3dd7-45bb-9766-cc326314d9f1,31.015988600000128,0.0002297314253336,7.406870962470171e-06,60.0,0.0,10.0,0.000516920755,0,8.612800555556028e-05,0.0006030487605555,Germany,DEU,north rhine-westphalia,,,Windows-10-10.0.26100-SP0,3.11.0,3.0.1,8,Intel(R) Core(TM) i5-8250U CPU @ 1.60GHz,,,7.2005,51.6104,7.873264312744141,machine,N,1.0
2025-07-16T00:18:15,ollama-chatbot,5c344b40-129b-41e5-aff7-c0b086c49e55,5b0fa12a-3dd7-45bb-9766-cc326314d9f1,44.81024389999948,0.00033191174702,7.407050668163991e-06,60.0,0.0,10.0,0.0007468249816666,0,0.0001244487997222,0.0008712737813888,Germany,DEU,north rhine-westphalia,,,Windows-10-10.0.26100-SP0,3.11.0,3.0.1,8,Intel(R) Core(TM) i5-8250U CPU @ 1.60GHz,,,7.2005,51.6104,7.873264312744141,machine,N,1.0
2025-07-16T00:19:13,ollama-chatbot,a219ecf1-fa40-4680-bf1a-0739cb41e9eb,5b0fa12a-3dd7-45bb-9766-cc326314d9f1,52.6825319999989,0.0003902190566712,7.406991309210792e-06,60.0,0.0,10.0,0.0008780239966666,0,0.0001463074291666,0.0010243314258333,Germany,DEU,north rhine-westphalia,,,Windows-10-10.0.26100-SP0,3.11.0,3.0.1,8,Intel(R) Core(TM) i5-8250U CPU @ 1.60GHz,,,7.2005,51.6104,7.873264312744141,machine,N,1.0
2025-07-16T00:20:22,ollama-chatbot,807d8108-be9f-4246-a4ca-35748e9c58f6,5b0fa12a-3dd7-45bb-9766-cc326314d9f1,62.57846749999953,0.0004635095969093,7.406854392996167e-06,60.0,0.0,10.0,0.0010429495383333,0,0.0001737707580555,0.0012167202963888,Germany,DEU,north rhine-westphalia,,,Windows-10-10.0.26100-SP0,3.11.0,3.0.1,8,Intel(R) Core(TM) i5-8250U CPU @ 1.60GHz,,,7.2005,51.6104,7.873264312744141,machine,N,1.0
2025-07-16T00:21:34,ollama-chatbot,9fc58872-ece2-495b-8fdb-7c900491f971,5b0fa12a-3dd7-45bb-9766-cc326314d9f1,65.67479090000052,0.0004864518272761,7.406979460609405e-06,60.0,0.0,10.0,0.0010945598633333,0,0.0001823841641666,0.0012769440274999,Germany,DEU,north rhine-westphalia,,,Windows-10-10.0.26100-SP0,3.11.0,3.0.1,8,Intel(R) Core(TM) i5-8250U CPU @ 1.60GHz,,,7.2005,51.6104,7.873264312744141,machine,N,1.0
2025-07-16T00:22:22,ollama-chatbot,09fdb88a-d45f-477f-9b69-17521b8037bb,5b0fa12a-3dd7-45bb-9766-cc326314d9f1,42.6694107000003,0.0003160524331255,7.407002532743391e-06,60.0,0.0,10.0,0.0007111449366667,0,0.0001184978855555,0.0008296428222222,Germany,DEU,north rhine-westphalia,,,Windows-10-10.0.26100-SP0,3.11.0,3.0.1,8,Intel(R) Core(TM) i5-8250U CPU @ 1.60GHz,,,7.2005,51.6104,7.873264312744141,machine,N,1.0
2025-07-16T00:23:21,ollama-chatbot,bd18f19e-6bbc-44d2-95b7-e5cabcd805fa,5b0fa12a-3dd7-45bb-9766-cc326314d9f1,52.6730316000012,0.0003901475669592,7.406970039660434e-06,60.0,0.0,10.0,0.0008778660016666,0,0.0001462777625,0.0010241437641666,Germany,DEU,north rhine-westphalia,,,Windows-10-10.0.26100-SP0,3.11.0,3.0.1,8,Intel(R) Core(TM) i5-8250U CPU @ 1.60GHz,,,7.2005,51.6104,7.873264312744141,machine,N,1.0
2025-07-16T00:24:12,ollama-chatbot,74913da8-6865-4066-bea9-c880a8266db3,5b0fa12a-3dd7-45bb-9766-cc326314d9f1,45.29892469999868,0.0003355227143984,7.406858255920204e-06,60.0,0.0,10.0,0.0007549631633333,0,0.0001257894666666,0.0008807526299999,Germany,DEU,north rhine-westphalia,,,Windows-10-10.0.26100-SP0,3.11.0,3.0.1,8,Intel(R) Core(TM) i5-8250U CPU @ 1.60GHz,,,7.2005,51.6104,7.873264312744141,machine,N,1.0
2025-07-16T00:24:59,ollama-chatbot,1588836f-0444-4399-8c59-960aed4e5e2d,5b0fa12a-3dd7-45bb-9766-cc326314d9f1,40.65121569999974,0.0003011032170349,7.406991693853059e-06,60.0,0.0,10.0,0.0006775054183333,0,0.0001128954663888,0.0007904008847222,Germany,DEU,north rhine-westphalia,,,Windows-10-10.0.26100-SP0,3.11.0,3.0.1,8,Intel(R) Core(TM) i5-8250U CPU @ 1.60GHz,,,7.2005,51.6104,7.873264312744141,machine,N,1.0
2025-07-16T00:25:59,ollama-chatbot,ee707e9a-b8d6-4163-9d8c-f91c21057353,5b0fa12a-3dd7-45bb-9766-cc326314d9f1,54.09681649999948,0.0004006930010499,7.406960833821242e-06,60.0,0.0,10.0,0.0009015958549999,0,0.0001502298466666,0.0010518257016666,Germany,DEU,north rhine-westphalia,,,Windows-10-10.0.26100-SP0,3.11.0,3.0.1,8,Intel(R) Core(TM) i5-8250U CPU @ 1.60GHz,,,7.2005,51.6104,7.873264312744141,machine,N,1.0
2025-07-16T00:27:01,ollama-chatbot,27c6449c-6451-4f68-9a87-e6a3311002f4,5b0fa12a-3dd7-45bb-9766-cc326314d9f1,56.0518503000003,0.0004151733023993,7.4069508888148916e-06,60.0,0.0,10.0,0.0009341760599999,0,0.0001556606702777,0.0010898367302777,Germany,DEU,north rhine-westphalia,,,Windows-10-10.0.26100-SP0,3.11.0,3.0.1,8,Intel(R) Core(TM) i5-8250U CPU @ 1.60GHz,,,7.2005,51.6104,7.873264312744141,machine,N,1.0
2025-07-16T00:27:44,ollama-chatbot,137d4e10-6121-4a81-ac1e-bfcc99c7f135,5b0fa12a-3dd7-45bb-9766-cc326314d9f1,37.00490399999944,0.0002740916723131,7.406901320785963e-06,60.0,0.0,10.0,0.0006167350833333,0,0.0001027600533333,0.0007194951366666,Germany,DEU,north rhine-westphalia,,,Windows-10-10.0.26100-SP0,3.11.0,3.0.1,8,Intel(R) Core(TM) i5-8250U CPU @ 1.60GHz,,,7.2005,51.6104,7.873264312744141,machine,N,1.0
2025-07-16T00:28:57,ollama-chatbot,6d50ec2e-1366-41cb-b708-ec496422c441,5b0fa12a-3dd7-45bb-9766-cc326314d9f1,66.58915259999958,0.0004932266463088,7.407011908857076e-06,60.0,0.0,10.0,0.0011098005683333,0,0.0001849274702777,0.001294728038611,Germany,DEU,north rhine-westphalia,,,Windows-10-10.0.26100-SP0,3.11.0,3.0.1,8,Intel(R) Core(TM) i5-8250U CPU @ 1.60GHz,,,7.2005,51.6104,7.873264312744141,machine,N,1.0
2025-07-16T00:30:00,ollama-chatbot,5a5a3a7f-e775-4ed6-a710-7bb100a3ab46,5b0fa12a-3dd7-45bb-9766-cc326314d9f1,57.08187100000032,0.0004228084159494,7.407052511460266e-06,60.0,0.0,10.0,0.0009513482483333,0,0.0001585307802777,0.0011098790286111,Germany,DEU,north rhine-westphalia,,,Windows-10-10.0.26100-SP0,3.11.0,3.0.1,8,Intel(R) Core(TM) i5-8250U CPU @ 1.60GHz,,,7.2005,51.6104,7.873264312744141,machine,N,1.0
2025-07-16T00:31:02,ollama-chatbot,73b83e20-ed48-4f22-bd65-1775e6c7c791,5b0fa12a-3dd7-45bb-9766-cc326314d9f1,56.32451529999889,0.0004171932651183,7.406957039866489e-06,60.0,0.0,10.0,0.00093872395,0,0.0001564152155555,0.0010951391655555,Germany,DEU,north rhine-westphalia,,,Windows-10-10.0.26100-SP0,3.11.0,3.0.1,8,Intel(R) Core(TM) i5-8250U CPU @ 1.60GHz,,,7.2005,51.6104,7.873264312744141,machine,N,1.0
2025-07-16T00:32:09,ollama-chatbot,db0ed551-2eb9-4192-a203-fc53acd31d02,5b0fa12a-3dd7-45bb-9766-cc326314d9f1,60.6718462000008,0.0004493917632415,7.406924156555351e-06,60.0,0.0,10.0,0.0010111748916666,0,0.0001684858597222,0.0011796607513888,Germany,DEU,north rhine-westphalia,,,Windows-10-10.0.26100-SP0,3.11.0,3.0.1,8,Intel(R) Core(TM) i5-8250U CPU @ 1.60GHz,,,7.2005,51.6104,7.873264312744141,machine,N,1.0
2025-07-16T00:33:10,ollama-chatbot,a3c847dc-4ae8-4903-9f54-81d869976d5e,5b0fa12a-3dd7-45bb-9766-cc326314d9f1,54.99136389999876,0.0004073201877778,7.406984640689738e-06,60.0,0.0,10.0,0.0009165052149999,0,0.0001527169605555,0.0010692221755555,Germany,DEU,north rhine-westphalia,,,Windows-10-10.0.26100-SP0,3.11.0,3.0.1,8,Intel(R) Core(TM) i5-8250U CPU @ 1.60GHz,,,7.2005,51.6104,7.873264312744141,machine,N,1.0
2025-07-16T00:34:21,ollama-chatbot,caffa0b3-3748-4cb2-91bb-1db0a19e85f0,5b0fa12a-3dd7-45bb-9766-cc326314d9f1,65.57333619999918,0.0004856992862652,7.406963171491939e-06,60.0,0.0,10.0,0.0010928665,0,0.000182102095,0.001274968595,Germany,DEU,north rhine-westphalia,,,Windows-10-10.0.26100-SP0,3.11.0,3.0.1,8,Intel(R) Core(TM) i5-8250U CPU @ 1.60GHz,,,7.2005,51.6104,7.873264312744141,machine,N,1.0
2025-07-16T00:35:17,ollama-chatbot,73d4acee-4a6d-488c-9706-d8446581403b,5b0fa12a-3dd7-45bb-9766-cc326314d9f1,49.567165399999794,0.0003671427207933,7.406974311131314e-06,60.0,0.0,10.0,0.0008261043916666,0,0.0001376512738888,0.0009637556655555,Germany,DEU,north rhine-westphalia,,,Windows-10-10.0.26100-SP0,3.11.0,3.0.1,8,Intel(R) Core(TM) i5-8250U CPU @ 1.60GHz,,,7.2005,51.6104,7.873264312744141,machine,N,1.0
2025-07-16T00:36:16,ollama-chatbot,795912b9-5c02-48c0-858d-211f4131904a,5b0fa12a-3dd7-45bb-9766-cc326314d9f1,52.78326659999948,0.0003909659704156,7.407005962295775e-06,60.0,0.0,10.0,0.0008797044216666,0,0.0001465876649999,0.0010262920866666,Germany,DEU,north rhine-westphalia,,,Windows-10-10.0.26100-SP0,3.11.0,3.0.1,8,Intel(R) Core(TM) i5-8250U CPU @ 1.60GHz,,,7.2005,51.6104,7.873264312744141,machine,N,1.0
2025-07-16T00:37:22,ollama-chatbot,85ca8bf3-230d-4d2a-ac3c-d5d2318862e7,5b0fa12a-3dd7-45bb-9766-cc326314d9f1,60.88518060000024,0.0004509717844775,7.40692201342556e-06,60.0,0.0,10.0,0.0010147322683333,0,0.0001690760647222,0.0011838083330556,Germany,DEU,north rhine-westphalia,,,Windows-10-10.0.26100-SP0,3.11.0,3.0.1,8,Intel(R) Core(TM) i5-8250U CPU @ 1.60GHz,,,7.2005,51.6104,7.873264312744141,machine,N,1.0
2025-07-16T00:38:16,ollama-chatbot,00b9a8aa-36f4-4e96-a2a2-560152ef4166,5b0fa12a-3dd7-45bb-9766-cc326314d9f1,47.65134599999874,0.000352950538913,7.406937443342833e-06,60.0,0.0,10.0,0.000794172375,0,0.0001323285802777,0.0009265009552777,Germany,DEU,north rhine-westphalia,,,Windows-10-10.0.26100-SP0,3.11.0,3.0.1,8,Intel(R) Core(TM) i5-8250U CPU @ 1.60GHz,,,7.2005,51.6104,7.873264312744141,machine,N,1.0
2025-07-16T00:39:14,ollama-chatbot,09461f25-9779-4e28-a83f-d252d260eeba,5b0fa12a-3dd7-45bb-9766-cc326314d9f1,51.54019260000132,0.0003817525386878,7.406890029506761e-06,60.0,0.0,10.0,0.0008589820583333,0,0.0001431246188888,0.0010021066772222,Germany,DEU,north rhine-westphalia,,,Windows-10-10.0.26100-SP0,3.11.0,3.0.1,8,Intel(R) Core(TM) i5-8250U CPU @ 1.60GHz,,,7.2005,51.6104,7.873264312744141,machine,N,1.0
2025-07-16T00:40:25,ollama-chatbot,5af3eb9a-4711-40c8-8973-299246c66ec5,5b0fa12a-3dd7-45bb-9766-cc326314d9f1,65.89421670000047,0.0004880723178887,7.406906741312608e-06,60.0,0.0,10.0,0.00109820907,0,0.0001829887719444,0.0012811978419444,Germany,DEU,north rhine-westphalia,,,Windows-10-10.0.26100-SP0,3.11.0,3.0.1,8,Intel(R) Core(TM) i5-8250U CPU @ 1.60GHz,,,7.2005,51.6104,7.873264312744141,machine,N,1.0
2025-07-16T00:41:35,ollama-chatbot,ccae8b8f-4f9b-41b0-bb5e-d26db114ee5b,5b0fa12a-3dd7-45bb-9766-cc326314d9f1,63.2070748999995,0.0004681708169828,7.406936924760218e-06,60.0,0.0,10.0,0.0010534297466666,0,0.0001755263288888,0.0012289560755555,Germany,DEU,north rhine-westphalia,,,Windows-10-10.0.26100-SP0,3.11.0,3.0.1,8,Intel(R) Core(TM) i5-8250U CPU @ 1.60GHz,,,7.2005,51.6104,7.873264312744141,machine,N,1.0
2025-07-16T00:42:48,ollama-chatbot,8bf653db-19d8-4b92-8de7-7f0e47845e46,5b0fa12a-3dd7-45bb-9766-cc326314d9f1,67.24678830000084,0.0004980970935403,7.407001971874934e-06,60.0,0.0,10.0,0.0011207582866666,0,0.0001867547558333,0.0013075130424999,Germany,DEU,north rhine-westphalia,,,Windows-10-10.0.26100-SP0,3.11.0,3.0.1,8,Intel(R) Core(TM) i5-8250U CPU @ 1.60GHz,,,7.2005,51.6104,7.873264312744141,machine,N,1.0
2025-07-16T00:43:49,ollama-chatbot,141e14f2-f8ea-4890-9dc8-dbdd870a684c,5b0fa12a-3dd7-45bb-9766-cc326314d9f1,55.01483439999902,0.0004074959974727,7.407020341276029e-06,60.0,0.0,10.0,0.0009168973666666,0,0.0001527863122222,0.0010696836788888,Germany,DEU,north rhine-westphalia,,,Windows-10-10.0.26100-SP0,3.11.0,3.0.1,8,Intel(R) Core(TM) i5-8250U CPU @ 1.60GHz,,,7.2005,51.6104,7.873264312744141,machine,N,1.0
2025-07-16T00:44:43,ollama-chatbot,eb5ea0d0-5650-4275-9391-f0bb4232b816,5b0fa12a-3dd7-45bb-9766-cc326314d9f1,47.63642859999891,0.0003528371335901,7.406876291101958e-06,60.0,0.0,10.0,0.0007939220233333,0,0.0001322812411111,0.0009262032644444,Germany,DEU,north rhine-westphalia,,,Windows-10-10.0.26100-SP0,3.11.0,3.0.1,8,Intel(R) Core(TM) i5-8250U CPU @ 1.60GHz,,,7.2005,51.6104,7.873264312744141,machine,N,1.0
2025-07-16T00:45:42,ollama-chatbot,f4356d30-79de-4c66-9d53-fb954a6a30a9,5b0fa12a-3dd7-45bb-9766-cc326314d9f1,52.96570800000154,0.000392313892044,7.406941337289556e-06,60.0,0.0,10.0,0.000882742075,0,0.0001470883280555,0.0010298304030555,Germany,DEU,north rhine-westphalia,,,Windows-10-10.0.26100-SP0,3.11.0,3.0.1,8,Intel(R) Core(TM) i5-8250U CPU @ 1.60GHz,,,7.2005,51.6104,7.873264312744141,machine,N,1.0
2025-07-16T00:46:42,ollama-chatbot,1d46a658-5e78-40df-b285-86d46a54de81,5b0fa12a-3dd7-45bb-9766-cc326314d9f1,54.056605100000525,0.0004003940903255,7.406941105251237e-06,60.0,0.0,10.0,0.000900925915,0,0.0001501151411111,0.0010510410561111,Germany,DEU,north rhine-westphalia,,,Windows-10-10.0.26100-SP0,3.11.0,3.0.1,8,Intel(R) Core(TM) i5-8250U CPU @ 1.60GHz,,,7.2005,51.6104,7.873264312744141,machine,N,1.0
2025-07-16T00:47:46,ollama-chatbot,4ec81616-8949-4b54-889b-5019292214fe,5b0fa12a-3dd7-45bb-9766-cc326314d9f1,58.068986099999165,0.0004301169200064,7.406998966121207e-06,60.0,0.0,10.0,0.0009677985199999,0,0.0001612654516666,0.0011290639716666,Germany,DEU,north rhine-westphalia,,,Windows-10-10.0.26100-SP0,3.11.0,3.0.1,8,Intel(R) Core(TM) i5-8250U CPU @ 1.60GHz,,,7.2005,51.6104,7.873264312744141,machine,N,1.0
2025-07-16T00:48:25,ollama-chatbot,d1fb65a9-f2e7-42c2-baa1-d2327fbab8c3,5b0fa12a-3dd7-45bb-9766-cc326314d9f1,33.27293719999943,0.0002464475091114,7.406845618409183e-06,60.0,0.0,10.0,0.0005545355699999,0,9.239318472221687e-05,0.0006469287547221,Germany,DEU,north rhine-westphalia,,,Windows-10-10.0.26100-SP0,3.11.0,3.0.1,8,Intel(R) Core(TM) i5-8250U CPU @ 1.60GHz,,,7.2005,51.6104,7.873264312744141,machine,N,1.0
2025-07-16T00:49:36,ollama-chatbot,f8a294c9-627f-49c4-b1e7-57ebd9e9b0d3,5b0fa12a-3dd7-45bb-9766-cc326314d9f1,65.25103020000097,0.0004833080958134,7.406903681552543e-06,60.0,0.0,10.0,0.00108749339,0,0.0001811982908333,0.0012686916808333,Germany,DEU,north rhine-westphalia,,,Windows-10-10.0.26100-SP0,3.11.0,3.0.1,8,Intel(R) Core(TM) i5-8250U CPU @ 1.60GHz,,,7.2005,51.6104,7.873264312744141,machine,N,1.0
2025-07-16T00:50:35,ollama-chatbot,c8a78b6f-d62d-4bfa-8a46-4bb9cc09f3f9,5b0fa12a-3dd7-45bb-9766-cc326314d9f1,52.36679200000072,0.0003878791045235,7.406967081800912e-06,60.0,0.0,10.0,0.000872762715,0,0.0001454262980555,0.0010181890130555,Germany,DEU,north rhine-westphalia,,,Windows-10-10.0.26100-SP0,3.11.0,3.0.1,8,Intel(R) Core(TM) i5-8250U CPU @ 1.60GHz,,,7.2005,51.6104,7.873264312744141,machine,N,1.0
2025-07-16T00:51:41,ollama-chatbot,b4e2ae68-ebb8-4495-9571-65cb62c75aeb,5b0fa12a-3dd7-45bb-9766-cc326314d9f1,60.67549460000009,0.0004494192285725,7.406931439708127e-06,60.0,0.0,10.0,0.0010112384066666,0,0.0001684944416666,0.0011797328483333,Germany,DEU,north rhine-westphalia,,,Windows-10-10.0.26100-SP0,3.11.0,3.0.1,8,Intel(R) Core(TM) i5-8250U CPU @ 1.60GHz,,,7.2005,51.6104,7.873264312744141,machine,N,1.0
2025-07-16T00:52:42,ollama-chatbot,6f0745db-5193-4d50-9129-8e564e7de51e,5b0fa12a-3dd7-45bb-9766-cc326314d9f1,55.06012969999938,0.0004078268401668,7.406935697190198e-06,60.0,0.0,10.0,0.0009176499816666,0,0.0001529021647222,0.0010705521463888,Germany,DEU,north rhine-westphalia,,,Windows-10-10.0.26100-SP0,3.11.0,3.0.1,8,Intel(R) Core(TM) i5-8250U CPU @ 1.60GHz,,,7.2005,51.6104,7.873264312744141,machine,N,1.0
2025-07-16T00:53:38,ollama-chatbot,7b416b5d-bbd0-41a0-99f7-fd3e54a614dd,5b0fa12a-3dd7-45bb-9766-cc326314d9f1,49.93687099999988,0.0003698808593412,7.406969077844203e-06,60.0,0.0,10.0,0.00083226363,0,0.0001386796941666,0.0009709433241666,Germany,DEU,north rhine-westphalia,,,Windows-10-10.0.26100-SP0,3.11.0,3.0.1,8,Intel(R) Core(TM) i5-8250U CPU @ 1.60GHz,,,7.2005,51.6104,7.873264312744141,machine,N,1.0
2025-07-16T00:54:26,ollama-chatbot,a0f4f0f8-62bf-4a64-8268-85461abb5924,5b0fa12a-3dd7-45bb-9766-cc326314d9f1,41.436903200001325,0.0003069222336817,7.406978079426345e-06,60.0,0.0,10.0,0.0006906019583333,0,0.0001150739405555,0.0008056758988888,Germany,DEU,north rhine-westphalia,,,Windows-10-10.0.26100-SP0,3.11.0,3.0.1,8,Intel(R) Core(TM) i5-8250U CPU @ 1.60GHz,,,7.2005,51.6104,7.873264312744141,machine,N,1.0
2025-07-16T00:55:23,ollama-chatbot,f3b6e64f-9479-49e2-9e6e-26f01f948dcb,5b0fa12a-3dd7-45bb-9766-cc326314d9f1,51.59433839999838,0.0003821596829156,7.407008109161493e-06,60.0,0.0,10.0,0.0008598878066666,0,0.0001432876308333,0.0010031754374999,Germany,DEU,north rhine-westphalia,,,Windows-10-10.0.26100-SP0,3.11.0,3.0.1,8,Intel(R) Core(TM) i5-8250U CPU @ 1.60GHz,,,7.2005,51.6104,7.873264312744141,machine,N,1.0
2025-07-16T00:56:16,ollama-chatbot,3c5c9eea-67d2-4a04-905f-936574491e38,5b0fa12a-3dd7-45bb-9766-cc326314d9f1,46.77272679999987,0.0003464377495653,7.406832427083261e-06,60.0,0.0,10.0,0.0007795276133333,0,0.0001298771630555,0.0009094047763888,Germany,DEU,north rhine-westphalia,,,Windows-10-10.0.26100-SP0,3.11.0,3.0.1,8,Intel(R) Core(TM) i5-8250U CPU @ 1.60GHz,,,7.2005,51.6104,7.873264312744141,machine,N,1.0
2025-07-16T14:59:21,ollama-chatbot,a92639f7-312e-46fa-84cb-a050c8d5d474,5b0fa12a-3dd7-45bb-9766-cc326314d9f1,4.072565399999803,3.0159805256650155e-05,7.405603666094991e-06,60.0,0.0,10.0,6.786812666665962e-05,0,1.1301856944444608e-05,7.916998361110423e-05,Germany,DEU,north rhine-westphalia,,,Windows-10-10.0.26100-SP0,3.11.0,3.0.1,8,Intel(R) Core(TM) i5-8250U CPU @ 1.60GHz,,,7.2005,51.6104,7.873264312744141,machine,N,1.0
2025-07-16T14:59:31,ollama-chatbot,732b9292-a02c-4d09-8dca-69ee6b11df8b,5b0fa12a-3dd7-45bb-9766-cc326314d9f1,4.065781299999799,3.011058313042921e-05,7.405854104949201e-06,60.0,0.0,10.0,6.775682666666399e-05,0,1.12839480555547e-05,7.904077472221868e-05,Germany,DEU,north rhine-westphalia,,,Windows-10-10.0.26100-SP0,3.11.0,3.0.1,8,Intel(R) Core(TM) i5-8250U CPU @ 1.60GHz,,,7.2005,51.6104,7.873264312744141,machine,N,1.0
2025-07-16T15:01:12,ollama-chatbot,adbd2aaf-c90d-425e-8231-393b2dcd03ab,5b0fa12a-3dd7-45bb-9766-cc326314d9f1,68.04873379999935,0.0005040153099904,7.406681680099711e-06,60.0,0.0,10.0,0.0011341061866666,0,0.0001889422711111,0.0013230484577777,Germany,DEU,north rhine-westphalia,,,Windows-10-10.0.26100-SP0,3.11.0,3.0.1,8,Intel(R) Core(TM) i5-8250U CPU @ 1.60GHz,,,7.2005,51.6104,7.873264312744141,machine,N,1.0
2025-07-16T15:03:07,ollama-chatbot,6b05c281-234e-4401-80fd-daed50983a1e,5b0fa12a-3dd7-45bb-9766-cc326314d9f1,108.20789439999952,0.0008014165180995,7.406266636490352e-06,60.0,0.0,10.0,0.00180332928,0,0.0003004022283333,0.0021037315083333,Germany,DEU,north rhine-westphalia,,,Windows-10-10.0.26100-SP0,3.11.0,3.0.1,8,Intel(R) Core(TM) i5-8250U CPU @ 1.60GHz,,,7.2005,51.6104,7.873264312744141,machine,N,1.0
2025-07-16T15:04:28,ollama-chatbot,03b1b97b-c026-43a5-b581-ac2a9ffed9b0,5b0fa12a-3dd7-45bb-9766-cc326314d9f1,73.69460580000032,0.0005458406953526,7.406793067514298e-06,60.0,0.0,10.0,0.0012282075133333,0,0.0002046332672222,0.0014328407805555,Germany,DEU,north rhine-westphalia,,,Windows-10-10.0.26100-SP0,3.11.0,3.0.1,8,Intel(R) Core(TM) i5-8250U CPU @ 1.60GHz,,,7.2005,51.6104,7.873264312744141,machine,N,1.0
2025-07-16T15:05:42,ollama-chatbot,48a29f25-8c2e-4fba-b88c-ca307a8c71c2,5b0fa12a-3dd7-45bb-9766-cc326314d9f1,67.6114293999999,0.0005007447728652,7.406214856112648e-06,60.0,0.0,10.0,0.0011267706583333,0,0.0001876925858333,0.0013144632441666,Germany,DEU,north rhine-westphalia,,,Windows-10-10.0.26100-SP0,3.11.0,3.0.1,8,Intel(R) Core(TM) i5-8250U CPU @ 1.60GHz,,,7.2005,51.6104,7.873264312744141,machine,N,1.0
2025-07-16T15:07:15,ollama-chatbot,d4b58aab-84f0-4d3c-9113-5c3e8f3bf9c1,5b0fa12a-3dd7-45bb-9766-cc326314d9f1,85.49148479999894,0.0006331980044983,7.406562255640453e-06,60.0,0.0,10.0,0.0014247919233333,0,0.0002373632269444,0.0016621551502778,Germany,DEU,north rhine-westphalia,,,Windows-10-10.0.26100-SP0,3.11.0,3.0.1,8,Intel(R) Core(TM) i5-8250U CPU @ 1.60GHz,,,7.2005,51.6104,7.873264312744141,machine,N,1.0
2025-07-16T15:08:36,ollama-chatbot,94cec30f-80f5-4acd-a1c3-19b86695657b,5b0fa12a-3dd7-45bb-9766-cc326314d9f1,74.81306620000032,0.000554122975969,7.406767348469109e-06,60.0,0.0,10.0,0.001246847415,0,0.0002077344880555,0.0014545819030555,Germany,DEU,north rhine-westphalia,,,Windows-10-10.0.26100-SP0,3.11.0,3.0.1,8,Intel(R) Core(TM) i5-8250U CPU @ 1.60GHz,,,7.2005,51.6104,7.873264312744141,machine,N,1.0
2025-07-16T15:09:50,ollama-chatbot,ee1dd21f-2e87-463d-b725-56b033ff7f87,5b0fa12a-3dd7-45bb-9766-cc326314d9f1,67.64024359999894,0.0005009939282392,7.406743405626459e-06,60.0,0.0,10.0,0.0011273013333332,0,0.0001878159477777,0.001315117281111,Germany,DEU,north rhine-westphalia,,,Windows-10-10.0.26100-SP0,3.11.0,3.0.1,8,Intel(R) Core(TM) i5-8250U CPU @ 1.60GHz,,,7.2005,51.6104,7.873264312744141,machine,N,1.0
2025-07-16T15:11:31,ollama-chatbot,6c6eefd7-fa82-42d7-addf-5bca15a0fa77,5b0fa12a-3dd7-45bb-9766-cc326314d9f1,94.30224649999946,0.0006984746519664,7.406765775897631e-06,60.0,0.0,10.0,0.0015716525383333,0,0.0002618548824999,0.0018335074208333,Germany,DEU,north rhine-westphalia,,,Windows-10-10.0.26100-SP0,3.11.0,3.0.1,8,Intel(R) Core(TM) i5-8250U CPU @ 1.60GHz,,,7.2005,51.6104,7.873264312744141,machine,N,1.0
2025-07-16T15:12:55,ollama-chatbot,e047af06-e881-4662-a25f-3c1b0b172e04,5b0fa12a-3dd7-45bb-9766-cc326314d9f1,77.49103289999948,0.0005739535408102,7.406709129183256e-06,60.0,0.0,10.0,0.0012914704866666,0,0.0002151669744444,0.001506637461111,Germany,DEU,north rhine-westphalia,,,Windows-10-10.0.26100-SP0,3.11.0,3.0.1,8,Intel(R) Core(TM) i5-8250U CPU @ 1.60GHz,,,7.2005,51.6104,7.873264312744141,machine,N,1.0
2025-07-16T15:13:50,ollama-chatbot,6c2c832f-bcba-405b-8939-fa22c89dddb6,5b0fa12a-3dd7-45bb-9766-cc326314d9f1,49.6580298000008,0.0003678045294612,7.406748333404101e-06,60.0,0.0,10.0,0.0008276082699999,0,0.0001378846541666,0.0009654929241666,Germany,DEU,north rhine-westphalia,,,Windows-10-10.0.26100-SP0,3.11.0,3.0.1,8,Intel(R) Core(TM) i5-8250U CPU @ 1.60GHz,,,7.2005,51.6104,7.873264312744141,machine,N,1.0
2025-07-16T15:14:45,ollama-chatbot,3031143e-e140-4de7-8679-b6ecb11751a4,5b0fa12a-3dd7-45bb-9766-cc326314d9f1,48.76671509999869,0.0003612054070023,7.406802083381862e-06,60.0,0.0,10.0,0.000812757555,0,0.0001354125644444,0.0009481701194444,Germany,DEU,north rhine-westphalia,,,Windows-10-10.0.26100-SP0,3.11.0,3.0.1,8,Intel(R) Core(TM) i5-8250U CPU @ 1.60GHz,,,7.2005,51.6104,7.873264312744141,machine,N,1.0
2025-07-16T15:15:33,ollama-chatbot,4d1d5ed3-5a82-4a7c-8102-e0b035b47551,5b0fa12a-3dd7-45bb-9766-cc326314d9f1,41.12240599999859,0.0003045928117327,7.406979341937491e-06,60.0,0.0,10.0,0.0006853606733333,0,0.0001142004547222,0.0007995611280555,Germany,DEU,north rhine-westphalia,,,Windows-10-10.0.26100-SP0,3.11.0,3.0.1,8,Intel(R) Core(TM) i5-8250U CPU @ 1.60GHz,,,7.2005,51.6104,7.873264312744141,machine,N,1.0
2025-07-16T15:16:34,ollama-chatbot,10554dda-60e9-451a-9161-f82d3f06ecda,5b0fa12a-3dd7-45bb-9766-cc326314d9f1,55.62170519999927,0.0004119884536275,7.406972730269901e-06,60.0,0.0,10.0,0.0009270106033333,0,0.0001544658466666,0.00108147645,Germany,DEU,north rhine-westphalia,,,Windows-10-10.0.26100-SP0,3.11.0,3.0.1,8,Intel(R) Core(TM) i5-8250U CPU @ 1.60GHz,,,7.2005,51.6104,7.873264312744141,machine,N,1.0
2025-07-16T15:17:47,ollama-chatbot,74fd3d2d-2b29-4f98-8b39-24cb75adac51,5b0fa12a-3dd7-45bb-9766-cc326314d9f1,55.89225070000066,2.583250144967525e-06,4.621839544148997e-08,60.0,0.0,10.0,0.0009314850566666,0,0.0001551840855555,0.0010866691422222,Canada,CAN,quebec,,,Windows-10-10.0.26100-SP0,3.11.0,3.0.1,8,Intel(R) Core(TM) i5-8250U CPU @ 1.60GHz,,,-71.2,46.8,7.873264312744141,machine,N,1.0
2025-07-16T15:18:29,ollama-chatbot,4f96dcad-16eb-4b25-9c63-303cc389b27b,5b0fa12a-3dd7-45bb-9766-cc326314d9f1,36.20722770000066,0.0002681814226916,7.406847740833993e-06,60.0,0.0,10.0,0.0006034388749999,0,0.0001005417594444,0.0007039806344444,Germany,DEU,north rhine-westphalia,,,Windows-10-10.0.26100-SP0,3.11.0,3.0.1,8,Intel(R) Core(TM) i5-8250U CPU @ 1.60GHz,,,7.2005,51.6104,7.873264312744141,machine,N,1.0
2025-07-16T15:19:24,ollama-chatbot,500bb0c5-6299-4183-959e-86a6aed3c9e2,5b0fa12a-3dd7-45bb-9766-cc326314d9f1,48.85095890000048,0.0003618361960757,7.406941526295547e-06,60.0,0.0,10.0,0.0008141662299999,0,0.0001356597211111,0.000949825951111,Germany,DEU,north rhine-westphalia,,,Windows-10-10.0.26100-SP0,3.11.0,3.0.1,8,Intel(R) Core(TM) i5-8250U CPU @ 1.60GHz,,,7.2005,51.6104,7.873264312744141,machine,N,1.0
2025-07-16T15:20:31,ollama-chatbot,c6da2595-4c54-4206-abe1-dffadf023a8d,5b0fa12a-3dd7-45bb-9766-cc326314d9f1,61.42144019999978,0.0004549455138214,7.4069496309443e-06,60.0,0.0,10.0,0.0010236718466666,0,0.0001705675911111,0.0011942394377778,Germany,DEU,north rhine-westphalia,,,Windows-10-10.0.26100-SP0,3.11.0,3.0.1,8,Intel(R) Core(TM) i5-8250U CPU @ 1.60GHz,,,7.2005,51.6104,7.873264312744141,machine,N,1.0
2025-07-16T15:21:24,ollama-chatbot,fa770aa8-deca-402c-b170-0cb48b3b58fa,5b0fa12a-3dd7-45bb-9766-cc326314d9f1,46.24163159999989,0.0003425078622754,7.406915595846437e-06,60.0,0.0,10.0,0.0007706766699999,0,0.0001284120877777,0.0008990887577777,Germany,DEU,north rhine-westphalia,,,Windows-10-10.0.26100-SP0,3.11.0,3.0.1,8,Intel(R) Core(TM) i5-8250U CPU @ 1.60GHz,,,7.2005,51.6104,7.873264312744141,machine,N,1.0
2025-07-16T15:22:04,ollama-chatbot,d1a4a80b-5a00-4708-8871-4e4567f5e2f2,5b0fa12a-3dd7-45bb-9766-cc326314d9f1,33.85396049999872,0.0002507515390364,7.406859798175738e-06,60.0,0.0,10.0,0.0005642176833333,0,9.400922055555284e-05,0.0006582269038888,Germany,DEU,north rhine-westphalia,,,Windows-10-10.0.26100-SP0,3.11.0,3.0.1,8,Intel(R) Core(TM) i5-8250U CPU @ 1.60GHz,,,7.2005,51.6104,7.873264312744141,machine,N,1.0
2025-07-16T15:23:02,ollama-chatbot,fc0be6d5-2ace-49e5-b0bb-e3df50fa35df,5b0fa12a-3dd7-45bb-9766-cc326314d9f1,51.54479160000119,0.0003817909371779,7.406974115653754e-06,60.0,0.0,10.0,0.0008590657566666,0,0.0001431417172222,0.0010022074738888,Germany,DEU,north rhine-westphalia,,,Windows-10-10.0.26100-SP0,3.11.0,3.0.1,8,Intel(R) Core(TM) i5-8250U CPU @ 1.60GHz,,,7.2005,51.6104,7.873264312744141,machine,N,1.0
2025-07-16T15:23:55,ollama-chatbot,07b7db92-406e-4e5b-8313-3e3e169b1b55,5b0fa12a-3dd7-45bb-9766-cc326314d9f1,47.02857570000015,0.0003483337290381,7.406852617868246e-06,60.0,0.0,10.0,0.0007837910316666,0,0.0001305907219444,0.0009143817536111,Germany,DEU,north rhine-westphalia,,,Windows-10-10.0.26100-SP0,3.11.0,3.0.1,8,Intel(R) Core(TM) i5-8250U CPU @ 1.60GHz,,,7.2005,51.6104,7.873264312744141,machine,N,1.0
2025-07-16T15:24:45,ollama-chatbot,bc23d098-4075-4043-a081-69435a16f07a,5b0fa12a-3dd7-45bb-9766-cc326314d9f1,43.32171460000063,0.0003208816488686,7.406947112584413e-06,60.0,0.0,10.0,0.0007220136166666,0,0.0001203059761111,0.0008423195927777,Germany,DEU,north rhine-westphalia,,,Windows-10-10.0.26100-SP0,3.11.0,3.0.1,8,Intel(R) Core(TM) i5-8250U CPU @ 1.60GHz,,,7.2005,51.6104,7.873264312744141,machine,N,1.0
2025-07-16T15:25:51,ollama-chatbot,dcd1daef-952d-4d7e-a6da-174b5a66856c,5b0fa12a-3dd7-45bb-9766-cc326314d9f1,60.15650249999999,0.0004455711271207,7.406865569033451e-06,60.0,0.0,10.0,0.0010025863383333,0,0.0001670451805555,0.0011696315188888,Germany,DEU,north rhine-westphalia,,,Windows-10-10.0.26100-SP0,3.11.0,3.0.1,8,Intel(R) Core(TM) i5-8250U CPU @ 1.60GHz,,,7.2005,51.6104,7.873264312744141,machine,N,1.0
2025-07-16T15:26:57,ollama-chatbot,22556490-323d-43a0-af61-07b26f9f01dc,5b0fa12a-3dd7-45bb-9766-cc326314d9f1,57.51754840000103,0.0004260311240613,7.406976408287144e-06,60.0,0.0,10.0,0.00095860732,0,0.0001597313702777,0.0011183386902777,Germany,DEU,north rhine-westphalia,,,Windows-10-10.0.26100-SP0,3.11.0,3.0.1,8,Intel(R) Core(TM) i5-8250U CPU @ 1.60GHz,,,7.2005,51.6104,7.873264312744141,machine,N,1.0
2025-07-16T15:27:56,ollama-chatbot,586ad101-6746-4ec7-b9ec-a8a1a323e39e,5b0fa12a-3dd7-45bb-9766-cc326314d9f1,53.22347149999951,0.000394225339145,7.4069828223255615e-06,60.0,0.0,10.0,0.000887039945,0,0.0001478080380555,0.0010348479830555,Germany,DEU,north rhine-westphalia,,,Windows-10-10.0.26100-SP0,3.11.0,3.0.1,8,Intel(R) Core(TM) i5-8250U CPU @ 1.60GHz,,,7.2005,51.6104,7.873264312744141,machine,N,1.0
2025-07-16T15:28:58,ollama-chatbot,0e8ece64-4953-4a87-8ab3-533e56d8c8cb,5b0fa12a-3dd7-45bb-9766-cc326314d9f1,54.64447540000037,0.0004047515938846,7.406999352117698e-06,60.0,0.0,10.0,0.000910725315,0,0.0001517542594444,0.0010624795744444,Germany,DEU,north rhine-westphalia,,,Windows-10-10.0.26100-SP0,3.11.0,3.0.1,8,Intel(R) Core(TM) i5-8250U CPU @ 1.60GHz,,,7.2005,51.6104,7.873264312744141,machine,N,1.0
2025-07-16T15:30:10,ollama-chatbot,61cf5223-3e7e-4411-87d3-909fd6cfe6cd,5b0fa12a-3dd7-45bb-9766-cc326314d9f1,65.58034090000001,0.000485750593881,7.406954389300447e-06,60.0,0.0,10.0,0.0010929825949999,0,0.0001821206833333,0.0012751032783333,Germany,DEU,north rhine-westphalia,,,Windows-10-10.0.26100-SP0,3.11.0,3.0.1,8,Intel(R) Core(TM) i5-8250U CPU @ 1.60GHz,,,7.2005,51.6104,7.873264312744141,machine,N,1.0
2025-07-16T15:31:05,ollama-chatbot,9198b03c-0450-4cf4-9b1b-90fb70992ad7,5b0fa12a-3dd7-45bb-9766-cc326314d9f1,48.7067586000012,0.000360767225614,7.406923309694565e-06,60.0,0.0,10.0,0.0008117612233332,0,0.0001352586627777,0.000947019886111,Germany,DEU,north rhine-westphalia,,,Windows-10-10.0.26100-SP0,3.11.0,3.0.1,8,Intel(R) Core(TM) i5-8250U CPU @ 1.60GHz,,,7.2005,51.6104,7.873264312744141,machine,N,1.0
2025-07-16T15:32:09,ollama-chatbot,d12e8b05-ee5b-4b31-b266-cb9a9dfaa349,5b0fa12a-3dd7-45bb-9766-cc326314d9f1,58.64786970000023,0.0004344045692931,7.406996562964822e-06,60.0,0.0,10.0,0.0009774460933333,0,0.0001628730280555,0.0011403191213889,Germany,DEU,north rhine-westphalia,,,Windows-10-10.0.26100-SP0,3.11.0,3.0.1,8,Intel(R) Core(TM) i5-8250U CPU @ 1.60GHz,,,7.2005,51.6104,7.873264312744141,machine,N,1.0
2025-07-16T15:33:26,ollama-chatbot,16693444-7faa-4366-9b86-4ec6bc28eeb4,5b0fa12a-3dd7-45bb-9766-cc326314d9f1,70.07753460000094,0.0005190618239915,7.406964684963318e-06,60.0,0.0,10.0,0.0011679366766667,0,0.0001946091272222,0.0013625458038889,Germany,DEU,north rhine-westphalia,,,Windows-10-10.0.26100-SP0,3.11.0,3.0.1,8,Intel(R) Core(TM) i5-8250U CPU @ 1.60GHz,,,7.2005,51.6104,7.873264312744141,machine,N,1.0
2025-07-16T15:34:20,ollama-chatbot,70020c20-3ecb-4706-b501-3b1c75f96054,5b0fa12a-3dd7-45bb-9766-cc326314d9f1,48.00784899999962,0.0003555929501227,7.406975266123061e-06,60.0,0.0,10.0,0.0008001155983333,0,0.0001333217297222,0.0009334373280555,Germany,DEU,north rhine-westphalia,,,Windows-10-10.0.26100-SP0,3.11.0,3.0.1,8,Intel(R) Core(TM) i5-8250U CPU @ 1.60GHz,,,7.2005,51.6104,7.873264312744141,machine,N,1.0
2025-07-16T15:35:20,ollama-chatbot,9fc777a1-d737-42b1-923d-5ee75c0f1d99,5b0fa12a-3dd7-45bb-9766-cc326314d9f1,54.357103299998926,0.0004026193427667,7.406931538362655e-06,60.0,0.0,10.0,0.0009059328099999,0,0.0001509495702777,0.0010568823802777,Germany,DEU,north rhine-westphalia,,,Windows-10-10.0.26100-SP0,3.11.0,3.0.1,8,Intel(R) Core(TM) i5-8250U CPU @ 1.60GHz,,,7.2005,51.6104,7.873264312744141,machine,N,1.0
2025-07-16T15:36:38,ollama-chatbot,cc83e107-6210-483e-aa93-312511338b3c,5b0fa12a-3dd7-45bb-9766-cc326314d9f1,69.36251070000071,0.0005137669874547,7.406983718869012e-06,60.0,0.0,10.0,0.0011560214883333,0,0.0001926252827777,0.0013486467711111,Germany,DEU,north rhine-westphalia,,,Windows-10-10.0.26100-SP0,3.11.0,3.0.1,8,Intel(R) Core(TM) i5-8250U CPU @ 1.60GHz,,,7.2005,51.6104,7.873264312744141,machine,N,1.0
2025-07-16T15:37:35,ollama-chatbot,b835b436-59ac-4b3b-83ba-4064b3ac40b0,5b0fa12a-3dd7-45bb-9766-cc326314d9f1,50.40115689999948,0.0003733174718305,7.406922673844375e-06,60.0,0.0,10.0,0.00084000045,0,0.0001399640383333,0.0009799644883333,Germany,DEU,north rhine-westphalia,,,Windows-10-10.0.26100-SP0,3.11.0,3.0.1,8,Intel(R) Core(TM) i5-8250U CPU @ 1.60GHz,,,7.2005,51.6104,7.873264312744141,machine,N,1.0
2025-07-16T15:38:44,ollama-chatbot,063e1c97-a728-4ffb-85ab-af71f250ec2d,5b0fa12a-3dd7-45bb-9766-cc326314d9f1,63.165685800000574,0.0004678652249246,7.406952350774562e-06,60.0,0.0,10.0,0.0010527405033333,0,0.0001754133880555,0.0012281538913889,Germany,DEU,north rhine-westphalia,,,Windows-10-10.0.26100-SP0,3.11.0,3.0.1,8,Intel(R) Core(TM) i5-8250U CPU @ 1.60GHz,,,7.2005,51.6104,7.873264312744141,machine,N,1.0
2025-07-16T15:40:05,ollama-chatbot,440527d3-3c80-4574-bedb-4f34489f10ef,5b0fa12a-3dd7-45bb-9766-cc326314d9f1,75.24733000000015,0.0005573511586498,7.406922726027384e-06,60.0,0.0,10.0,0.0012540947566666,0,0.0002089611788888,0.0014630559355555,Germany,DEU,north rhine-westphalia,,,Windows-10-10.0.26100-SP0,3.11.0,3.0.1,8,Intel(R) Core(TM) i5-8250U CPU @ 1.60GHz,,,7.2005,51.6104,7.873264312744141,machine,N,1.0
2025-07-16T15:41:20,ollama-chatbot,fa7045e5-8dcb-462d-bc19-7b0d68607569,5b0fa12a-3dd7-45bb-9766-cc326314d9f1,68.55356329999995,0.0005077704238753,7.406915110353399e-06,60.0,0.0,10.0,0.001142534805,0,0.0001903708883333,0.0013329056933333,Germany,DEU,north rhine-westphalia,,,Windows-10-10.0.26100-SP0,3.11.0,3.0.1,8,Intel(R) Core(TM) i5-8250U CPU @ 1.60GHz,,,7.2005,51.6104,7.873264312744141,machine,N,1.0
2025-07-16T15:42:35,ollama-chatbot,620ec0c8-2d31-4983-9040-8208bdbcd8f6,5b0fa12a-3dd7-45bb-9766-cc326314d9f1,67.83863399999973,0.0005024709833462,7.406855853645982e-06,60.0,0.0,10.0,0.0011306163916666,0,0.0001883781833333,0.0013189945749999,Germany,DEU,north rhine-westphalia,,,Windows-10-10.0.26100-SP0,3.11.0,3.0.1,8,Intel(R) Core(TM) i5-8250U CPU @ 1.60GHz,,,7.2005,51.6104,7.873264312744141,machine,N,1.0
2025-07-16T15:43:41,ollama-chatbot,45eea077-0bb2-470b-928f-e3102fd87a3c,5b0fa12a-3dd7-45bb-9766-cc326314d9f1,60.00809330000084,0.0004444748764061,7.4069155002827795e-06,60.0,0.0,10.0,0.0010001100533333,0,0.0001666437894444,0.0011667538427777,Germany,DEU,north rhine-westphalia,,,Windows-10-10.0.26100-SP0,3.11.0,3.0.1,8,Intel(R) Core(TM) i5-8250U CPU @ 1.60GHz,,,7.2005,51.6104,7.873264312744141,machine,N,1.0
2025-07-16T15:44:44,ollama-chatbot,ed784573-a8b2-4ade-a75f-f0efb9fb21a9,5b0fa12a-3dd7-45bb-9766-cc326314d9f1,57.35404139999992,0.0004248206708859,7.4069875551256e-06,60.0,0.0,10.0,0.000955885095,0,0.0001592761358333,0.0011151612308333,Germany,DEU,north rhine-westphalia,,,Windows-10-10.0.26100-SP0,3.11.0,3.0.1,8,Intel(R) Core(TM) i5-8250U CPU @ 1.60GHz,,,7.2005,51.6104,7.873264312744141,machine,N,1.0
2025-07-16T15:45:55,ollama-chatbot,f1ea2fcd-99e5-4d0b-8f5b-bc2a4a03a9b2,5b0fa12a-3dd7-45bb-9766-cc326314d9f1,64.22538290000011,0.0004757164488699,7.406985017289714e-06,60.0,0.0,10.0,0.0010704033066666,0,0.0001783601763888,0.0012487634830555,Germany,DEU,north rhine-westphalia,,,Windows-10-10.0.26100-SP0,3.11.0,3.0.1,8,Intel(R) Core(TM) i5-8250U CPU @ 1.60GHz,,,7.2005,51.6104,7.873264312744141,machine,N,1.0
2025-07-16T15:46:57,ollama-chatbot,ae9f2fd7-5942-481b-8caf-8d6bfce73205,5b0fa12a-3dd7-45bb-9766-cc326314d9f1,55.9207478999997,0.0004142052502486,7.407004838156839e-06,60.0,0.0,10.0,0.0009319955916667,0,0.0001552999858333,0.0010872955775,Germany,DEU,north rhine-westphalia,,,Windows-10-10.0.26100-SP0,3.11.0,3.0.1,8,Intel(R) Core(TM) i5-8250U CPU @ 1.60GHz,,,7.2005,51.6104,7.873264312744141,machine,N,1.0
2025-07-16T15:48:12,ollama-chatbot,c332b21c-fd69-4dee-ae73-b3ddea6c40d0,5b0fa12a-3dd7-45bb-9766-cc326314d9f1,68.34806229999958,0.000506245819965,7.406878892088513e-06,60.0,0.0,10.0,0.0011391044733333,0,0.0001897991097222,0.0013289035830555,Germany,DEU,north rhine-westphalia,,,Windows-10-10.0.26100-SP0,3.11.0,3.0.1,8,Intel(R) Core(TM) i5-8250U CPU @ 1.60GHz,,,7.2005,51.6104,7.873264312744141,machine,N,1.0
2025-07-16T15:49:03,ollama-chatbot,34cf0404-6998-4394-a58c-87530d04d94e,5b0fa12a-3dd7-45bb-9766-cc326314d9f1,43.71603330000107,0.0003238050241424,7.40700836053338e-06,60.0,0.0,10.0,0.0007285885383333,0,0.0001214049625,0.0008499935008333,Germany,DEU,north rhine-westphalia,,,Windows-10-10.0.26100-SP0,3.11.0,3.0.1,8,Intel(R) Core(TM) i5-8250U CPU @ 1.60GHz,,,7.2005,51.6104,7.873264312744141,machine,N,1.0
2025-07-16T15:50:10,ollama-chatbot,3eacd0b2-f877-4be3-8ef0-cedc76ac2862,5b0fa12a-3dd7-45bb-9766-cc326314d9f1,60.84276010000031,0.0004506607359454,7.406973898039864e-06,60.0,0.0,10.0,0.0010140281416667,0,0.0001689636838888,0.0011829918255555,Germany,DEU,north rhine-westphalia,,,Windows-10-10.0.26100-SP0,3.11.0,3.0.1,8,Intel(R) Core(TM) i5-8250U CPU @ 1.60GHz,,,7.2005,51.6104,7.873264312744141,machine,N,1.0
2025-07-16T15:51:15,ollama-chatbot,5bd0bfba-8919-49f9-b6f9-275ed8bda4ed,5b0fa12a-3dd7-45bb-9766-cc326314d9f1,57.78290630000083,0.0004279973058466,7.406988212475491e-06,60.0,0.0,10.0,0.0009630300266666,0,0.0001604699230555,0.0011234999497222,Germany,DEU,north rhine-westphalia,,,Windows-10-10.0.26100-SP0,3.11.0,3.0.1,8,Intel(R) Core(TM) i5-8250U CPU @ 1.60GHz,,,7.2005,51.6104,7.873264312744141,machine,N,1.0
2025-07-16T15:52:13,ollama-chatbot,d043dee6-aeb9-4c84-b759-cb73cb79e5bb,5b0fa12a-3dd7-45bb-9766-cc326314d9f1,51.93838940000023,0.0003847075267798,7.4069976220682e-06,60.0,0.0,10.0,0.0008656234449999,0,0.0001442401244444,0.0010098635694444,Germany,DEU,north rhine-westphalia,,,Windows-10-10.0.26100-SP0,3.11.0,3.0.1,8,Intel(R) Core(TM) i5-8250U CPU @ 1.60GHz,,,7.2005,51.6104,7.873264312744141,machine,N,1.0
2025-07-16T15:53:09,ollama-chatbot,0f140673-9730-42f3-97f7-4805ec9c587a,5b0fa12a-3dd7-45bb-9766-cc326314d9f1,50.6332407000009,0.0003750350759103,7.406894576082494e-06,60.0,0.0,10.0,0.000843867165,0,0.0001406060622222,0.0009844732272222,Germany,DEU,north rhine-westphalia,,,Windows-10-10.0.26100-SP0,3.11.0,3.0.1,8,Intel(R) Core(TM) i5-8250U CPU @ 1.60GHz,,,7.2005,51.6104,7.873264312744141,machine,N,1.0
2025-07-16T15:54:19,ollama-chatbot,75bc5a0c-e000-4194-ab6d-5a88efe732b3,5b0fa12a-3dd7-45bb-9766-cc326314d9f1,63.78282549999858,0.000472432019874,7.406884473533063e-06,60.0,0.0,10.0,0.0010630209199999,0,0.0001771208830555,0.0012401418030555,Germany,DEU,north rhine-westphalia,,,Windows-10-10.0.26100-SP0,3.11.0,3.0.1,8,Intel(R) Core(TM) i5-8250U CPU @ 1.60GHz,,,7.2005,51.6104,7.873264312744141,machine,N,1.0
2025-07-16T15:55:12,ollama-chatbot,98b5ca43-ea11-4cf3-ba97-a4c463f991f3,5b0fa12a-3dd7-45bb-9766-cc326314d9f1,47.16705419999926,0.0003493599261164,7.406863371943127e-06,60.0,0.0,10.0,0.0007860962233333,0,0.0001309793144444,0.0009170755377777,Germany,DEU,north rhine-westphalia,,,Windows-10-10.0.26100-SP0,3.11.0,3.0.1,8,Intel(R) Core(TM) i5-8250U CPU @ 1.60GHz,,,7.2005,51.6104,7.873264312744141,machine,N,1.0
2025-07-16T15:56:14,ollama-chatbot,765e5218-3b23-4543-90bc-862e21c6f134,5b0fa12a-3dd7-45bb-9766-cc326314d9f1,53.3001820999998,0.0003947921298882,7.406956493085913e-06,60.0,0.0,10.0,0.0008883167216666,0,0.0001480190963888,0.0010363358180555,Germany,DEU,north rhine-westphalia,,,Windows-10-10.0.26100-SP0,3.11.0,3.0.1,8,Intel(R) Core(TM) i5-8250U CPU @ 1.60GHz,,,7.2005,51.6104,7.873264312744141,machine,N,1.0
2025-07-16T15:57:17,ollama-chatbot,db08a3d6-1360-4d7e-bc5b-6165d55224cf,5b0fa12a-3dd7-45bb-9766-cc326314d9f1,57.04442469999958,0.0004225290660551,7.407017745857572e-06,60.0,0.0,10.0,0.0009507251899999,0,0.0001584205405555,0.0011091457305555,Germany,DEU,north rhine-westphalia,,,Windows-10-10.0.26100-SP0,3.11.0,3.0.1,8,Intel(R) Core(TM) i5-8250U CPU @ 1.60GHz,,,7.2005,51.6104,7.873264312744141,machine,N,1.0
2025-07-16T15:57:32,ollama-chatbot,08157c8f-25a6-48b2-b6c1-ad52ae404723,5b0fa12a-3dd7-45bb-9766-cc326314d9f1,8.718751799999154,6.457897077043851e-05,7.406905512603855e-06,60.0,0.0,10.0,0.0001453080983333,0,2.421275944444561e-05,0.0001695208577777,Germany,DEU,north rhine-westphalia,,,Windows-10-10.0.26100-SP0,3.11.0,3.0.1,8,Intel(R) Core(TM) i5-8250U CPU @ 1.60GHz,,,7.2005,51.6104,7.873264312744141,machine,N,1.0
2025-07-16T15:58:32,ollama-chatbot,7b3ed043-32f7-44e1-83e2-235ab0bb470f,5b0fa12a-3dd7-45bb-9766-cc326314d9f1,54.92001430000164,0.0004067916035683,7.406982841377835e-06,60.0,0.0,10.0,0.0009153167316666,0,0.0001525179016666,0.0010678346333333,Germany,DEU,north rhine-westphalia,,,Windows-10-10.0.26100-SP0,3.11.0,3.0.1,8,Intel(R) Core(TM) i5-8250U CPU @ 1.60GHz,,,7.2005,51.6104,7.873264312744141,machine,N,1.0
2025-07-16T15:59:48,ollama-chatbot,f25d7944-c5ad-4065-9783-24c40cd5d88e,5b0fa12a-3dd7-45bb-9766-cc326314d9f1,69.44721279999976,0.0005143823651959,7.406810791345998e-06,60.0,0.0,10.0,0.0011574175733333,0,0.0001928445744444,0.0013502621477777,Germany,DEU,north rhine-westphalia,,,Windows-10-10.0.26100-SP0,3.11.0,3.0.1,8,Intel(R) Core(TM) i5-8250U CPU @ 1.60GHz,,,7.2005,51.6104,7.873264312744141,machine,N,1.0
2025-07-16T16:00:56,ollama-chatbot,20b52ee1-6ddb-4bd1-9244-751b3c5e7397,5b0fa12a-3dd7-45bb-9766-cc326314d9f1,62.051412799999525,0.0004596067058528,7.406869321963945e-06,60.0,0.0,10.0,0.00103416358,0,0.0001723115633333,0.0012064751433333,Germany,DEU,north rhine-westphalia,,,Windows-10-10.0.26100-SP0,3.11.0,3.0.1,8,Intel(R) Core(TM) i5-8250U CPU @ 1.60GHz,,,7.2005,51.6104,7.873264312744141,machine,N,1.0
2025-07-16T16:02:08,ollama-chatbot,411173a6-bf1e-4978-9ee1-99a1303918b9,5b0fa12a-3dd7-45bb-9766-cc326314d9f1,65.80737709999994,0.0004874316833742,7.406945920873435e-06,60.0,0.0,10.0,0.0010967655116667,0,0.0001827506541666,0.0012795161658333,Germany,DEU,north rhine-westphalia,,,Windows-10-10.0.26100-SP0,3.11.0,3.0.1,8,Intel(R) Core(TM) i5-8250U CPU @ 1.60GHz,,,7.2005,51.6104,7.873264312744141,machine,N,1.0
2025-07-16T16:03:05,ollama-chatbot,facf37b3-f611-48d1-89c5-9a0b7ead5221,5b0fa12a-3dd7-45bb-9766-cc326314d9f1,50.60384840000006,0.0003748198232873,7.406943051536671e-06,60.0,0.0,10.0,0.0008433786466666,0,0.0001405295388888,0.0009839081855555,Germany,DEU,north rhine-westphalia,,,Windows-10-10.0.26100-SP0,3.11.0,3.0.1,8,Intel(R) Core(TM) i5-8250U CPU @ 1.60GHz,,,7.2005,51.6104,7.873264312744141,machine,N,1.0
2025-07-16T16:03:51,ollama-chatbot,bf96d49c-2e29-43ac-a5a3-0cf6a8fece2d,5b0fa12a-3dd7-45bb-9766-cc326314d9f1,40.33606469999904,0.0002987687595618,7.406988306469498e-06,60.0,0.0,10.0,0.0006722540833333,0,0.0001120188122222,0.0007842728955555,Germany,DEU,north rhine-westphalia,,,Windows-10-10.0.26100-SP0,3.11.0,3.0.1,8,Intel(R) Core(TM) i5-8250U CPU @ 1.60GHz,,,7.2005,51.6104,7.873264312744141,machine,N,1.0
2025-07-16T16:04:41,ollama-chatbot,cdc560cf-cfdc-4b95-8031-5b31270bfcb2,5b0fa12a-3dd7-45bb-9766-cc326314d9f1,43.78044080000109,0.0003242798314394,7.406956748581502e-06,60.0,0.0,10.0,0.0007296596366666,0,0.0001215802411111,0.0008512398777777,Germany,DEU,north rhine-westphalia,,,Windows-10-10.0.26100-SP0,3.11.0,3.0.1,8,Intel(R) Core(TM) i5-8250U CPU @ 1.60GHz,,,7.2005,51.6104,7.873264312744141,machine,N,1.0
2025-07-16T16:05:46,ollama-chatbot,e5b72531-8c24-4208-94b2-804290d44340,5b0fa12a-3dd7-45bb-9766-cc326314d9f1,59.00731900000028,0.000437069303432,7.407035446434095e-06,60.0,0.0,10.0,0.0009834385833333,0,0.0001638755088888,0.0011473140922221,Germany,DEU,north rhine-westphalia,,,Windows-10-10.0.26100-SP0,3.11.0,3.0.1,8,Intel(R) Core(TM) i5-8250U CPU @ 1.60GHz,,,7.2005,51.6104,7.873264312744141,machine,N,1.0
2025-07-16T16:06:55,ollama-chatbot,00ddab1c-36fe-45a7-910b-438d708a8098,5b0fa12a-3dd7-45bb-9766-cc326314d9f1,62.04697599999963,0.0004595774957708,7.406928192130617e-06,60.0,0.0,10.0,0.0010340960033333,0,0.0001723024630555,0.0012063984663888,Germany,DEU,north rhine-westphalia,,,Windows-10-10.0.26100-SP0,3.11.0,3.0.1,8,Intel(R) Core(TM) i5-8250U CPU @ 1.60GHz,,,7.2005,51.6104,7.873264312744141,machine,N,1.0
2025-07-16T16:08:04,ollama-chatbot,d2254505-e9c4-4673-b578-0adf066b9781,5b0fa12a-3dd7-45bb-9766-cc326314d9f1,62.9437410999999,0.0004662201979573,7.406934983681742e-06,60.0,0.0,10.0,0.0010490409533333,0,0.0001747947152777,0.001223835668611,Germany,DEU,north rhine-westphalia,,,Windows-10-10.0.26100-SP0,3.11.0,3.0.1,8,Intel(R) Core(TM) i5-8250U CPU @ 1.60GHz,,,7.2005,51.6104,7.873264312744141,machine,N,1.0
2025-07-16T16:09:23,ollama-chatbot,38cc2ba2-4bf1-43a3-ad62-b18af36c5462,5b0fa12a-3dd7-45bb-9766-cc326314d9f1,71.36456469999939,0.0005285966492661,7.406990450908646e-06,60.0,0.0,10.0,0.0011893858049999,0,0.0001981890716666,0.0013875748766666,Germany,DEU,north rhine-westphalia,,,Windows-10-10.0.26100-SP0,3.11.0,3.0.1,8,Intel(R) Core(TM) i5-8250U CPU @ 1.60GHz,,,7.2005,51.6104,7.873264312744141,machine,N,1.0
2025-07-16T16:10:28,ollama-chatbot,eb4b9049-4614-4b2f-b7d5-d8bd35eb9975,5b0fa12a-3dd7-45bb-9766-cc326314d9f1,58.41491590000078,0.000432678269183,7.40698266045204e-06,60.0,0.0,10.0,0.00097356266,0,0.0001622248952777,0.0011357875552777,Germany,DEU,north rhine-westphalia,,,Windows-10-10.0.26100-SP0,3.11.0,3.0.1,8,Intel(R) Core(TM) i5-8250U CPU @ 1.60GHz,,,7.2005,51.6104,7.873264312744141,machine,N,1.0
2025-07-16T16:11:35,ollama-chatbot,75d4c5b0-7d19-4fea-bed5-6f3aa8deba68,5b0fa12a-3dd7-45bb-9766-cc326314d9f1,59.8416885000006,0.0004432502579225,7.407047979980508e-06,60.0,0.0,10.0,0.0009973439633333,0,0.0001661952358333,0.0011635391991666,Germany,DEU,north rhine-westphalia,,,Windows-10-10.0.26100-SP0,3.11.0,3.0.1,8,Intel(R) Core(TM) i5-8250U CPU @ 1.60GHz,,,7.2005,51.6104,7.873264312744141,machine,N,1.0
2025-07-16T16:12:37,ollama-chatbot,8743a817-55a1-4b27-833d-796af9104ca4,5b0fa12a-3dd7-45bb-9766-cc326314d9f1,56.24380250000104,0.0004165986068244,7.407013542948815e-06,60.0,0.0,10.0,0.0009373808916666,0,0.0001561972861111,0.0010935781777777,Germany,DEU,north rhine-westphalia,,,Windows-10-10.0.26100-SP0,3.11.0,3.0.1,8,Intel(R) Core(TM) i5-8250U CPU @ 1.60GHz,,,7.2005,51.6104,7.873264312744141,machine,N,1.0
2025-07-16T16:13:29,ollama-chatbot,a48027bc-71da-4dce-b7c6-dc8b48fe99c7,5b0fa12a-3dd7-45bb-9766-cc326314d9f1,45.95378869999877,0.0003403767214152,7.406934902306639e-06,60.0,0.0,10.0,0.0007658793983332,0,0.0001276150797222,0.0008934944780555,Germany,DEU,north rhine-westphalia,,,Windows-10-10.0.26100-SP0,3.11.0,3.0.1,8,Intel(R) Core(TM) i5-8250U CPU @ 1.60GHz,,,7.2005,51.6104,7.873264312744141,machine,N,1.0
2025-07-16T16:14:26,ollama-chatbot,64d309e2-56cc-4503-bc95-2318a7ba601b,5b0fa12a-3dd7-45bb-9766-cc326314d9f1,50.41519599999992,0.0003734217590094,7.406928637339174e-06,60.0,0.0,10.0,0.0008402351583333,0,0.0001400030855555,0.0009802382438888,Germany,DEU,north rhine-westphalia,,,Windows-10-10.0.26100-SP0,3.11.0,3.0.1,8,Intel(R) Core(TM) i5-8250U CPU @ 1.60GHz,,,7.2005,51.6104,7.873264312744141,machine,N,1.0
2025-07-16T16:15:43,ollama-chatbot,c891d80e-68f5-45d3-b309-5cbabd666e70,5b0fa12a-3dd7-45bb-9766-cc326314d9f1,71.15879499999937,0.0005270738234399,7.407008837628211e-06,60.0,0.0,10.0,0.0011859587516666,0,0.0001976186822222,0.0013835774338888,Germany,DEU,north rhine-westphalia,,,Windows-10-10.0.26100-SP0,3.11.0,3.0.1,8,Intel(R) Core(TM) i5-8250U CPU @ 1.60GHz,,,7.2005,51.6104,7.873264312744141,machine,N,1.0
2025-07-16T16:16:53,ollama-chatbot,de87ed83-6e52-4e86-bb7a-cea0f5d1b8f7,5b0fa12a-3dd7-45bb-9766-cc326314d9f1,63.472577999998975,0.0004701364997237,7.406923029402754e-06,60.0,0.0,10.0,0.00105785234,0,0.0001762636849999,0.001234116025,Germany,DEU,north rhine-westphalia,,,Windows-10-10.0.26100-SP0,3.11.0,3.0.1,8,Intel(R) Core(TM) i5-8250U CPU @ 1.60GHz,,,7.2005,51.6104,7.873264312744141,machine,N,1.0
2025-07-16T16:17:59,ollama-chatbot,56edbad2-64b8-4e9b-a3b4-516cffe7ffdf,5b0fa12a-3dd7-45bb-9766-cc326314d9f1,60.75494330000038,0.0004500018721268,7.406835521263676e-06,60.0,0.0,10.0,0.00101255195,0,0.0001687103472222,0.0011812622972222,Germany,DEU,north rhine-westphalia,,,Windows-10-10.0.26100-SP0,3.11.0,3.0.1,8,Intel(R) Core(TM) i5-8250U CPU @ 1.60GHz,,,7.2005,51.6104,7.873264312744141,machine,N,1.0
2025-07-16T16:18:59,ollama-chatbot,440391e0-458f-4873-b86e-fbd3de799c50,5b0fa12a-3dd7-45bb-9766-cc326314d9f1,53.47299449999991,0.0003960726947947,7.40696679694501e-06,60.0,0.0,10.0,0.0008911986549999,0,0.0001484986669444,0.0010396973219444,Germany,DEU,north rhine-westphalia,,,Windows-10-10.0.26100-SP0,3.11.0,3.0.1,8,Intel(R) Core(TM) i5-8250U CPU @ 1.60GHz,,,7.2005,51.6104,7.873264312744141,machine,N,1.0
2025-07-16T16:19:56,ollama-chatbot,f026bcff-8f52-4dff-b1a7-d3cdb2cc88f7,5b0fa12a-3dd7-45bb-9766-cc326314d9f1,50.77265620000071,0.0003760689959032,7.406919866903979e-06,60.0,0.0,10.0,0.0008461909699999,0,0.0001409963141666,0.0009871872841666,Germany,DEU,north rhine-westphalia,,,Windows-10-10.0.26100-SP0,3.11.0,3.0.1,8,Intel(R) Core(TM) i5-8250U CPU @ 1.60GHz,,,7.2005,51.6104,7.873264312744141,machine,N,1.0
2025-07-16T16:20:27,ollama-chatbot,346a0988-ee35-4281-8ac1-1770184ff311,5b0fa12a-3dd7-45bb-9766-cc326314d9f1,24.78619119999894,0.0001835898962596,7.406942631011461e-06,60.0,0.0,10.0,0.0004130935083333,0,6.883298138888374e-05,0.0004819264897222,Germany,DEU,north rhine-westphalia,,,Windows-10-10.0.26100-SP0,3.11.0,3.0.1,8,Intel(R) Core(TM) i5-8250U CPU @ 1.60GHz,,,7.2005,51.6104,7.873264312744141,machine,N,1.0
2025-07-16T16:21:26,ollama-chatbot,0430ff9c-f44e-414c-80ee-99c92d1ca525,5b0fa12a-3dd7-45bb-9766-cc326314d9f1,52.916646699999546,0.0003919519204438,7.4069682205297665e-06,60.0,0.0,10.0,0.0008819257599999,0,0.0001469544616666,0.0010288802216666,Germany,DEU,north rhine-westphalia,,,Windows-10-10.0.26100-SP0,3.11.0,3.0.1,8,Intel(R) Core(TM) i5-8250U CPU @ 1.60GHz,,,7.2005,51.6104,7.873264312744141,machine,N,1.0
2025-07-16T16:22:28,ollama-chatbot,3ce3eeb9-ecd3-4c21-9421-7f0884d258ce,5b0fa12a-3dd7-45bb-9766-cc326314d9f1,55.644743499999095,0.0004121600324493,7.406989529016559e-06,60.0,0.0,10.0,0.0009273961733333,0,0.0001545306738888,0.0010819268472222,Germany,DEU,north rhine-westphalia,,,Windows-10-10.0.26100-SP0,3.11.0,3.0.1,8,Intel(R) Core(TM) i5-8250U CPU @ 1.60GHz,,,7.2005,51.6104,7.873264312744141,machine,N,1.0
2025-07-16T16:23:40,ollama-chatbot,c6056e45-201a-4583-aaa9-4c23f11fe3b4,5b0fa12a-3dd7-45bb-9766-cc326314d9f1,64.60836109999946,0.0004785524993985,7.4069747514233885e-06,60.0,0.0,10.0,0.0010767830499999,0,0.0001794251122222,0.0012562081622221,Germany,DEU,north rhine-westphalia,,,Windows-10-10.0.26100-SP0,3.11.0,3.0.1,8,Intel(R) Core(TM) i5-8250U CPU @ 1.60GHz,,,7.2005,51.6104,7.873264312744141,machine,N,1.0
2025-07-16T16:24:48,ollama-chatbot,30947f07-6436-4807-8b3a-f77fccf5a79a,5b0fa12a-3dd7-45bb-9766-cc326314d9f1,61.53245190000053,0.0004557640342082,7.406888887655143e-06,60.0,0.0,10.0,0.0010255140283332,0,0.0001708740388888,0.0011963880672221,Germany,DEU,north rhine-westphalia,,,Windows-10-10.0.26100-SP0,3.11.0,3.0.1,8,Intel(R) Core(TM) i5-8250U CPU @ 1.60GHz,,,7.2005,51.6104,7.873264312744141,machine,N,1.0
2025-07-16T16:25:45,ollama-chatbot,fb5d446f-7761-492c-a69d-085e1b5d5279,5b0fa12a-3dd7-45bb-9766-cc326314d9f1,50.7268082999999,0.0003757270976168,7.406874396567957e-06,60.0,0.0,10.0,0.0008454266399999,0,0.0001408631555555,0.0009862897955555,Germany,DEU,north rhine-westphalia,,,Windows-10-10.0.26100-SP0,3.11.0,3.0.1,8,Intel(R) Core(TM) i5-8250U CPU @ 1.60GHz,,,7.2005,51.6104,7.873264312744141,machine,N,1.0
2025-07-16T16:26:48,ollama-chatbot,65cc9c4c-01ab-4056-b1d3-e58f4aa967b5,5b0fa12a-3dd7-45bb-9766-cc326314d9f1,57.2810341000004,0.0004242831035579,7.407043364776731e-06,60.0,0.0,10.0,0.00095466954,0,0.0001590805677777,0.0011137501077778,Germany,DEU,north rhine-westphalia,,,Windows-10-10.0.26100-SP0,3.11.0,3.0.1,8,Intel(R) Core(TM) i5-8250U CPU @ 1.60GHz,,,7.2005,51.6104,7.873264312744141,machine,N,1.0
2025-07-16T16:27:54,ollama-chatbot,83c1eeb8-48a2-44e6-81ee-5f69a9c8a3f2,5b0fa12a-3dd7-45bb-9766-cc326314d9f1,57.47689840000021,0.0004257305037179,7.406984641989321e-06,60.0,0.0,10.0,0.0009579303083333,0,0.0001596192486111,0.0011175495569444,Germany,DEU,north rhine-westphalia,,,Windows-10-10.0.26100-SP0,3.11.0,3.0.1,8,Intel(R) Core(TM) i5-8250U CPU @ 1.60GHz,,,7.2005,51.6104,7.873264312744141,machine,N,1.0
2025-07-16T16:28:27,ollama-chatbot,ac2a9254-39c1-41ab-9d99-3af103acebda,5b0fa12a-3dd7-45bb-9766-cc326314d9f1,27.858578600000328,0.0002063501234253,7.407058572090156e-06,60.0,0.0,10.0,0.000464301845,0,7.737061444444812e-05,0.0005416724594444,Germany,DEU,north rhine-westphalia,,,Windows-10-10.0.26100-SP0,3.11.0,3.0.1,8,Intel(R) Core(TM) i5-8250U CPU @ 1.60GHz,,,7.2005,51.6104,7.873264312744141,machine,N,1.0
2025-07-16T16:29:26,ollama-chatbot,50add411-bd82-479a-b718-cfbac39fea53,5b0fa12a-3dd7-45bb-9766-cc326314d9f1,51.57049089999964,0.0003819803254122,7.406955387587364e-06,60.0,0.0,10.0,0.0008594912966666,0,0.0001432133244444,0.0010027046211111,Germany,DEU,north rhine-westphalia,,,Windows-10-10.0.26100-SP0,3.11.0,3.0.1,8,Intel(R) Core(TM) i5-8250U CPU @ 1.60GHz,,,7.2005,51.6104,7.873264312744141,machine,N,1.0
2025-07-16T16:30:25,ollama-chatbot,b4bdafa4-d85c-49b8-a741-3ad42ee5892f,5b0fa12a-3dd7-45bb-9766-cc326314d9f1,52.8622421,0.0003915469465729,7.406930372575033e-06,60.0,0.0,10.0,0.0008810175933333,0,0.0001467995652777,0.0010278171586111,Germany,DEU,north rhine-westphalia,,,Windows-10-10.0.26100-SP0,3.11.0,3.0.1,8,Intel(R) Core(TM) i5-8250U CPU @ 1.60GHz,,,7.2005,51.6104,7.873264312744141,machine,N,1.0
2025-07-16T16:31:36,ollama-chatbot,d037b6e7-eaf5-46f1-8914-2eaaaeb4d799,5b0fa12a-3dd7-45bb-9766-cc326314d9f1,65.04602320000049,0.0004817954575426,7.406993292444893e-06,60.0,0.0,10.0,0.0010840792416666,0,0.0001806417388888,0.0012647209805555,Germany,DEU,north rhine-westphalia,,,Windows-10-10.0.26100-SP0,3.11.0,3.0.1,8,Intel(R) Core(TM) i5-8250U CPU @ 1.60GHz,,,7.2005,51.6104,7.873264312744141,machine,N,1.0
2025-07-16T16:32:12,ollama-chatbot,086ca0bb-b2d5-41ed-971b-ef0740f39796,5b0fa12a-3dd7-45bb-9766-cc326314d9f1,29.82679350000035,0.0002209293714579,7.407077514313906e-06,60.0,0.0,10.0,0.000497105395,0,8.283782972222172e-05,0.0005799432247222,Germany,DEU,north rhine-westphalia,,,Windows-10-10.0.26100-SP0,3.11.0,3.0.1,8,Intel(R) Core(TM) i5-8250U CPU @ 1.60GHz,,,7.2005,51.6104,7.873264312744141,machine,N,1.0
2025-07-16T16:33:18,ollama-chatbot,46741aa2-5597-448f-80d3-a20dfd7908b9,5b0fa12a-3dd7-45bb-9766-cc326314d9f1,60.38586679999935,0.0004472753167869,7.406953654707231e-06,60.0,0.0,10.0,0.0010064112083333,0,0.0001676938363888,0.0011741050447221,Germany,DEU,north rhine-westphalia,,,Windows-10-10.0.26100-SP0,3.11.0,3.0.1,8,Intel(R) Core(TM) i5-8250U CPU @ 1.60GHz,,,7.2005,51.6104,7.873264312744141,machine,N,1.0
2025-07-16T16:34:24,ollama-chatbot,4430ed9b-9fec-46be-a3db-07f03fa1b25a,5b0fa12a-3dd7-45bb-9766-cc326314d9f1,58.96436560000075,0.000436749544584,7.4070082861032145e-06,60.0,0.0,10.0,0.0009827202783333,0,0.0001637544416666,0.00114647472,Germany,DEU,north rhine-westphalia,,,Windows-10-10.0.26100-SP0,3.11.0,3.0.1,8,Intel(R) Core(TM) i5-8250U CPU @ 1.60GHz,,,7.2005,51.6104,7.873264312744141,machine,N,1.0
2025-07-16T16:35:35,ollama-chatbot,18ac3350-0eaa-48d4-93e0-5ebbdf864b68,5b0fa12a-3dd7-45bb-9766-cc326314d9f1,62.85933670000122,0.0004655899681397,7.40685461511948e-06,60.0,0.0,10.0,0.001047629425,0,0.0001745518799999,0.001222181305,Germany,DEU,north rhine-westphalia,,,Windows-10-10.0.26100-SP0,3.11.0,3.0.1,8,Intel(R) Core(TM) i5-8250U CPU @ 1.60GHz,,,7.2005,51.6104,7.873264312744141,machine,N,1.0
2025-07-16T16:36:35,ollama-chatbot,ab1faa29-97d0-4485-82c7-9d7eacd43cf0,5b0fa12a-3dd7-45bb-9766-cc326314d9f1,53.28902119999839,0.0003947071663981,7.406913422499195e-06,60.0,0.0,10.0,0.0008881305533333,0,0.0001479822341666,0.0010361127874999,Germany,DEU,north rhine-westphalia,,,Windows-10-10.0.26100-SP0,3.11.0,3.0.1,8,Intel(R) Core(TM) i5-8250U CPU @ 1.60GHz,,,7.2005,51.6104,7.873264312744141,machine,N,1.0
2025-07-16T16:37:07,ollama-chatbot,512f40f7-17da-4bb6-ac04-ba8f10adc080,5b0fa12a-3dd7-45bb-9766-cc326314d9f1,25.53836359999877,0.0001891593197574,7.406869238773736e-06,60.0,0.0,10.0,0.0004256291216666,0,7.091719611111228e-05,0.0004965463177777,Germany,DEU,north rhine-westphalia,,,Windows-10-10.0.26100-SP0,3.11.0,3.0.1,8,Intel(R) Core(TM) i5-8250U CPU @ 1.60GHz,,,7.2005,51.6104,7.873264312744141,machine,N,1.0
2025-07-16T16:38:10,ollama-chatbot,6ac42a04-b21a-4bd5-a932-cd3d74e4d1f1,5b0fa12a-3dd7-45bb-9766-cc326314d9f1,56.60994170000049,0.0004193072222764,7.406953790882338e-06,60.0,0.0,10.0,0.0009434799799999,0,0.0001572083577777,0.0011006883377777,Germany,DEU,north rhine-westphalia,,,Windows-10-10.0.26100-SP0,3.11.0,3.0.1,8,Intel(R) Core(TM) i5-8250U CPU @ 1.60GHz,,,7.2005,51.6104,7.873264312744141,machine,N,1.0
2025-07-16T16:38:54,ollama-chatbot,05950f1e-db8f-4c5c-982a-141221aac07c,5b0fa12a-3dd7-45bb-9766-cc326314d9f1,38.0847262999996,0.0002820914006214,7.406943098378924e-06,60.0,0.0,10.0,0.000634731485,0,0.0001057630697222,0.0007404945547222,Germany,DEU,north rhine-westphalia,,,Windows-10-10.0.26100-SP0,3.11.0,3.0.1,8,Intel(R) Core(TM) i5-8250U CPU @ 1.60GHz,,,7.2005,51.6104,7.873264312744141,machine,N,1.0
2025-07-16T16:39:50,ollama-chatbot,febe33a5-bd55-4a8e-968a-f92f48c8affd,5b0fa12a-3dd7-45bb-9766-cc326314d9f1,49.68423219999932,0.0003680072678767,7.406922711320887e-06,60.0,0.0,10.0,0.0008280504616666,0,0.0001379746541666,0.0009660251158333,Germany,DEU,north rhine-westphalia,,,Windows-10-10.0.26100-SP0,3.11.0,3.0.1,8,Intel(R) Core(TM) i5-8250U CPU @ 1.60GHz,,,7.2005,51.6104,7.873264312744141,machine,N,1.0
2025-07-16T16:40:54,ollama-chatbot,af90fbde-df33-41d2-8241-432441d77a2e,5b0fa12a-3dd7-45bb-9766-cc326314d9f1,57.90329819999897,0.0004288901333881,7.407006970600782e-06,60.0,0.0,10.0,0.0009650363433333,0,0.0001608072933333,0.0011258436366666,Germany,DEU,north rhine-westphalia,,,Windows-10-10.0.26100-SP0,3.11.0,3.0.1,8,Intel(R) Core(TM) i5-8250U CPU @ 1.60GHz,,,7.2005,51.6104,7.873264312744141,machine,N,1.0
2025-07-16T16:42:07,ollama-chatbot,ce267e92-f16a-4915-ba8a-cc0c5bccfa46,5b0fa12a-3dd7-45bb-9766-cc326314d9f1,66.17205339999964,0.0004901359981123,7.406993933671021e-06,60.0,0.0,10.0,0.0011028481583333,0,0.0001837668780555,0.0012866150363889,Germany,DEU,north rhine-westphalia,,,Windows-10-10.0.26100-SP0,3.11.0,3.0.1,8,Intel(R) Core(TM) i5-8250U CPU @ 1.60GHz,,,7.2005,51.6104,7.873264312744141,machine,N,1.0
2025-07-16T16:43:03,ollama-chatbot,4e625fea-526a-4579-885d-354b275584e0,5b0fa12a-3dd7-45bb-9766-cc326314d9f1,49.79003419999936,0.0003687902272159,7.406908493667735e-06,60.0,0.0,10.0,0.0008298138016666,0,0.0001382665952777,0.0009680803969444,Germany,DEU,north rhine-westphalia,,,Windows-10-10.0.26100-SP0,3.11.0,3.0.1,8,Intel(R) Core(TM) i5-8250U CPU @ 1.60GHz,,,7.2005,51.6104,7.873264312744141,machine,N,1.0
2025-07-16T16:44:03,ollama-chatbot,48b532fc-8703-4372-bf3e-3d03ebdf5f29,5b0fa12a-3dd7-45bb-9766-cc326314d9f1,54.884017700000186,0.0004065255727442,7.406993689244107e-06,60.0,0.0,10.0,0.0009147177616666,0,0.0001524185363888,0.0010671362980555,Germany,DEU,north rhine-westphalia,,,Windows-10-10.0.26100-SP0,3.11.0,3.0.1,8,Intel(R) Core(TM) i5-8250U CPU @ 1.60GHz,,,7.2005,51.6104,7.873264312744141,machine,N,1.0
2025-07-16T16:45:29,ollama-chatbot,5c9dd8cd-e566-4ead-b286-6024464e0cca,5b0fa12a-3dd7-45bb-9766-cc326314d9f1,78.76227460000155,0.0005833917497576,7.406994690293058e-06,60.0,0.0,10.0,0.0013126799566666,0,0.0002187329577777,0.0015314129144444,Germany,DEU,north rhine-westphalia,,,Windows-10-10.0.26100-SP0,3.11.0,3.0.1,8,Intel(R) Core(TM) i5-8250U CPU @ 1.60GHz,,,7.2005,51.6104,7.873264312744141,machine,N,1.0
2025-07-16T16:46:18,ollama-chatbot,0399c13e-bca0-423a-a64b-5385975907b5,5b0fa12a-3dd7-45bb-9766-cc326314d9f1,43.10159449999992,0.0003192537568208,7.407005715783047e-06,60.0,0.0,10.0,0.0007183464116666,0,0.0001196999377777,0.0008380463494444,Germany,DEU,north rhine-westphalia,,,Windows-10-10.0.26100-SP0,3.11.0,3.0.1,8,Intel(R) Core(TM) i5-8250U CPU @ 1.60GHz,,,7.2005,51.6104,7.873264312744141,machine,N,1.0
2025-07-16T16:46:54,ollama-chatbot,b0dfde97-5bc3-4501-8a38-80d04e343742,5b0fa12a-3dd7-45bb-9766-cc326314d9f1,30.26815790000001,0.0002241934628032,7.406908063052561e-06,60.0,0.0,10.0,0.0005044578899999,0,8.405362805555242e-05,0.0005885115180555,Germany,DEU,north rhine-westphalia,,,Windows-10-10.0.26100-SP0,3.11.0,3.0.1,8,Intel(R) Core(TM) i5-8250U CPU @ 1.60GHz,,,7.2005,51.6104,7.873264312744141,machine,N,1.0
2025-07-16T16:48:04,ollama-chatbot,cc05f833-4a67-42c1-9169-2d82ecb2171c,5b0fa12a-3dd7-45bb-9766-cc326314d9f1,62.55336249999891,0.0004633272150862,7.406911420409971e-06,60.0,0.0,10.0,0.0010425321183333,0,0.0001737094227777,0.0012162415411111,Germany,DEU,north rhine-westphalia,,,Windows-10-10.0.26100-SP0,3.11.0,3.0.1,8,Intel(R) Core(TM) i5-8250U CPU @ 1.60GHz,,,7.2005,51.6104,7.873264312744141,machine,N,1.0
2025-07-16T16:49:39,ollama-chatbot,3c314771-8ea3-4f4a-90b4-2d1b1b6aa19b,5b0fa12a-3dd7-45bb-9766-cc326314d9f1,88.99376089999896,0.0006591759103893,7.4069901499056994e-06,60.0,0.0,10.0,0.0014832021483333,0,0.0002471454311111,0.0017303475794444,Germany,DEU,north rhine-westphalia,,,Windows-10-10.0.26100-SP0,3.11.0,3.0.1,8,Intel(R) Core(TM) i5-8250U CPU @ 1.60GHz,,,7.2005,51.6104,7.873264312744141,machine,N,1.0
2025-07-16T16:50:37,ollama-chatbot,04add2a5-7a4b-4113-8da3-b19a8a9ae860,5b0fa12a-3dd7-45bb-9766-cc326314d9f1,51.64930900000036,0.0003825639289604,7.406951542381425e-06,60.0,0.0,10.0,0.0008608028249999,0,0.0001434337649999,0.0010042365899999,Germany,DEU,north rhine-westphalia,,,Windows-10-10.0.26100-SP0,3.11.0,3.0.1,8,Intel(R) Core(TM) i5-8250U CPU @ 1.60GHz,,,7.2005,51.6104,7.873264312744141,machine,N,1.0
2025-07-16T16:51:44,ollama-chatbot,0c85ada5-5100-4c19-b9ce-f4e3eb425458,5b0fa12a-3dd7-45bb-9766-cc326314d9f1,61.58881069999916,0.000456186054851,7.4069632075405184e-06,60.0,0.0,10.0,0.0010264591433333,0,0.0001710367349999,0.0011974958783333,Germany,DEU,north rhine-westphalia,,,Windows-10-10.0.26100-SP0,3.11.0,3.0.1,8,Intel(R) Core(TM) i5-8250U CPU @ 1.60GHz,,,7.2005,51.6104,7.873264312744141,machine,N,1.0
2025-07-16T16:52:45,ollama-chatbot,1a68b302-1ac3-4fe4-a087-729982162815,5b0fa12a-3dd7-45bb-9766-cc326314d9f1,53.98496200000045,0.0003998653818839,7.406977185312389e-06,60.0,0.0,10.0,0.0008997317483333,0,0.0001499214394444,0.0010496531877778,Germany,DEU,north rhine-westphalia,,,Windows-10-10.0.26100-SP0,3.11.0,3.0.1,8,Intel(R) Core(TM) i5-8250U CPU @ 1.60GHz,,,7.2005,51.6104,7.873264312744141,machine,N,1.0
2025-07-16T16:53:47,ollama-chatbot,56d8124a-b500-4499-a42d-d8425a332c51,5b0fa12a-3dd7-45bb-9766-cc326314d9f1,56.06839890000083,0.0004153007607561,7.4070379911655855e-06,60.0,0.0,10.0,0.0009344575166666,0,0.0001557137938888,0.0010901713105555,Germany,DEU,north rhine-westphalia,,,Windows-10-10.0.26100-SP0,3.11.0,3.0.1,8,Intel(R) Core(TM) i5-8250U CPU @ 1.60GHz,,,7.2005,51.6104,7.873264312744141,machine,N,1.0
2025-07-16T16:54:54,ollama-chatbot,5bbcaf3e-97fd-4e33-a7f0-c85c546d22c5,5b0fa12a-3dd7-45bb-9766-cc326314d9f1,61.53082379999978,0.0004557522730119,7.406893730097917e-06,60.0,0.0,10.0,0.001025489895,0,0.0001708672988888,0.0011963571938889,Germany,DEU,north rhine-westphalia,,,Windows-10-10.0.26100-SP0,3.11.0,3.0.1,8,Intel(R) Core(TM) i5-8250U CPU @ 1.60GHz,,,7.2005,51.6104,7.873264312744141,machine,N,1.0
2025-07-16T16:56:01,ollama-chatbot,2bbdd08b-57cf-4c31-92d2-7caffa3c7507,5b0fa12a-3dd7-45bb-9766-cc326314d9f1,60.579854700001306,0.0004487089368214,7.406900182304992e-06,60.0,0.0,10.0,0.0010096407366666,0,0.0001682275841666,0.0011778683208333,Germany,DEU,north rhine-westphalia,,,Windows-10-10.0.26100-SP0,3.11.0,3.0.1,8,Intel(R) Core(TM) i5-8250U CPU @ 1.60GHz,,,7.2005,51.6104,7.873264312744141,machine,N,1.0
2025-07-16T16:56:41,ollama-chatbot,2628a818-d8e9-4f3e-af0f-738ca2a84fc7,5b0fa12a-3dd7-45bb-9766-cc326314d9f1,33.29834739999933,0.0002466366157601,7.406872563296904e-06,60.0,0.0,10.0,0.0005549574366666,0,9.246772611111028e-05,0.0006474251627777,Germany,DEU,north rhine-westphalia,,,Windows-10-10.0.26100-SP0,3.11.0,3.0.1,8,Intel(R) Core(TM) i5-8250U CPU @ 1.60GHz,,,7.2005,51.6104,7.873264312744141,machine,N,1.0
2025-07-16T16:57:42,ollama-chatbot,549bcd03-e6c0-4f1a-8465-22f48c4a5677,5b0fa12a-3dd7-45bb-9766-cc326314d9f1,55.00098919999982,0.0004073910782342,7.406977295497429e-06,60.0,0.0,10.0,0.0009166664816666,0,0.0001527417825,0.0010694082641666,Germany,DEU,north rhine-westphalia,,,Windows-10-10.0.26100-SP0,3.11.0,3.0.1,8,Intel(R) Core(TM) i5-8250U CPU @ 1.60GHz,,,7.2005,51.6104,7.873264312744141,machine,N,1.0
2025-07-16T16:58:54,ollama-chatbot,c109d107-5001-47ab-b6ba-a5d14a59bb85,5b0fa12a-3dd7-45bb-9766-cc326314d9f1,65.67390390000037,0.0004864442286992,7.406963798588244e-06,60.0,0.0,10.0,0.0010945444649999,0,0.0001823796161111,0.001276924081111,Germany,DEU,north rhine-westphalia,,,Windows-10-10.0.26100-SP0,3.11.0,3.0.1,8,Intel(R) Core(TM) i5-8250U CPU @ 1.60GHz,,,7.2005,51.6104,7.873264312744141,machine,N,1.0
2025-07-16T16:59:51,ollama-chatbot,ea3b53bd-488b-4206-9477-6baea820fbca,5b0fa12a-3dd7-45bb-9766-cc326314d9f1,51.17190160000064,0.0003790279169866,7.406953916807776e-06,60.0,0.0,10.0,0.0008528482316666,0,0.0001421062688888,0.0009949545005555,Germany,DEU,north rhine-westphalia,,,Windows-10-10.0.26100-SP0,3.11.0,3.0.1,8,Intel(R) Core(TM) i5-8250U CPU @ 1.60GHz,,,7.2005,51.6104,7.873264312744141,machine,N,1.0
2025-07-16T17:00:50,ollama-chatbot,f8ef2ec1-63b9-43f9-8220-653fee04ca95,5b0fa12a-3dd7-45bb-9766-cc326314d9f1,53.03332090000004,0.0003928094007989,7.406841474996431e-06,60.0,0.0,10.0,0.0008838673799999,0,0.0001472637416666,0.0010311311216666,Germany,DEU,north rhine-westphalia,,,Windows-10-10.0.26100-SP0,3.11.0,3.0.1,8,Intel(R) Core(TM) i5-8250U CPU @ 1.60GHz,,,7.2005,51.6104,7.873264312744141,machine,N,1.0
2025-07-16T17:01:46,ollama-chatbot,ed05b157-5963-471f-9ad8-6479b05f44da,5b0fa12a-3dd7-45bb-9766-cc326314d9f1,49.638343700000405,0.0003676658494814,7.406891972535301e-06,60.0,0.0,10.0,0.0008272855399999,0,0.0001378433469444,0.0009651288869444,Germany,DEU,north rhine-westphalia,,,Windows-10-10.0.26100-SP0,3.11.0,3.0.1,8,Intel(R) Core(TM) i5-8250U CPU @ 1.60GHz,,,7.2005,51.6104,7.873264312744141,machine,N,1.0
2025-07-16T17:03:02,ollama-chatbot,9a4bd328-c506-432a-a84b-cc71803d6539,5b0fa12a-3dd7-45bb-9766-cc326314d9f1,70.15904090000004,0.0005196701372265,7.4070302353082176e-06,60.0,0.0,10.0,0.0011692981816666,0,0.0001948444544444,0.0013641426361111,Germany,DEU,north rhine-westphalia,,,Windows-10-10.0.26100-SP0,3.11.0,3.0.1,8,Intel(R) Core(TM) i5-8250U CPU @ 1.60GHz,,,7.2005,51.6104,7.873264312744141,machine,N,1.0
2025-07-16T17:03:44,ollama-chatbot,4fda1aad-eccd-4a9a-850d-1d603875a5b5,5b0fa12a-3dd7-45bb-9766-cc326314d9f1,35.000318499998684,0.0002592428095635,7.406870013585188e-06,60.0,0.0,10.0,0.0005833245299999,0,9.71920983333348e-05,0.0006805166283333,Germany,DEU,north rhine-westphalia,,,Windows-10-10.0.26100-SP0,3.11.0,3.0.1,8,Intel(R) Core(TM) i5-8250U CPU @ 1.60GHz,,,7.2005,51.6104,7.873264312744141,machine,N,1.0
2025-07-16T17:04:17,ollama-chatbot,ef0fcf58-44c4-4c66-96b2-71dc751f0e47,5b0fa12a-3dd7-45bb-9766-cc326314d9f1,27.44528630000059,0.0002032873594989,7.407004513520503e-06,60.0,0.0,10.0,0.0004574121983333,0,7.622045555555512e-05,0.0005336326538888,Germany,DEU,north rhine-westphalia,,,Windows-10-10.0.26100-SP0,3.11.0,3.0.1,8,Intel(R) Core(TM) i5-8250U CPU @ 1.60GHz,,,7.2005,51.6104,7.873264312744141,machine,N,1.0
2025-07-16T17:05:13,ollama-chatbot,e17cac12-4559-4e36-811a-2b5e728e4ae2,5b0fa12a-3dd7-45bb-9766-cc326314d9f1,49.76675780000005,0.000368618721727,7.406926591610352e-06,60.0,0.0,10.0,0.0008294270583333,0,0.0001382031338888,0.0009676301922222,Germany,DEU,north rhine-westphalia,,,Windows-10-10.0.26100-SP0,3.11.0,3.0.1,8,Intel(R) Core(TM) i5-8250U CPU @ 1.60GHz,,,7.2005,51.6104,7.873264312744141,machine,N,1.0
2025-07-16T17:05:59,ollama-chatbot,9eb8efc9-5cc2-4f8e-b39b-b3d4a2b7c90b,5b0fa12a-3dd7-45bb-9766-cc326314d9f1,40.28758599999856,0.0002984100997929,7.406998766144825e-06,60.0,0.0,10.0,0.0006714461133333,0,0.0001118852944444,0.0007833314077777,Germany,DEU,north rhine-westphalia,,,Windows-10-10.0.26100-SP0,3.11.0,3.0.1,8,Intel(R) Core(TM) i5-8250U CPU @ 1.60GHz,,,7.2005,51.6104,7.873264312744141,machine,N,1.0
2025-07-16T17:06:53,ollama-chatbot,d81dc1ce-f861-42cc-8db0-fb074528042d,5b0fa12a-3dd7-45bb-9766-cc326314d9f1,47.57631290000063,0.0003523929844083,7.406899840033295e-06,60.0,0.0,10.0,0.00079292079,0,0.0001321165755555,0.0009250373655555,Germany,DEU,north rhine-westphalia,,,Windows-10-10.0.26100-SP0,3.11.0,3.0.1,8,Intel(R) Core(TM) i5-8250U CPU @ 1.60GHz,,,7.2005,51.6104,7.873264312744141,machine,N,1.0
2025-07-16T17:07:37,ollama-chatbot,d115309a-13e9-45ad-b7b8-91e04c2b58bb,5b0fa12a-3dd7-45bb-9766-cc326314d9f1,37.47168369999963,0.0002775517330156,7.406972561942863e-06,60.0,0.0,10.0,0.0006245171233333,0,0.0001040607294444,0.0007285778527777,Germany,DEU,north rhine-westphalia,,,Windows-10-10.0.26100-SP0,3.11.0,3.0.1,8,Intel(R) Core(TM) i5-8250U CPU @ 1.60GHz,,,7.2005,51.6104,7.873264312744141,machine,N,1.0
2025-07-16T17:08:46,ollama-chatbot,c1982934-e96b-4161-8b56-e2b0e2a627da,5b0fa12a-3dd7-45bb-9766-cc326314d9f1,61.44719319999968,0.0004551317066259,7.406875447420453e-06,60.0,0.0,10.0,0.0010240966499999,0,0.0001706315469444,0.0011947281969444,Germany,DEU,north rhine-westphalia,,,Windows-10-10.0.26100-SP0,3.11.0,3.0.1,8,Intel(R) Core(TM) i5-8250U CPU @ 1.60GHz,,,7.2005,51.6104,7.873264312744141,machine,N,1.0
2025-07-16T17:09:40,ollama-chatbot,1b6189c5-6eef-4cbd-90b5-6c74f784bb34,5b0fa12a-3dd7-45bb-9766-cc326314d9f1,48.405909600000086,0.000358541160691,7.40697083587148e-06,60.0,0.0,10.0,0.0008067492433333,0,0.0001344271858333,0.0009411764291666,Germany,DEU,north rhine-westphalia,,,Windows-10-10.0.26100-SP0,3.11.0,3.0.1,8,Intel(R) Core(TM) i5-8250U CPU @ 1.60GHz,,,7.2005,51.6104,7.873264312744141,machine,N,1.0
2025-07-16T17:10:38,ollama-chatbot,ab7cd8e3-5a5f-48a6-9ba4-56c19d2bdd38,5b0fa12a-3dd7-45bb-9766-cc326314d9f1,52.22457720000057,0.0003868271039027,7.406993500806872e-06,60.0,0.0,10.0,0.0008703924266666,0,0.0001450350675,0.0010154274941666,Germany,DEU,north rhine-westphalia,,,Windows-10-10.0.26100-SP0,3.11.0,3.0.1,8,Intel(R) Core(TM) i5-8250U CPU @ 1.60GHz,,,7.2005,51.6104,7.873264312744141,machine,N,1.0
2025-07-16T17:11:47,ollama-chatbot,5509cf61-403b-4550-8b00-15f14e4c61b8,5b0fa12a-3dd7-45bb-9766-cc326314d9f1,63.01483400000143,0.0004667476932848,7.406949501523287e-06,60.0,0.0,10.0,0.0010502259716666,0,0.0001749943808333,0.0012252203525,Germany,DEU,north rhine-westphalia,,,Windows-10-10.0.26100-SP0,3.11.0,3.0.1,8,Intel(R) Core(TM) i5-8250U CPU @ 1.60GHz,,,7.2005,51.6104,7.873264312744141,machine,N,1.0
2025-07-16T17:13:00,ollama-chatbot,df3add52-76a2-48c4-8a18-6139ae19f001,5b0fa12a-3dd7-45bb-9766-cc326314d9f1,65.85719960000097,0.0004877994321868,7.40692642793274e-06,60.0,0.0,10.0,0.0010975965216667,0,0.0001828849908333,0.0012804815125,Germany,DEU,north rhine-westphalia,,,Windows-10-10.0.26100-SP0,3.11.0,3.0.1,8,Intel(R) Core(TM) i5-8250U CPU @ 1.60GHz,,,7.2005,51.6104,7.873264312744141,machine,N,1.0
2025-07-16T17:14:06,ollama-chatbot,fdab7dcc-bebd-4f65-b2e7-97cc7484e474,5b0fa12a-3dd7-45bb-9766-cc326314d9f1,60.08060730000034,0.000445007905244,7.406847654218872e-06,60.0,0.0,10.0,0.0010013174783333,0,0.0001668355738888,0.0011681530522222,Germany,DEU,north rhine-westphalia,,,Windows-10-10.0.26100-SP0,3.11.0,3.0.1,8,Intel(R) Core(TM) i5-8250U CPU @ 1.60GHz,,,7.2005,51.6104,7.873264312744141,machine,N,1.0
2025-07-16T17:15:00,ollama-chatbot,6395c40e-f77d-4195-a04a-58c883e0b765,5b0fa12a-3dd7-45bb-9766-cc326314d9f1,48.0832876000004,0.00035614689756,7.406874931739284e-06,60.0,0.0,10.0,0.0008013695083333,0,0.0001335219408333,0.0009348914491666,Germany,DEU,north rhine-westphalia,,,Windows-10-10.0.26100-SP0,3.11.0,3.0.1,8,Intel(R) Core(TM) i5-8250U CPU @ 1.60GHz,,,7.2005,51.6104,7.873264312744141,machine,N,1.0
2025-07-16T17:16:02,ollama-chatbot,acdfa3e5-c93d-4c16-915c-987753699a6f,5b0fa12a-3dd7-45bb-9766-cc326314d9f1,55.66904220000106,0.0004123392231811,7.406975347263804e-06,60.0,0.0,10.0,0.0009277967833333,0,0.0001546004425,0.0010823972258333,Germany,DEU,north rhine-westphalia,,,Windows-10-10.0.26100-SP0,3.11.0,3.0.1,8,Intel(R) Core(TM) i5-8250U CPU @ 1.60GHz,,,7.2005,51.6104,7.873264312744141,machine,N,1.0
2025-07-16T17:17:04,ollama-chatbot,f0772ab6-29e4-467e-b2d0-c58bb4ba3f55,5b0fa12a-3dd7-45bb-9766-cc326314d9f1,55.76105500000085,0.0004130201189256,7.406963855429124e-06,60.0,0.0,10.0,0.0009293315783333,0,0.00015485301,0.0010841845883333,Germany,DEU,north rhine-westphalia,,,Windows-10-10.0.26100-SP0,3.11.0,3.0.1,8,Intel(R) Core(TM) i5-8250U CPU @ 1.60GHz,,,7.2005,51.6104,7.873264312744141,machine,N,1.0
2025-07-16T17:17:50,ollama-chatbot,0b482089-e64c-4cf4-ac25-a93ebc1a77ec,5b0fa12a-3dd7-45bb-9766-cc326314d9f1,38.3029486000014,0.0002837069309475,7.406921433395218e-06,60.0,0.0,10.0,0.0006383683683333,0,0.0001063669799999,0.0007447353483333,Germany,DEU,north rhine-westphalia,,,Windows-10-10.0.26100-SP0,3.11.0,3.0.1,8,Intel(R) Core(TM) i5-8250U CPU @ 1.60GHz,,,7.2005,51.6104,7.873264312744141,machine,N,1.0
2025-07-16T17:19:10,ollama-chatbot,e4b731aa-297c-446e-a90c-f4736360c086,5b0fa12a-3dd7-45bb-9766-cc326314d9f1,74.27322120000099,0.0005501398125041,7.406973921634066e-06,60.0,0.0,10.0,0.0012378640966666,0,0.0002062619369444,0.0014441260336111,Germany,DEU,north rhine-westphalia,,,Windows-10-10.0.26100-SP0,3.11.0,3.0.1,8,Intel(R) Core(TM) i5-8250U CPU @ 1.60GHz,,,7.2005,51.6104,7.873264312744141,machine,N,1.0
2025-07-16T17:20:18,ollama-chatbot,0484eca8-c163-4119-b234-85d9e36dc844,5b0fa12a-3dd7-45bb-9766-cc326314d9f1,60.796193800000765,0.0004503115671224,7.406903935529168e-06,60.0,0.0,10.0,0.001013248365,0,0.0001688268866666,0.0011820752516666,Germany,DEU,north rhine-westphalia,,,Windows-10-10.0.26100-SP0,3.11.0,3.0.1,8,Intel(R) Core(TM) i5-8250U CPU @ 1.60GHz,,,7.2005,51.6104,7.873264312744141,machine,N,1.0
2025-07-16T17:21:14,ollama-chatbot,a4c143f5-51b3-4879-901f-8e8b95f80b68,5b0fa12a-3dd7-45bb-9766-cc326314d9f1,49.98469240000122,0.0003702344607291,7.406956869242082e-06,60.0,0.0,10.0,0.0008330613033333,0,0.0001388102302777,0.000971871533611,Germany,DEU,north rhine-westphalia,,,Windows-10-10.0.26100-SP0,3.11.0,3.0.1,8,Intel(R) Core(TM) i5-8250U CPU @ 1.60GHz,,,7.2005,51.6104,7.873264312744141,machine,N,1.0
2025-07-16T17:22:18,ollama-chatbot,a1eecb06-634f-4d4d-bd0f-6ab52428a188,5b0fa12a-3dd7-45bb-9766-cc326314d9f1,57.79300800000056,0.000428072311198,7.406991364734358e-06,60.0,0.0,10.0,0.000963199355,0,0.000160497485,0.00112369684,Germany,DEU,north rhine-westphalia,,,Windows-10-10.0.26100-SP0,3.11.0,3.0.1,8,Intel(R) Core(TM) i5-8250U CPU @ 1.60GHz,,,7.2005,51.6104,7.873264312744141,machine,N,1.0
2025-07-16T17:23:19,ollama-chatbot,771a609f-5cdd-4ccd-86f3-9896de110f6a,5b0fa12a-3dd7-45bb-9766-cc326314d9f1,54.4523122999999,0.0004033262812055,7.406963344062261e-06,60.0,0.0,10.0,0.0009075200283332,0,0.0001512180769444,0.0010587381052776,Germany,DEU,north rhine-westphalia,,,Windows-10-10.0.26100-SP0,3.11.0,3.0.1,8,Intel(R) Core(TM) i5-8250U CPU @ 1.60GHz,,,7.2005,51.6104,7.873264312744141,machine,N,1.0
2025-07-16T17:24:22,ollama-chatbot,000ce59b-3be6-450a-9a69-6e1d19aac5ba,5b0fa12a-3dd7-45bb-9766-cc326314d9f1,57.29371270000047,0.0004243726816224,7.406967739104172e-06,60.0,0.0,10.0,0.0009548767649999,0,0.0001591084866666,0.0011139852516666,Germany,DEU,north rhine-westphalia,,,Windows-10-10.0.26100-SP0,3.11.0,3.0.1,8,Intel(R) Core(TM) i5-8250U CPU @ 1.60GHz,,,7.2005,51.6104,7.873264312744141,machine,N,1.0
2025-07-16T17:24:48,ollama-chatbot,b4c9ebff-2432-4f65-9406-3634e270ac40,5b0fa12a-3dd7-45bb-9766-cc326314d9f1,19.09911080000165,0.0001414619437938,7.406729311912446e-06,60.0,0.0,10.0,0.000318305985,0,5.303393833333353e-05,0.0003713399233333,Germany,DEU,north rhine-westphalia,,,Windows-10-10.0.26100-SP0,3.11.0,3.0.1,8,Intel(R) Core(TM) i5-8250U CPU @ 1.60GHz,,,7.2005,51.6104,7.873264312744141,machine,N,1.0
2025-07-16T17:25:52,ollama-chatbot,05578347-453b-4078-9775-510bca0f26b8,5b0fa12a-3dd7-45bb-9766-cc326314d9f1,57.937483199999406,0.0004291401101326,7.406951189979971e-06,60.0,0.0,10.0,0.0009656022033333,0,0.0001608976263888,0.0011264998297222,Germany,DEU,north rhine-westphalia,,,Windows-10-10.0.26100-SP0,3.11.0,3.0.1,8,Intel(R) Core(TM) i5-8250U CPU @ 1.60GHz,,,7.2005,51.6104,7.873264312744141,machine,N,1.0
2025-07-16T17:26:41,ollama-chatbot,015efe3e-906c-4fe2-be59-62b4f3fadfaa,5b0fa12a-3dd7-45bb-9766-cc326314d9f1,42.20822789999875,1.950912862705064e-06,4.622115070377361e-08,60.0,0.0,10.0,0.0007034566699999,0,0.0001172136824999,0.0008206703524999,Canada,CAN,quebec,,,Windows-10-10.0.26100-SP0,3.11.0,3.0.1,8,Intel(R) Core(TM) i5-8250U CPU @ 1.60GHz,,,-71.2,46.8,7.873264312744141,machine,N,1.0
2025-07-16T17:27:45,ollama-chatbot,71461159-21f8-4e20-996f-d06d571d4b5d,5b0fa12a-3dd7-45bb-9766-cc326314d9f1,56.15684110000075,0.0004159505088645,7.406942782337435e-06,60.0,0.0,10.0,0.00093592796,0,0.0001559489499999,0.00109187691,Germany,DEU,north rhine-westphalia,,,Windows-10-10.0.26100-SP0,3.11.0,3.0.1,8,Intel(R) Core(TM) i5-8250U CPU @ 1.60GHz,,,7.2005,51.6104,7.873264312744141,machine,N,1.0
2025-07-16T17:28:49,ollama-chatbot,327a6629-3df7-4123-b829-9aad7e56dd21,5b0fa12a-3dd7-45bb-9766-cc326314d9f1,56.47869580000042,0.0004183368383942,7.4069847482964595e-06,60.0,0.0,10.0,0.0009412932299999,0,0.0001568478341666,0.0010981410641666,Germany,DEU,north rhine-westphalia,,,Windows-10-10.0.26100-SP0,3.11.0,3.0.1,8,Intel(R) Core(TM) i5-8250U CPU @ 1.60GHz,,,7.2005,51.6104,7.873264312744141,machine,N,1.0
2025-07-16T17:29:56,ollama-chatbot,3922873e-9066-4b4a-b373-6f0cdcf484bd,5b0fa12a-3dd7-45bb-9766-cc326314d9f1,60.82757010000205,0.0004505444600583,7.406912018968421e-06,60.0,0.0,10.0,0.0010137707699999,0,0.0001689158294444,0.0011826865994444,Germany,DEU,north rhine-westphalia,,,Windows-10-10.0.26100-SP0,3.11.0,3.0.1,8,Intel(R) Core(TM) i5-8250U CPU @ 1.60GHz,,,7.2005,51.6104,7.873264312744141,machine,N,1.0
2025-07-16T17:31:06,ollama-chatbot,b243c5e2-88a1-4a32-96b4-c644f7b9d2bb,5b0fa12a-3dd7-45bb-9766-cc326314d9f1,63.85610789999919,0.0004729820536849,7.406997846246405e-06,60.0,0.0,10.0,0.0010642495266666,0,0.0001773361241666,0.0012415856508333,Germany,DEU,north rhine-westphalia,,,Windows-10-10.0.26100-SP0,3.11.0,3.0.1,8,Intel(R) Core(TM) i5-8250U CPU @ 1.60GHz,,,7.2005,51.6104,7.873264312744141,machine,N,1.0
2025-07-16T17:32:09,ollama-chatbot,36f84f8b-19d5-4f9a-868f-d5e3a325d9b4,5b0fa12a-3dd7-45bb-9766-cc326314d9f1,56.020404200000485,0.0004149442990686,7.407020798837522e-06,60.0,0.0,10.0,0.0009336585733333,0,0.0001555770194444,0.0010892355927777,Germany,DEU,north rhine-westphalia,,,Windows-10-10.0.26100-SP0,3.11.0,3.0.1,8,Intel(R) Core(TM) i5-8250U CPU @ 1.60GHz,,,7.2005,51.6104,7.873264312744141,machine,N,1.0
2025-07-16T17:33:11,ollama-chatbot,dad229c7-f19c-42aa-b9fe-5ee7642a7191,5b0fa12a-3dd7-45bb-9766-cc326314d9f1,56.72518900000068,0.0004201595486953,7.406930785111743e-06,60.0,0.0,10.0,0.0009453981749999,0,0.0001575275336111,0.001102925708611,Germany,DEU,north rhine-westphalia,,,Windows-10-10.0.26100-SP0,3.11.0,3.0.1,8,Intel(R) Core(TM) i5-8250U CPU @ 1.60GHz,,,7.2005,51.6104,7.873264312744141,machine,N,1.0
2025-07-16T17:34:17,ollama-chatbot,b93e43fa-f488-45a8-b00f-fb7f64adaf85,5b0fa12a-3dd7-45bb-9766-cc326314d9f1,58.796023500002775,0.0004355040774475,7.407032848871945e-06,60.0,0.0,10.0,0.0009799163849999,0,0.0001632889633333,0.0011432053483332,Germany,DEU,north rhine-westphalia,,,Windows-10-10.0.26100-SP0,3.11.0,3.0.1,8,Intel(R) Core(TM) i5-8250U CPU @ 1.60GHz,,,7.2005,51.6104,7.873264312744141,machine,N,1.0
2025-07-16T17:35:31,ollama-chatbot,c911d063-8bef-4906-900a-1781f5ba844a,5b0fa12a-3dd7-45bb-9766-cc326314d9f1,68.06396930000119,0.0005041490013242,7.406987963074799e-06,60.0,0.0,10.0,0.0011343775866667,0,0.0001890218130555,0.0013233993997222,Germany,DEU,north rhine-westphalia,,,Windows-10-10.0.26100-SP0,3.11.0,3.0.1,8,Intel(R) Core(TM) i5-8250U CPU @ 1.60GHz,,,7.2005,51.6104,7.873264312744141,machine,N,1.0
2025-07-16T17:36:29,ollama-chatbot,ad520fb2-c348-4480-9524-0f1f64f550d1,5b0fa12a-3dd7-45bb-9766-cc326314d9f1,51.33990260000064,0.0003802739500454,7.4069861995688334e-06,60.0,0.0,10.0,0.0008556489783332,0,0.0001425763794444,0.0009982253577776,Germany,DEU,north rhine-westphalia,,,Windows-10-10.0.26100-SP0,3.11.0,3.0.1,8,Intel(R) Core(TM) i5-8250U CPU @ 1.60GHz,,,7.2005,51.6104,7.873264312744141,machine,N,1.0
2025-07-16T17:37:41,ollama-chatbot,9bf8d7a3-f016-4e88-a843-3610370c5c96,5b0fa12a-3dd7-45bb-9766-cc326314d9f1,65.96846010000081,0.000488624180048,7.406936273900829e-06,60.0,0.0,10.0,0.001099453305,0,0.0001831931841666,0.0012826464891667,Germany,DEU,north rhine-westphalia,,,Windows-10-10.0.26100-SP0,3.11.0,3.0.1,8,Intel(R) Core(TM) i5-8250U CPU @ 1.60GHz,,,7.2005,51.6104,7.873264312744141,machine,N,1.0
2025-07-16T17:38:43,ollama-chatbot,ddfe9fb6-971d-4b47-a27f-63fc7fc7ffc6,5b0fa12a-3dd7-45bb-9766-cc326314d9f1,55.51681939999981,0.0004112111595438,7.406965384328577e-06,60.0,0.0,10.0,0.0009252616099999,0,0.0001541744302777,0.0010794360402777,Germany,DEU,north rhine-westphalia,,,Windows-10-10.0.26100-SP0,3.11.0,3.0.1,8,Intel(R) Core(TM) i5-8250U CPU @ 1.60GHz,,,7.2005,51.6104,7.873264312744141,machine,N,1.0
2025-07-16T17:39:36,ollama-chatbot,638f9e2b-3e9e-412e-9ed0-05d7f20fa0ff,5b0fa12a-3dd7-45bb-9766-cc326314d9f1,46.935879299999215,0.0003476494549021,7.406901928482221e-06,60.0,0.0,10.0,0.0007822476183332,0,0.0001303379044444,0.0009125855227777,Germany,DEU,north rhine-westphalia,,,Windows-10-10.0.26100-SP0,3.11.0,3.0.1,8,Intel(R) Core(TM) i5-8250U CPU @ 1.60GHz,,,7.2005,51.6104,7.873264312744141,machine,N,1.0
2025-07-16T17:40:18,ollama-chatbot,7bf5c894-0c4f-4604-adac-fa9b7d79d71a,5b0fa12a-3dd7-45bb-9766-cc326314d9f1,36.50007090000145,0.0002703523790701,7.4069001074228895e-06,60.0,0.0,10.0,0.0006083199866667,0,0.0001013594438889,0.0007096794305556,Germany,DEU,north rhine-westphalia,,,Windows-10-10.0.26100-SP0,3.11.0,3.0.1,8,Intel(R) Core(TM) i5-8250U CPU @ 1.60GHz,,,7.2005,51.6104,7.873264312744141,machine,N,1.0
2025-07-16T17:40:59,ollama-chatbot,12c38e8f-3d8c-456d-98f1-253fb8e6c760,5b0fa12a-3dd7-45bb-9766-cc326314d9f1,34.30531809999957,0.0002540943323237,7.4068496197320114e-06,60.0,0.0,10.0,0.0005717420666666,0,9.52597244444304e-05,0.000667001791111,Germany,DEU,north rhine-westphalia,,,Windows-10-10.0.26100-SP0,3.11.0,3.0.1,8,Intel(R) Core(TM) i5-8250U CPU @ 1.60GHz,,,7.2005,51.6104,7.873264312744141,machine,N,1.0
2025-07-16T17:41:49,ollama-chatbot,ffe1e212-65e7-4e9f-a9ca-c57ef3fd8a7a,5b0fa12a-3dd7-45bb-9766-cc326314d9f1,43.505300500000885,0.0003222461322983,7.407054510479568e-06,60.0,0.0,10.0,0.0007250776416666,0,0.0001208237424999,0.0008459013841666,Germany,DEU,north rhine-westphalia,,,Windows-10-10.0.26100-SP0,3.11.0,3.0.1,8,Intel(R) Core(TM) i5-8250U CPU @ 1.60GHz,,,7.2005,51.6104,7.873264312744141,machine,N,1.0
2025-07-16T17:42:48,ollama-chatbot,6af42f14-4324-47cb-9292-de4c57835e04,5b0fa12a-3dd7-45bb-9766-cc326314d9f1,52.92248389999804,0.0003919915170218,7.406899452462e-06,60.0,0.0,10.0,0.0008820225749999,0,0.0001469615883333,0.0010289841633333,Germany,DEU,north rhine-westphalia,,,Windows-10-10.0.26100-SP0,3.11.0,3.0.1,8,Intel(R) Core(TM) i5-8250U CPU @ 1.60GHz,,,7.2005,51.6104,7.873264312744141,machine,N,1.0
2025-07-16T17:43:08,ollama-chatbot,bd70284f-5efe-45c6-83b4-af6ce9125b7c,5b0fa12a-3dd7-45bb-9766-cc326314d9f1,13.91267400000288,0.0001030520889363,7.4070655961816605e-06,60.0,0.0,10.0,0.0002318736,0,3.8639824166673656e-05,0.0002705134241667,Germany,DEU,north rhine-westphalia,,,Windows-10-10.0.26100-SP0,3.11.0,3.0.1,8,Intel(R) Core(TM) i5-8250U CPU @ 1.60GHz,,,7.2005,51.6104,7.873264312744141,machine,N,1.0
2025-07-16T17:44:21,ollama-chatbot,8b25b2ea-c808-4816-88b8-9e131395dfd9,5b0fa12a-3dd7-45bb-9766-cc326314d9f1,64.51831870000024,0.0004778843228339,7.4069556129637235e-06,60.0,0.0,10.0,0.001075285325,0,0.0001791688627777,0.0012544541877777,Germany,DEU,north rhine-westphalia,,,Windows-10-10.0.26100-SP0,3.11.0,3.0.1,8,Intel(R) Core(TM) i5-8250U CPU @ 1.60GHz,,,7.2005,51.6104,7.873264312744141,machine,N,1.0
2025-07-16T17:45:21,ollama-chatbot,7e7e69a3-146c-455d-9884-0eabc45b357c,5b0fa12a-3dd7-45bb-9766-cc326314d9f1,54.12595220000003,0.0004009089007587,7.406962546863603e-06,60.0,0.0,10.0,0.0009020814916666,0,0.0001503109502777,0.0010523924419444,Germany,DEU,north rhine-westphalia,,,Windows-10-10.0.26100-SP0,3.11.0,3.0.1,8,Intel(R) Core(TM) i5-8250U CPU @ 1.60GHz,,,7.2005,51.6104,7.873264312744141,machine,N,1.0
2025-07-16T17:46:15,ollama-chatbot,d41fd101-8937-4655-90cd-8aae61756872,5b0fa12a-3dd7-45bb-9766-cc326314d9f1,47.67389489999914,0.0003531181989233,7.406950903929604e-06,60.0,0.0,10.0,0.000794548795,0,0.0001323922705555,0.0009269410655555,Germany,DEU,north rhine-westphalia,,,Windows-10-10.0.26100-SP0,3.11.0,3.0.1,8,Intel(R) Core(TM) i5-8250U CPU @ 1.60GHz,,,7.2005,51.6104,7.873264312744141,machine,N,1.0
2025-07-16T17:47:22,ollama-chatbot,a800a770-c862-49b8-bdf4-3f1e8f01a0d2,5b0fa12a-3dd7-45bb-9766-cc326314d9f1,60.71210040000005,0.0004496883983188,7.406899042465202e-06,60.0,0.0,10.0,0.0010118442149999,0,0.0001685952083333,0.0011804394233332,Germany,DEU,north rhine-westphalia,,,Windows-10-10.0.26100-SP0,3.11.0,3.0.1,8,Intel(R) Core(TM) i5-8250U CPU @ 1.60GHz,,,7.2005,51.6104,7.873264312744141,machine,N,1.0
2025-07-16T17:48:46,ollama-chatbot,f94177bf-6ef2-4bf4-9dad-5b76ea5081de,5b0fa12a-3dd7-45bb-9766-cc326314d9f1,74.43012340000132,0.0005513081968419,7.407057407107684e-06,60.0,0.0,10.0,0.0012404823066666,0,0.0002067107549999,0.0014471930616666,Germany,DEU,north rhine-westphalia,,,Windows-10-10.0.26100-SP0,3.11.0,3.0.1,8,Intel(R) Core(TM) i5-8250U CPU @ 1.60GHz,,,7.2005,51.6104,7.873264312744141,machine,N,1.0
2025-07-16T17:49:57,ollama-chatbot,dcdb6585-c505-4e1c-b8e4-1521d2fb63f5,5b0fa12a-3dd7-45bb-9766-cc326314d9f1,65.5832969999974,0.0004857765416553,7.407016174490516e-06,60.0,0.0,10.0,0.0010930367533332,0,0.0001821346383333,0.0012751713916666,Germany,DEU,north rhine-westphalia,,,Windows-10-10.0.26100-SP0,3.11.0,3.0.1,8,Intel(R) Core(TM) i5-8250U CPU @ 1.60GHz,,,7.2005,51.6104,7.873264312744141,machine,N,1.0
2025-07-16T17:50:27,ollama-chatbot,8c18d92f-c0bf-49de-91cd-1ad4d847f343,5b0fa12a-3dd7-45bb-9766-cc326314d9f1,23.57277859999885,0.0001746035042768,7.406997165655666e-06,60.0,0.0,10.0,0.0003928719416666,0,6.546512166666314e-05,0.0004583370633332,Germany,DEU,north rhine-westphalia,,,Windows-10-10.0.26100-SP0,3.11.0,3.0.1,8,Intel(R) Core(TM) i5-8250U CPU @ 1.60GHz,,,7.2005,51.6104,7.873264312744141,machine,N,1.0
2025-07-16T17:51:21,ollama-chatbot,d98af67b-b6ae-46b5-9317-5afcba1e4615,5b0fa12a-3dd7-45bb-9766-cc326314d9f1,48.14246429999912,0.0003565888204064,7.406949884916675e-06,60.0,0.0,10.0,0.00080235834,0,0.0001336931638889,0.0009360515038889,Germany,DEU,north rhine-westphalia,,,Windows-10-10.0.26100-SP0,3.11.0,3.0.1,8,Intel(R) Core(TM) i5-8250U CPU @ 1.60GHz,,,7.2005,51.6104,7.873264312744141,machine,N,1.0
2025-07-16T17:52:26,ollama-chatbot,ecfbc1b8-e477-4948-963a-c8fa212c7ab2,5b0fa12a-3dd7-45bb-9766-cc326314d9f1,58.431400999998,0.00043280095794,7.406992653489635e-06,60.0,0.0,10.0,0.0009738377416667,0,0.0001622718736111,0.0011361096152778,Germany,DEU,north rhine-westphalia,,,Windows-10-10.0.26100-SP0,3.11.0,3.0.1,8,Intel(R) Core(TM) i5-8250U CPU @ 1.60GHz,,,7.2005,51.6104,7.873264312744141,machine,N,1.0
2025-07-16T17:53:14,ollama-chatbot,54a7020a-4ef2-454a-8920-ce7fab4a6c31,5b0fa12a-3dd7-45bb-9766-cc326314d9f1,42.14808660000199,0.0003121883082817,7.406939044340303e-06,60.0,0.0,10.0,0.0007024526066667,0,0.0001170468244444,0.0008194994311111,Germany,DEU,north rhine-westphalia,,,Windows-10-10.0.26100-SP0,3.11.0,3.0.1,8,Intel(R) Core(TM) i5-8250U CPU @ 1.60GHz,,,7.2005,51.6104,7.873264312744141,machine,N,1.0
2025-07-16T17:54:15,ollama-chatbot,947bae40-db2f-4e5c-be2e-756b2b6ad752,5b0fa12a-3dd7-45bb-9766-cc326314d9f1,54.28209290000086,0.0004020682980627,7.407015400150478e-06,60.0,0.0,10.0,0.0009046849783332,0,0.0001507509005555,0.0010554358788888,Germany,DEU,north rhine-westphalia,,,Windows-10-10.0.26100-SP0,3.11.0,3.0.1,8,Intel(R) Core(TM) i5-8250U CPU @ 1.60GHz,,,7.2005,51.6104,7.873264312744141,machine,N,1.0
2025-07-16T17:55:23,ollama-chatbot,226033ca-2cea-4ba9-9080-80f2546f3f5d,5b0fa12a-3dd7-45bb-9766-cc326314d9f1,61.47177539999757,0.0004553146627311,7.406889743600509e-06,60.0,0.0,10.0,0.0010245041933332,0,0.0001707042663888,0.0011952084597221,Germany,DEU,north rhine-westphalia,,,Windows-10-10.0.26100-SP0,3.11.0,3.0.1,8,Intel(R) Core(TM) i5-8250U CPU @ 1.60GHz,,,7.2005,51.6104,7.873264312744141,machine,N,1.0
2025-07-16T17:56:46,ollama-chatbot,6925e58c-901e-4b2b-9283-a4f46abcced4,5b0fa12a-3dd7-45bb-9766-cc326314d9f1,76.85723249999864,0.0005692670584607,7.406811824258056e-06,60.0,0.0,10.0,0.0012809189149999,0,0.0002134164530555,0.0014943353680554,Germany,DEU,north rhine-westphalia,,,Windows-10-10.0.26100-SP0,3.11.0,3.0.1,8,Intel(R) Core(TM) i5-8250U CPU @ 1.60GHz,,,7.2005,51.6104,7.873264312744141,machine,N,1.0
2025-07-16T17:57:43,ollama-chatbot,a8489f42-4480-4c42-9713-89fcdc140768,5b0fa12a-3dd7-45bb-9766-cc326314d9f1,50.65360499999952,0.0003751828913885,7.406834940741736e-06,60.0,0.0,10.0,0.0008442058516665,0,0.000140655393611,0.0009848612452776,Germany,DEU,north rhine-westphalia,,,Windows-10-10.0.26100-SP0,3.11.0,3.0.1,8,Intel(R) Core(TM) i5-8250U CPU @ 1.60GHz,,,7.2005,51.6104,7.873264312744141,machine,N,1.0
2025-07-16T17:58:41,ollama-chatbot,0a899dff-c013-445a-ae18-755e4e3853f9,5b0fa12a-3dd7-45bb-9766-cc326314d9f1,51.14881500000047,0.0003788536308801,7.406889697838593e-06,60.0,0.0,10.0,0.0008524613266666,0,0.0001420356699999,0.0009944969966666,Germany,DEU,north rhine-westphalia,,,Windows-10-10.0.26100-SP0,3.11.0,3.0.1,8,Intel(R) Core(TM) i5-8250U CPU @ 1.60GHz,,,7.2005,51.6104,7.873264312744141,machine,N,1.0
2025-07-16T17:59:41,ollama-chatbot,19710743-5f7e-4c7a-9a36-1bf979e9df68,5b0fa12a-3dd7-45bb-9766-cc326314d9f1,53.213507699998445,0.0003941468220696,7.406894209863432e-06,60.0,0.0,10.0,0.0008868734066667,0,0.0001477684677777,0.0010346418744445,Germany,DEU,north rhine-westphalia,,,Windows-10-10.0.26100-SP0,3.11.0,3.0.1,8,Intel(R) Core(TM) i5-8250U CPU @ 1.60GHz,,,7.2005,51.6104,7.873264312744141,machine,N,1.0
2025-07-16T18:00:32,ollama-chatbot,e982abfb-9ce3-4374-b2b4-d5e74e22488f,5b0fa12a-3dd7-45bb-9766-cc326314d9f1,45.07626170000003,0.0003338745563397,7.406882109297971e-06,60.0,0.0,10.0,0.0007512541783333,0,0.0001251720097222,0.0008764261880555,Germany,DEU,north rhine-westphalia,,,Windows-10-10.0.26100-SP0,3.11.0,3.0.1,8,Intel(R) Core(TM) i5-8250U CPU @ 1.60GHz,,,7.2005,51.6104,7.873264312744141,machine,N,1.0
2025-07-16T18:01:25,ollama-chatbot,d0db2ce1-16d8-439b-a133-037c90d92bae,5b0fa12a-3dd7-45bb-9766-cc326314d9f1,47.09264020000046,0.0003488057385748,7.406799387197306e-06,60.0,0.0,10.0,0.0007848560983333,0,0.0001307646880555,0.0009156207863889,Germany,DEU,north rhine-westphalia,,,Windows-10-10.0.26100-SP0,3.11.0,3.0.1,8,Intel(R) Core(TM) i5-8250U CPU @ 1.60GHz,,,7.2005,51.6104,7.873264312744141,machine,N,1.0
2025-07-16T18:02:21,ollama-chatbot,52810cd7-faed-4eed-afb9-59476949b2c7,5b0fa12a-3dd7-45bb-9766-cc326314d9f1,49.92804499999693,0.0003698136722479,7.406932761897699e-06,60.0,0.0,10.0,0.0008321148649999,0,0.0001386520919444,0.0009707669569444,Germany,DEU,north rhine-westphalia,,,Windows-10-10.0.26100-SP0,3.11.0,3.0.1,8,Intel(R) Core(TM) i5-8250U CPU @ 1.60GHz,,,7.2005,51.6104,7.873264312744141,machine,N,1.0
2025-07-16T18:03:40,ollama-chatbot,6f75094d-e341-4bf1-90c2-a7d528a75cb8,5b0fa12a-3dd7-45bb-9766-cc326314d9f1,72.6609912999993,0.0005381947960498,7.406928895695667e-06,60.0,0.0,10.0,0.0012109927366666,0,0.0002017774327777,0.0014127701694444,Germany,DEU,north rhine-westphalia,,,Windows-10-10.0.26100-SP0,3.11.0,3.0.1,8,Intel(R) Core(TM) i5-8250U CPU @ 1.60GHz,,,7.2005,51.6104,7.873264312744141,machine,N,1.0
2025-07-16T18:04:47,ollama-chatbot,ced421bc-881f-4690-a31a-6e4473d57461,5b0fa12a-3dd7-45bb-9766-cc326314d9f1,60.90252650000184,0.0004510973123702,7.406873545225074e-06,60.0,0.0,10.0,0.0010150176416667,0,0.0001691202041666,0.0011841378458333,Germany,DEU,north rhine-westphalia,,,Windows-10-10.0.26100-SP0,3.11.0,3.0.1,8,Intel(R) Core(TM) i5-8250U CPU @ 1.60GHz,,,7.2005,51.6104,7.873264312744141,machine,N,1.0
2025-07-16T18:05:40,ollama-chatbot,a4ba50a1-fce9-4548-a284-ff8b8cc40f1f,5b0fa12a-3dd7-45bb-9766-cc326314d9f1,45.84527100000196,0.0003395697891041,7.406866219727181e-06,60.0,0.0,10.0,0.0007640701933334,0,0.0001273060741666,0.0008913762675,Germany,DEU,north rhine-westphalia,,,Windows-10-10.0.26100-SP0,3.11.0,3.0.1,8,Intel(R) Core(TM) i5-8250U CPU @ 1.60GHz,,,7.2005,51.6104,7.873264312744141,machine,N,1.0
2025-07-16T18:07:01,ollama-chatbot,61fd2d71-484d-4a01-ac4f-73184713b621,5b0fa12a-3dd7-45bb-9766-cc326314d9f1,74.93190970000069,0.000555019974278,7.406990913486524e-06,60.0,0.0,10.0,0.00124884216,0,0.0002080943783333,0.0014569365383333,Germany,DEU,north rhine-westphalia,,,Windows-10-10.0.26100-SP0,3.11.0,3.0.1,8,Intel(R) Core(TM) i5-8250U CPU @ 1.60GHz,,,7.2005,51.6104,7.873264312744141,machine,N,1.0
2025-07-16T18:07:37,ollama-chatbot,5af0a3a5-5682-40a6-b349-9a960cce9b41,5b0fa12a-3dd7-45bb-9766-cc326314d9f1,29.79432069999893,0.00022068688673,7.407011858138945e-06,60.0,0.0,10.0,0.0004965633366666,0,8.274336166665914e-05,0.0005793066983333,Germany,DEU,north rhine-westphalia,,,Windows-10-10.0.26100-SP0,3.11.0,3.0.1,8,Intel(R) Core(TM) i5-8250U CPU @ 1.60GHz,,,7.2005,51.6104,7.873264312744141,machine,N,1.0
2025-07-16T18:08:55,ollama-chatbot,8baf3736-74f8-4582-b7ed-3ce41b2a1068,5b0fa12a-3dd7-45bb-9766-cc326314d9f1,71.90427490000002,0.0005325941651281,7.406988887222961e-06,60.0,0.0,10.0,0.0011983829883334,0,0.0001996854330555,0.0013980684213889,Germany,DEU,north rhine-westphalia,,,Windows-10-10.0.26100-SP0,3.11.0,3.0.1,8,Intel(R) Core(TM) i5-8250U CPU @ 1.60GHz,,,7.2005,51.6104,7.873264312744141,machine,N,1.0
2025-07-16T18:09:48,ollama-chatbot,c05cfb15-25b8-4738-9369-bd83c227e066,5b0fa12a-3dd7-45bb-9766-cc326314d9f1,44.71401429999969,0.0003311955100151,7.406973299087952e-06,60.0,0.0,10.0,0.0007452180083333,0,0.0001241756391666,0.0008693936475,Germany,DEU,north rhine-westphalia,,,Windows-10-10.0.26100-SP0,3.11.0,3.0.1,8,Intel(R) Core(TM) i5-8250U CPU @ 1.60GHz,,,7.2005,51.6104,7.873264312744141,machine,N,1.0
2025-07-16T18:10:48,ollama-chatbot,b96fd018-7869-4782-b91e-ad0d09ababcd,5b0fa12a-3dd7-45bb-9766-cc326314d9f1,54.02158039999995,0.000400136278286,7.406970979435347e-06,60.0,0.0,10.0,0.0009003438716665,0,0.0001500204236111,0.0010503642952776,Germany,DEU,north rhine-westphalia,,,Windows-10-10.0.26100-SP0,3.11.0,3.0.1,8,Intel(R) Core(TM) i5-8250U CPU @ 1.60GHz,,,7.2005,51.6104,7.873264312744141,machine,N,1.0
2025-07-16T18:11:50,ollama-chatbot,4f0f5ce5-d3d6-412c-a840-ecafdcdd97c1,5b0fa12a-3dd7-45bb-9766-cc326314d9f1,56.44483799999944,0.0004180879817485,7.407018897788372e-06,60.0,0.0,10.0,0.0009407308099999,0,0.0001567570013888,0.0010974878113888,Germany,DEU,north rhine-westphalia,,,Windows-10-10.0.26100-SP0,3.11.0,3.0.1,8,Intel(R) Core(TM) i5-8250U CPU @ 1.60GHz,,,7.2005,51.6104,7.873264312744141,machine,N,1.0
2025-07-16T18:12:52,ollama-chatbot,dba7374e-c89d-44fd-b15c-0507de7543cd,5b0fa12a-3dd7-45bb-9766-cc326314d9f1,55.62610059999861,0.0004120191792555,7.406939814429391e-06,60.0,0.0,10.0,0.0009270821283333,0,0.0001544749769444,0.0010815571052778,Germany,DEU,north rhine-westphalia,,,Windows-10-10.0.26100-SP0,3.11.0,3.0.1,8,Intel(R) Core(TM) i5-8250U CPU @ 1.60GHz,,,7.2005,51.6104,7.873264312744141,machine,N,1.0
2025-07-16T18:13:49,ollama-chatbot,6c9d676a-fc2a-4645-aeee-8c33e143d08e,5b0fa12a-3dd7-45bb-9766-cc326314d9f1,50.00575550000213,0.0003703914993243,7.406977369321789e-06,60.0,0.0,10.0,0.0008334132016666,0,0.0001388705608333,0.0009722837624999,Germany,DEU,north rhine-westphalia,,,Windows-10-10.0.26100-SP0,3.11.0,3.0.1,8,Intel(R) Core(TM) i5-8250U CPU @ 1.60GHz,,,7.2005,51.6104,7.873264312744141,machine,N,1.0
2025-07-16T18:14:50,ollama-chatbot,d34bf555-9c65-4a36-906b-ef0bc4e7a179,5b0fa12a-3dd7-45bb-9766-cc326314d9f1,54.69360450000022,0.0004051139699266,7.406971502977183e-06,60.0,0.0,10.0,0.0009115434899999,0,0.0001518873274999,0.0010634308174999,Germany,DEU,north rhine-westphalia,,,Windows-10-10.0.26100-SP0,3.11.0,3.0.1,8,Intel(R) Core(TM) i5-8250U CPU @ 1.60GHz,,,7.2005,51.6104,7.873264312744141,machine,N,1.0
2025-07-16T18:15:49,ollama-chatbot,53965189-bbde-455e-b744-6597fef5e302,5b0fa12a-3dd7-45bb-9766-cc326314d9f1,53.47152560000177,0.000396061746715,7.406965525498439e-06,60.0,0.0,10.0,0.000891175815,0,0.0001484927680555,0.0010396685830555,Germany,DEU,north rhine-westphalia,,,Windows-10-10.0.26100-SP0,3.11.0,3.0.1,8,Intel(R) Core(TM) i5-8250U CPU @ 1.60GHz,,,7.2005,51.6104,7.873264312744141,machine,N,1.0
2025-07-16T18:16:40,ollama-chatbot,ce62fa07-4cf7-4ff8-bd33-629ba1f402ba,5b0fa12a-3dd7-45bb-9766-cc326314d9f1,44.80835880000086,0.0003318947583432,7.406983144029216e-06,60.0,0.0,10.0,0.0007467928816666,0,0.0001244363041666,0.0008712291858333,Germany,DEU,north rhine-westphalia,,,Windows-10-10.0.26100-SP0,3.11.0,3.0.1,8,Intel(R) Core(TM) i5-8250U CPU @ 1.60GHz,,,7.2005,51.6104,7.873264312744141,machine,N,1.0
2025-07-16T18:17:49,ollama-chatbot,0f68e19d-f527-4e98-96e2-88a0334a0cb1,5b0fa12a-3dd7-45bb-9766-cc326314d9f1,61.99148409999907,0.0004591585244211,7.406799999827389e-06,60.0,0.0,10.0,0.0010331630216666,0,0.0001721356380555,0.0012052986597222,Germany,DEU,north rhine-westphalia,,,Windows-10-10.0.26100-SP0,3.11.0,3.0.1,8,Intel(R) Core(TM) i5-8250U CPU @ 1.60GHz,,,7.2005,51.6104,7.873264312744141,machine,N,1.0
2025-07-16T18:18:51,ollama-chatbot,94668747-49c0-472e-8a7b-50f819263155,5b0fa12a-3dd7-45bb-9766-cc326314d9f1,56.765701099997386,0.0004204597821628,7.406933659150349e-06,60.0,0.0,10.0,0.0009460750266666,0,0.0001576387997222,0.0011037138263888,Germany,DEU,north rhine-westphalia,,,Windows-10-10.0.26100-SP0,3.11.0,3.0.1,8,Intel(R) Core(TM) i5-8250U CPU @ 1.60GHz,,,7.2005,51.6104,7.873264312744141,machine,N,1.0
2025-07-16T18:19:52,ollama-chatbot,70dc5d29-a5dc-4a9e-b260-7581a58ea45a,5b0fa12a-3dd7-45bb-9766-cc326314d9f1,54.66430970000147,0.0004048962585889,7.406958229437379e-06,60.0,0.0,10.0,0.0009110538616667,0,0.0001518054599999,0.0010628593216667,Germany,DEU,north rhine-westphalia,,,Windows-10-10.0.26100-SP0,3.11.0,3.0.1,8,Intel(R) Core(TM) i5-8250U CPU @ 1.60GHz,,,7.2005,51.6104,7.873264312744141,machine,N,1.0
2025-07-16T18:21:00,ollama-chatbot,3e910fcd-3c9f-409e-9a57-126c91d3808b,5b0fa12a-3dd7-45bb-9766-cc326314d9f1,61.721058499999344,0.000457163857417,7.406934821395451e-06,60.0,0.0,10.0,0.00102866204,0,0.0001714005861111,0.0012000626261111,Germany,DEU,north rhine-westphalia,,,Windows-10-10.0.26100-SP0,3.11.0,3.0.1,8,Intel(R) Core(TM) i5-8250U CPU @ 1.60GHz,,,7.2005,51.6104,7.873264312744141,machine,N,1.0
2025-07-16T18:22:20,ollama-chatbot,ece89ecc-99c0-443f-a592-9e6e51b76273,5b0fa12a-3dd7-45bb-9766-cc326314d9f1,74.06085460000031,0.0005485721526724,7.407045943977553e-06,60.0,0.0,10.0,0.0012343279916666,0,0.0002056829091666,0.0014400109008332,Germany,DEU,north rhine-westphalia,,,Windows-10-10.0.26100-SP0,3.11.0,3.0.1,8,Intel(R) Core(TM) i5-8250U CPU @ 1.60GHz,,,7.2005,51.6104,7.873264312744141,machine,N,1.0
2025-07-16T18:23:11,ollama-chatbot,1a7a4b91-ad7c-4453-a1f0-ed22ab640a7c,5b0fa12a-3dd7-45bb-9766-cc326314d9f1,44.818018500001926,0.0003319695978754,7.4070565586348545e-06,60.0,0.0,10.0,0.0007469555833333,0,0.0001244700575,0.0008714256408333,Germany,DEU,north rhine-westphalia,,,Windows-10-10.0.26100-SP0,3.11.0,3.0.1,8,Intel(R) Core(TM) i5-8250U CPU @ 1.60GHz,,,7.2005,51.6104,7.873264312744141,machine,N,1.0
2025-07-16T18:24:12,ollama-chatbot,f0c9d280-d944-44a8-9ce0-3dea1388a964,5b0fa12a-3dd7-45bb-9766-cc326314d9f1,55.314038500000606,0.0004097079550764,7.40694344847855e-06,60.0,0.0,10.0,0.0009218803349999,0,0.0001536097688888,0.0010754901038888,Germany,DEU,north rhine-westphalia,,,Windows-10-10.0.26100-SP0,3.11.0,3.0.1,8,Intel(R) Core(TM) i5-8250U CPU @ 1.60GHz,,,7.2005,51.6104,7.873264312744141,machine,N,1.0
2025-07-16T18:25:09,ollama-chatbot,d0b92d2f-6c45-485e-911d-1e0cbb653c13,5b0fa12a-3dd7-45bb-9766-cc326314d9f1,50.54142099999808,0.0003743555949719,7.406906801689461e-06,60.0,0.0,10.0,0.00084234207,0,0.0001403475086111,0.0009826895786111,Germany,DEU,north rhine-westphalia,,,Windows-10-10.0.26100-SP0,3.11.0,3.0.1,8,Intel(R) Core(TM) i5-8250U CPU @ 1.60GHz,,,7.2005,51.6104,7.873264312744141,machine,N,1.0
2025-07-16T18:26:11,ollama-chatbot,e878f0d5-7acc-4cea-9ee4-465295ff2400,5b0fa12a-3dd7-45bb-9766-cc326314d9f1,55.18541059999916,0.0004087596768762,7.407024291964311e-06,60.0,0.0,10.0,0.0009197421799998,0,0.0001532586780555,0.0010730008580554,Germany,DEU,north rhine-westphalia,,,Windows-10-10.0.26100-SP0,3.11.0,3.0.1,8,Intel(R) Core(TM) i5-8250U CPU @ 1.60GHz,,,7.2005,51.6104,7.873264312744141,machine,N,1.0
2025-07-16T18:27:04,ollama-chatbot,8eb80ade-e2e6-46cc-9324-cf21b1c03b0f,5b0fa12a-3dd7-45bb-9766-cc326314d9f1,46.77828889999728,0.0003464832482227,7.40692437390067e-06,60.0,0.0,10.0,0.0007796215216666,0,0.0001299026894444,0.000909524211111,Germany,DEU,north rhine-westphalia,,,Windows-10-10.0.26100-SP0,3.11.0,3.0.1,8,Intel(R) Core(TM) i5-8250U CPU @ 1.60GHz,,,7.2005,51.6104,7.873264312744141,machine,N,1.0
2025-07-16T18:28:04,ollama-chatbot,2209b6b2-9159-41c2-8891-648a9f845162,5b0fa12a-3dd7-45bb-9766-cc326314d9f1,53.45283620000191,0.0003959178756565,7.406863766314917e-06,60.0,0.0,10.0,0.000890860235,0,0.0001484306841666,0.0010392909191667,Germany,DEU,north rhine-westphalia,,,Windows-10-10.0.26100-SP0,3.11.0,3.0.1,8,Intel(R) Core(TM) i5-8250U CPU @ 1.60GHz,,,7.2005,51.6104,7.873264312744141,machine,N,1.0
2025-07-16T18:29:19,ollama-chatbot,be841f9c-d72d-4b45-84e4-463e4aa839c4,5b0fa12a-3dd7-45bb-9766-cc326314d9f1,69.2859099999987,0.0005131932865959,7.406892492224942e-06,60.0,0.0,10.0,0.0011547363383332,0,0.000192404458611,0.0013471407969443,Germany,DEU,north rhine-westphalia,,,Windows-10-10.0.26100-SP0,3.11.0,3.0.1,8,Intel(R) Core(TM) i5-8250U CPU @ 1.60GHz,,,7.2005,51.6104,7.873264312744141,machine,N,1.0
2025-07-16T18:30:39,ollama-chatbot,4612aefc-2b6c-42cb-a9f4-6d1c5cbc030a,5b0fa12a-3dd7-45bb-9766-cc326314d9f1,73.28860789999817,0.0005428489685483,7.407003408894046e-06,60.0,0.0,10.0,0.0012214552416666,0,0.0002035322069444,0.001424987448611,Germany,DEU,north rhine-westphalia,,,Windows-10-10.0.26100-SP0,3.11.0,3.0.1,8,Intel(R) Core(TM) i5-8250U CPU @ 1.60GHz,,,7.2005,51.6104,7.873264312744141,machine,N,1.0
2025-07-16T18:31:41,ollama-chatbot,3b373fb4-34ac-479e-8e6a-9720fde3c044,5b0fa12a-3dd7-45bb-9766-cc326314d9f1,56.04024879999997,0.0004150926480885,7.407045060952263e-06,60.0,0.0,10.0,0.0009339891866666,0,0.0001556358247222,0.0010896250113888,Germany,DEU,north rhine-westphalia,,,Windows-10-10.0.26100-SP0,3.11.0,3.0.1,8,Intel(R) Core(TM) i5-8250U CPU @ 1.60GHz,,,7.2005,51.6104,7.873264312744141,machine,N,1.0
2025-07-16T18:32:47,ollama-chatbot,5ab8b2a4-7e70-4601-a032-1258558133b2,5b0fa12a-3dd7-45bb-9766-cc326314d9f1,59.422654000001785,0.0004401456284376,7.407034166425217e-06,60.0,0.0,10.0,0.0009903607599999,0,0.0001650287358333,0.0011553894958332,Germany,DEU,north rhine-westphalia,,,Windows-10-10.0.26100-SP0,3.11.0,3.0.1,8,Intel(R) Core(TM) i5-8250U CPU @ 1.60GHz,,,7.2005,51.6104,7.873264312744141,machine,N,1.0
2025-07-16T18:33:46,ollama-chatbot,8a57e7d2-ec53-4c36-bd16-1c60a1a4101e,5b0fa12a-3dd7-45bb-9766-cc326314d9f1,52.73382480000146,0.0003905958906123,7.406932686822631e-06,60.0,0.0,10.0,0.0008788788683334,0,0.0001464417527777,0.0010253206211111,Germany,DEU,north rhine-westphalia,,,Windows-10-10.0.26100-SP0,3.11.0,3.0.1,8,Intel(R) Core(TM) i5-8250U CPU @ 1.60GHz,,,7.2005,51.6104,7.873264312744141,machine,N,1.0
2025-07-16T18:34:15,ollama-chatbot,992ff55c-c6e7-4cbe-8668-ce37aba07399,5b0fa12a-3dd7-45bb-9766-cc326314d9f1,23.33855870000116,0.0001728683649628,7.406985460622966e-06,60.0,0.0,10.0,0.0003889680416667,0,6.481425249999626e-05,0.0004537822941666,Germany,DEU,north rhine-westphalia,,,Windows-10-10.0.26100-SP0,3.11.0,3.0.1,8,Intel(R) Core(TM) i5-8250U CPU @ 1.60GHz,,,7.2005,51.6104,7.873264312744141,machine,N,1.0
2025-07-16T18:35:26,ollama-chatbot,29db1506-7fb5-4d5f-98db-1ba6349890cc,5b0fa12a-3dd7-45bb-9766-cc326314d9f1,64.49718120000034,0.0004777245102878,7.40690525383455e-06,60.0,0.0,10.0,0.0010749284516666,0,0.0001791062255555,0.0012540346772222,Germany,DEU,north rhine-westphalia,,,Windows-10-10.0.26100-SP0,3.11.0,3.0.1,8,Intel(R) Core(TM) i5-8250U CPU @ 1.60GHz,,,7.2005,51.6104,7.873264312744141,machine,N,1.0
2025-07-16T18:36:25,ollama-chatbot,f257580d-2e6f-44c7-9ad0-a1a5464b0b55,5b0fa12a-3dd7-45bb-9766-cc326314d9f1,52.64376979999725,0.0003899289033523,7.406933523829418e-06,60.0,0.0,10.0,0.0008773766933332,0,0.0001461930752777,0.0010235697686109,Germany,DEU,north rhine-westphalia,,,Windows-10-10.0.26100-SP0,3.11.0,3.0.1,8,Intel(R) Core(TM) i5-8250U CPU @ 1.60GHz,,,7.2005,51.6104,7.873264312744141,machine,N,1.0
2025-07-16T18:37:24,ollama-chatbot,e14d33ed-180e-4643-b90e-4437b9a0a9b3,5b0fa12a-3dd7-45bb-9766-cc326314d9f1,52.85336689999895,0.0003914770606604,7.406851892731113e-06,60.0,0.0,10.0,0.0008808662966666,0,0.0001467674102777,0.0010276337069444,Germany,DEU,north rhine-westphalia,,,Windows-10-10.0.26100-SP0,3.11.0,3.0.1,8,Intel(R) Core(TM) i5-8250U CPU @ 1.60GHz,,,7.2005,51.6104,7.873264312744141,machine,N,1.0
2025-07-16T18:38:15,ollama-chatbot,113d6b04-0c15-46a1-8246-93e667106b3d,5b0fa12a-3dd7-45bb-9766-cc326314d9f1,45.10306149999815,0.0003340714739449,7.406846959711943e-06,60.0,0.0,10.0,0.0007516980783332,0,0.0001252450216666,0.0008769430999999,Germany,DEU,north rhine-westphalia,,,Windows-10-10.0.26100-SP0,3.11.0,3.0.1,8,Intel(R) Core(TM) i5-8250U CPU @ 1.60GHz,,,7.2005,51.6104,7.873264312744141,machine,N,1.0
2025-07-16T18:39:09,ollama-chatbot,31acee0e-21f2-40b9-84b1-f03dd3be8c01,5b0fa12a-3dd7-45bb-9766-cc326314d9f1,47.19561289999911,0.0003495724185449,7.406883756031632e-06,60.0,0.0,10.0,0.0007865761883333,0,0.0001310571455555,0.0009176333338888,Germany,DEU,north rhine-westphalia,,,Windows-10-10.0.26100-SP0,3.11.0,3.0.1,8,Intel(R) Core(TM) i5-8250U CPU @ 1.60GHz,,,7.2005,51.6104,7.873264312744141,machine,N,1.0
2025-07-16T18:40:00,ollama-chatbot,59805d31-79e1-4c18-9d64-473e4c9f575a,5b0fa12a-3dd7-45bb-9766-cc326314d9f1,44.630203699998674,0.0003305729705197,7.4069339396675904e-06,60.0,0.0,10.0,0.0007438206283333,0,0.0001239388427777,0.0008677594711111,Germany,DEU,north rhine-westphalia,,,Windows-10-10.0.26100-SP0,3.11.0,3.0.1,8,Intel(R) Core(TM) i5-8250U CPU @ 1.60GHz,,,7.2005,51.6104,7.873264312744141,machine,N,1.0
2025-07-16T18:40:40,ollama-chatbot,cf9a696f-de31-4c61-be8f-1e4e42a7a960,5b0fa12a-3dd7-45bb-9766-cc326314d9f1,33.94430799999827,0.0002514218466988,7.406892687247214e-06,60.0,0.0,10.0,0.0005657239166666,0,9.426255583332224e-05,0.0006599864724999,Germany,DEU,north rhine-westphalia,,,Windows-10-10.0.26100-SP0,3.11.0,3.0.1,8,Intel(R) Core(TM) i5-8250U CPU @ 1.60GHz,,,7.2005,51.6104,7.873264312744141,machine,N,1.0
2025-07-16T18:41:50,ollama-chatbot,b809267c-4609-4a82-8e14-2f10e7a5705e,5b0fa12a-3dd7-45bb-9766-cc326314d9f1,62.66769509999722,0.0004641755910537,7.406935747566266e-06,60.0,0.0,10.0,0.0010444395333333,0,0.000174029008611,0.0012184685419444,Germany,DEU,north rhine-westphalia,,,Windows-10-10.0.26100-SP0,3.11.0,3.0.1,8,Intel(R) Core(TM) i5-8250U CPU @ 1.60GHz,,,7.2005,51.6104,7.873264312744141,machine,N,1.0
2025-07-16T18:42:43,ollama-chatbot,55ef8cca-29d3-4aad-a332-6ad5383ca8c0,5b0fa12a-3dd7-45bb-9766-cc326314d9f1,47.78731379999954,0.0003539560432106,7.406903947185612e-06,60.0,0.0,10.0,0.0007964371549999,0,0.0001327032655555,0.0009291404205554,Germany,DEU,north rhine-westphalia,,,Windows-10-10.0.26100-SP0,3.11.0,3.0.1,8,Intel(R) Core(TM) i5-8250U CPU @ 1.60GHz,,,7.2005,51.6104,7.873264312744141,machine,N,1.0
2025-07-16T18:43:47,ollama-chatbot,60887451-b57e-4a58-b121-2d71864a4b1c,5b0fa12a-3dd7-45bb-9766-cc326314d9f1,56.93550680000044,0.0004217177558877,7.406937772050291e-06,60.0,0.0,10.0,0.0009489054966666,0,0.0001581105313888,0.0011070160280555,Germany,DEU,north rhine-westphalia,,,Windows-10-10.0.26100-SP0,3.11.0,3.0.1,8,Intel(R) Core(TM) i5-8250U CPU @ 1.60GHz,,,7.2005,51.6104,7.873264312744141,machine,N,1.0
2025-07-16T18:45:00,ollama-chatbot,6951c58c-b22d-49b6-8b4f-9ad9a0ead83b,5b0fa12a-3dd7-45bb-9766-cc326314d9f1,65.10582240000076,0.0004822348063311,7.406938251518423e-06,60.0,0.0,10.0,0.0010850754333334,0,0.000180798845,0.0012658742783334,Germany,DEU,north rhine-westphalia,,,Windows-10-10.0.26100-SP0,3.11.0,3.0.1,8,Intel(R) Core(TM) i5-8250U CPU @ 1.60GHz,,,7.2005,51.6104,7.873264312744141,machine,N,1.0
2025-07-16T18:45:54,ollama-chatbot,e6f5c9dc-00bf-48cb-9235-abfc6ae14ffa,5b0fa12a-3dd7-45bb-9766-cc326314d9f1,48.18157300000166,0.0003568780427257,7.406940465098041e-06,60.0,0.0,10.0,0.0008030096683332,0,0.0001338010488888,0.0009368107172221,Germany,DEU,north rhine-westphalia,,,Windows-10-10.0.26100-SP0,3.11.0,3.0.1,8,Intel(R) Core(TM) i5-8250U CPU @ 1.60GHz,,,7.2005,51.6104,7.873264312744141,machine,N,1.0
2025-07-16T18:46:40,ollama-chatbot,5773ba54-ee17-4d62-8d18-7fc661de7e4d,5b0fa12a-3dd7-45bb-9766-cc326314d9f1,39.714028100002906,0.0002941581688015,7.406908411830004e-06,60.0,0.0,10.0,0.0006618846616667,0,0.0001102853575,0.0007721700191667,Germany,DEU,north rhine-westphalia,,,Windows-10-10.0.26100-SP0,3.11.0,3.0.1,8,Intel(R) Core(TM) i5-8250U CPU @ 1.60GHz,,,7.2005,51.6104,7.873264312744141,machine,N,1.0
2025-07-16T18:47:41,ollama-chatbot,477e584c-40b3-4d3c-939d-a099c28a3745,5b0fa12a-3dd7-45bb-9766-cc326314d9f1,53.99159529999815,0.000399913167617,7.4069522375650276e-06,60.0,0.0,10.0,0.0008998413083333,0,0.0001499373177777,0.0010497786261111,Germany,DEU,north rhine-westphalia,,,Windows-10-10.0.26100-SP0,3.11.0,3.0.1,8,Intel(R) Core(TM) i5-8250U CPU @ 1.60GHz,,,7.2005,51.6104,7.873264312744141,machine,N,1.0
2025-07-16T18:48:38,ollama-chatbot,9ade76df-9466-4cd8-9797-0a4b3a3a7c62,5b0fa12a-3dd7-45bb-9766-cc326314d9f1,51.56035849999898,0.0003819017751095,7.406887504662347e-06,60.0,0.0,10.0,0.0008593191266666,0,0.0001431792986111,0.0010024984252777,Germany,DEU,north rhine-westphalia,,,Windows-10-10.0.26100-SP0,3.11.0,3.0.1,8,Intel(R) Core(TM) i5-8250U CPU @ 1.60GHz,,,7.2005,51.6104,7.873264312744141,machine,N,1.0
2025-07-16T18:50:05,ollama-chatbot,dba87226-96ca-4d35-8255-8803353ea3c8,5b0fa12a-3dd7-45bb-9766-cc326314d9f1,81.14822330000243,0.0006010597140411,7.406936216201433e-06,60.0,0.0,10.0,0.0013524423466667,0,0.0002253492638888,0.0015777916105556,Germany,DEU,north rhine-westphalia,,,Windows-10-10.0.26100-SP0,3.11.0,3.0.1,8,Intel(R) Core(TM) i5-8250U CPU @ 1.60GHz,,,7.2005,51.6104,7.873264312744141,machine,N,1.0
2025-07-16T18:50:52,ollama-chatbot,d82e1bb2-a1d4-4700-acae-d25987369c53,5b0fa12a-3dd7-45bb-9766-cc326314d9f1,40.62535680000292,0.0003009102863889,7.406957380590552e-06,60.0,0.0,10.0,0.00067707491,0,0.0001128195286111,0.0007898944386111,Germany,DEU,north rhine-westphalia,,,Windows-10-10.0.26100-SP0,3.11.0,3.0.1,8,Intel(R) Core(TM) i5-8250U CPU @ 1.60GHz,,,7.2005,51.6104,7.873264312744141,machine,N,1.0
2025-07-16T18:52:07,ollama-chatbot,8e2a898f-6c69-41db-a987-c4f97111a541,5b0fa12a-3dd7-45bb-9766-cc326314d9f1,68.4251632000014,0.000506822075411,7.406954572101378e-06,60.0,0.0,10.0,0.0011403942983333,0,0.0001900219647222,0.0013304162630556,Germany,DEU,north rhine-westphalia,,,Windows-10-10.0.26100-SP0,3.11.0,3.0.1,8,Intel(R) Core(TM) i5-8250U CPU @ 1.60GHz,,,7.2005,51.6104,7.873264312744141,machine,N,1.0
2025-07-16T18:53:11,ollama-chatbot,f8feda89-df52-4a3c-8727-081dbed8b301,5b0fa12a-3dd7-45bb-9766-cc326314d9f1,58.21735679999984,0.0004312141206621,7.406968374457506e-06,60.0,0.0,10.0,0.0009702686033333,0,0.0001616755380555,0.0011319441413889,Germany,DEU,north rhine-westphalia,,,Windows-10-10.0.26100-SP0,3.11.0,3.0.1,8,Intel(R) Core(TM) i5-8250U CPU @ 1.60GHz,,,7.2005,51.6104,7.873264312744141,machine,N,1.0
2025-07-16T18:54:10,ollama-chatbot,61451a79-48fc-448c-a8ec-cd42777770a6,5b0fa12a-3dd7-45bb-9766-cc326314d9f1,52.97083919999932,0.000392350867051,7.4069218644932305e-06,60.0,0.0,10.0,0.0008828275783333,0,0.0001470998847222,0.0010299274630555,Germany,DEU,north rhine-westphalia,,,Windows-10-10.0.26100-SP0,3.11.0,3.0.1,8,Intel(R) Core(TM) i5-8250U CPU @ 1.60GHz,,,7.2005,51.6104,7.873264312744141,machine,N,1.0
2025-07-16T18:55:10,ollama-chatbot,32c3cf99-41de-46c9-82e6-bba6a28fe431,5b0fa12a-3dd7-45bb-9766-cc326314d9f1,52.96481869999843,0.0003923048948515,7.40689583162061e-06,60.0,0.0,10.0,0.0008827259649999,0,0.0001470808202777,0.0010298067852777,Germany,DEU,north rhine-westphalia,,,Windows-10-10.0.26100-SP0,3.11.0,3.0.1,8,Intel(R) Core(TM) i5-8250U CPU @ 1.60GHz,,,7.2005,51.6104,7.873264312744141,machine,N,1.0
2025-07-16T18:56:23,ollama-chatbot,7829a2e6-3d29-4cc2-a5d7-0fe4f0da60b7,5b0fa12a-3dd7-45bb-9766-cc326314d9f1,67.00387350000165,0.0004962913494824,7.406905355738962e-06,60.0,0.0,10.0,0.0011167072499999,0,0.0001860656847222,0.0013027729347221,Germany,DEU,north rhine-westphalia,,,Windows-10-10.0.26100-SP0,3.11.0,3.0.1,8,Intel(R) Core(TM) i5-8250U CPU @ 1.60GHz,,,7.2005,51.6104,7.873264312744141,machine,N,1.0
2025-07-16T18:57:24,ollama-chatbot,c3d87d05-4ece-414a-9b37-e7846b5e4156,5b0fa12a-3dd7-45bb-9766-cc326314d9f1,54.39281119999941,0.0004028860082959,7.406971609070711e-06,60.0,0.0,10.0,0.0009065290083333,0,0.0001510533733333,0.0010575823816667,Germany,DEU,north rhine-westphalia,,,Windows-10-10.0.26100-SP0,3.11.0,3.0.1,8,Intel(R) Core(TM) i5-8250U CPU @ 1.60GHz,,,7.2005,51.6104,7.873264312744141,machine,N,1.0
2025-07-16T18:58:29,ollama-chatbot,56151fe0-20fc-4d6e-baca-e8cd6952c1f5,5b0fa12a-3dd7-45bb-9766-cc326314d9f1,59.53352520000044,0.0004409659626756,7.407019174394132e-06,60.0,0.0,10.0,0.0009922093783333,0,0.0001653335083333,0.0011575428866667,Germany,DEU,north rhine-westphalia,,,Windows-10-10.0.26100-SP0,3.11.0,3.0.1,8,Intel(R) Core(TM) i5-8250U CPU @ 1.60GHz,,,7.2005,51.6104,7.873264312744141,machine,N,1.0
2025-07-16T18:59:31,ollama-chatbot,25cb8ff1-bf5c-4625-8dda-052abc4fa4f6,5b0fa12a-3dd7-45bb-9766-cc326314d9f1,52.984915699998965,0.0003924545800536,7.406911474120567e-06,60.0,0.0,10.0,0.0008830641133334,0,0.0001471355980555,0.0010301997113889,Germany,DEU,north rhine-westphalia,,,Windows-10-10.0.26100-SP0,3.11.0,3.0.1,8,Intel(R) Core(TM) i5-8250U CPU @ 1.60GHz,,,7.2005,51.6104,7.873264312744141,machine,N,1.0
2025-07-16T19:00:36,ollama-chatbot,8429e9ba-3847-46c8-9872-be85837d6cc0,5b0fa12a-3dd7-45bb-9766-cc326314d9f1,58.604338900000585,0.0004340857300159,7.40705787598234e-06,60.0,0.0,10.0,0.0009767246466666,0,0.0001627575163888,0.0011394821630554,Germany,DEU,north rhine-westphalia,,,Windows-10-10.0.26100-SP0,3.11.0,3.0.1,8,Intel(R) Core(TM) i5-8250U CPU @ 1.60GHz,,,7.2005,51.6104,7.873264312744141,machine,N,1.0
2025-07-16T19:01:48,ollama-chatbot,3fd50390-e190-4e2b-9331-308e97aaa0c2,5b0fa12a-3dd7-45bb-9766-cc326314d9f1,65.91541290000168,0.000488234056137,7.406978651226593e-06,60.0,0.0,10.0,0.0010985714499999,0,0.0001830509574999,0.0012816224074999,Germany,DEU,north rhine-westphalia,,,Windows-10-10.0.26100-SP0,3.11.0,3.0.1,8,Intel(R) Core(TM) i5-8250U CPU @ 1.60GHz,,,7.2005,51.6104,7.873264312744141,machine,N,1.0
2025-07-16T19:02:41,ollama-chatbot,b464ac2f-bfe8-4470-97f9-fcd9a763dc4e,5b0fa12a-3dd7-45bb-9766-cc326314d9f1,47.3179197999998,0.0003504807776295,7.406935450902787e-06,60.0,0.0,10.0,0.0007886158066666,0,0.0001314019847222,0.0009200177913888,Germany,DEU,north rhine-westphalia,,,Windows-10-10.0.26100-SP0,3.11.0,3.0.1,8,Intel(R) Core(TM) i5-8250U CPU @ 1.60GHz,,,7.2005,51.6104,7.873264312744141,machine,N,1.0
2025-07-16T19:03:29,ollama-chatbot,6b5dbbe2-2a46-46bd-b0ff-3fca4a7e46dc,5b0fa12a-3dd7-45bb-9766-cc326314d9f1,40.94691550000061,0.0003032939964641,7.407004722105479e-06,60.0,0.0,10.0,0.0006824353299999,0,0.0001137163866666,0.0007961517166666,Germany,DEU,north rhine-westphalia,,,Windows-10-10.0.26100-SP0,3.11.0,3.0.1,8,Intel(R) Core(TM) i5-8250U CPU @ 1.60GHz,,,7.2005,51.6104,7.873264312744141,machine,N,1.0
2025-07-16T19:04:38,ollama-chatbot,a4e78113-8da7-4977-bae2-6f1613c6db46,5b0fa12a-3dd7-45bb-9766-cc326314d9f1,63.1154271000014,0.0004674904113942,7.406911952817916e-06,60.0,0.0,10.0,0.0010519012166667,0,0.0001752687830555,0.0012271699997222,Germany,DEU,north rhine-westphalia,,,Windows-10-10.0.26100-SP0,3.11.0,3.0.1,8,Intel(R) Core(TM) i5-8250U CPU @ 1.60GHz,,,7.2005,51.6104,7.873264312744141,machine,N,1.0
2025-07-16T19:05:43,ollama-chatbot,a49646fd-1803-4f27-9924-2902cbccf26b,5b0fa12a-3dd7-45bb-9766-cc326314d9f1,58.25581170000078,0.0004314950248323,7.4069009123832995e-06,60.0,0.0,10.0,0.0009709059633333,0,0.0001617755561111,0.0011326815194444,Germany,DEU,north rhine-westphalia,,,Windows-10-10.0.26100-SP0,3.11.0,3.0.1,8,Intel(R) Core(TM) i5-8250U CPU @ 1.60GHz,,,7.2005,51.6104,7.873264312744141,machine,N,1.0
2025-07-16T19:06:54,ollama-chatbot,6791d899-8644-42b0-bb23-7f1cb9c309aa,5b0fa12a-3dd7-45bb-9766-cc326314d9f1,65.30259830000068,0.0004836874324902,7.406863510516727e-06,60.0,0.0,10.0,0.0010883512983333,0,0.0001813361475,0.0012696874458333,Germany,DEU,north rhine-westphalia,,,Windows-10-10.0.26100-SP0,3.11.0,3.0.1,8,Intel(R) Core(TM) i5-8250U CPU @ 1.60GHz,,,7.2005,51.6104,7.873264312744141,machine,N,1.0
2025-07-16T19:08:09,ollama-chatbot,046be6c9-0b49-48f4-a60d-6a5fc7129dcf,5b0fa12a-3dd7-45bb-9766-cc326314d9f1,66.78891189999922,0.0004946980515041,7.406888919598055e-06,60.0,0.0,10.0,0.0011131229233333,0,0.0001854675780555,0.0012985905013889,Germany,DEU,north rhine-westphalia,,,Windows-10-10.0.26100-SP0,3.11.0,3.0.1,8,Intel(R) Core(TM) i5-8250U CPU @ 1.60GHz,,,7.2005,51.6104,7.873264312744141,machine,N,1.0
2025-07-16T19:09:04,ollama-chatbot,6c8ef250-ce82-4e46-aaee-d014d341c73c,5b0fa12a-3dd7-45bb-9766-cc326314d9f1,49.066313600000285,0.0003634304497095,7.406923875966632e-06,60.0,0.0,10.0,0.0008177535599999,0,0.0001362573330555,0.0009540108930555,Germany,DEU,north rhine-westphalia,,,Windows-10-10.0.26100-SP0,3.11.0,3.0.1,8,Intel(R) Core(TM) i5-8250U CPU @ 1.60GHz,,,7.2005,51.6104,7.873264312744141,machine,N,1.0
2025-07-16T19:09:52,ollama-chatbot,34c5b096-e27e-4636-9d09-6dd33a6d8dc7,5b0fa12a-3dd7-45bb-9766-cc326314d9f1,41.87765379999837,0.0003101867712676,7.406975871882499e-06,60.0,0.0,10.0,0.0006979477649999,0,0.0001162975986111,0.000814245363611,Germany,DEU,north rhine-westphalia,,,Windows-10-10.0.26100-SP0,3.11.0,3.0.1,8,Intel(R) Core(TM) i5-8250U CPU @ 1.60GHz,,,7.2005,51.6104,7.873264312744141,machine,N,1.0
2025-07-16T19:10:47,ollama-chatbot,25cd0aa7-f04d-4e21-9343-500b0f0e8504,5b0fa12a-3dd7-45bb-9766-cc326314d9f1,46.77081470000121,0.0003464300357511,7.406970307727719e-06,60.0,0.0,10.0,0.0007794999566667,0,0.0001298845708333,0.0009093845275,Germany,DEU,north rhine-westphalia,,,Windows-10-10.0.26100-SP0,3.11.0,3.0.1,8,Intel(R) Core(TM) i5-8250U CPU @ 1.60GHz,,,7.2005,51.6104,7.873264312744141,machine,N,1.0
2025-07-16T19:11:40,ollama-chatbot,dbf427a5-1c57-4632-ab98-f5546c314e6c,5b0fa12a-3dd7-45bb-9766-cc326314d9f1,46.20889190000162,0.0003422635398871,7.406876162012738e-06,60.0,0.0,10.0,0.000770131455,0,0.0001283159525,0.0008984474075,Germany,DEU,north rhine-westphalia,,,Windows-10-10.0.26100-SP0,3.11.0,3.0.1,8,Intel(R) Core(TM) i5-8250U CPU @ 1.60GHz,,,7.2005,51.6104,7.873264312744141,machine,N,1.0
2025-07-16T19:12:41,ollama-chatbot,ac7681c7-1cbc-4b69-819f-d7a5fab96877,5b0fa12a-3dd7-45bb-9766-cc326314d9f1,54.20234619999974,0.0004014707505804,7.406888792213694e-06,60.0,0.0,10.0,0.0009033514566666,0,0.0001505158502777,0.0010538673069443,Germany,DEU,north rhine-westphalia,,,Windows-10-10.0.26100-SP0,3.11.0,3.0.1,8,Intel(R) Core(TM) i5-8250U CPU @ 1.60GHz,,,7.2005,51.6104,7.873264312744141,machine,N,1.0
2025-07-16T19:13:32,ollama-chatbot,f3d97611-aa76-4080-a819-807159f4e552,5b0fa12a-3dd7-45bb-9766-cc326314d9f1,44.7487927000002,0.0003314529639616,7.406969975339855e-06,60.0,0.0,10.0,0.000745798615,0,0.0001242708533333,0.0008700694683334,Germany,DEU,north rhine-westphalia,,,Windows-10-10.0.26100-SP0,3.11.0,3.0.1,8,Intel(R) Core(TM) i5-8250U CPU @ 1.60GHz,,,7.2005,51.6104,7.873264312744141,machine,N,1.0
2025-07-16T19:14:21,ollama-chatbot,840ebed1-0d5c-4ed9-8467-92cdba6bfd2f,5b0fa12a-3dd7-45bb-9766-cc326314d9f1,43.119627399999445,0.000319383391037,7.4069144446527165e-06,60.0,0.0,10.0,0.00071864501,0,0.0001197416313888,0.0008383866413888,Germany,DEU,north rhine-westphalia,,,Windows-10-10.0.26100-SP0,3.11.0,3.0.1,8,Intel(R) Core(TM) i5-8250U CPU @ 1.60GHz,,,7.2005,51.6104,7.873264312744141,machine,N,1.0
2025-07-16T19:15:19,ollama-chatbot,b38f3f51-3189-4825-803f-5adeee3c8e36,5b0fa12a-3dd7-45bb-9766-cc326314d9f1,52.53691930000059,0.0003891344721271,7.406876484421816e-06,60.0,0.0,10.0,0.0008755945883332,0,0.0001458897852777,0.001021484373611,Germany,DEU,north rhine-westphalia,,,Windows-10-10.0.26100-SP0,3.11.0,3.0.1,8,Intel(R) Core(TM) i5-8250U CPU @ 1.60GHz,,,7.2005,51.6104,7.873264312744141,machine,N,1.0
2025-07-16T19:16:16,ollama-chatbot,25f4d9d7-4018-455b-8c2d-4cd8e4be41c3,5b0fa12a-3dd7-45bb-9766-cc326314d9f1,49.94620559999749,0.0003699461353354,7.406891692597793e-06,60.0,0.0,10.0,0.0008324162133332,0,0.0001386984613888,0.0009711146747221,Germany,DEU,north rhine-westphalia,,,Windows-10-10.0.26100-SP0,3.11.0,3.0.1,8,Intel(R) Core(TM) i5-8250U CPU @ 1.60GHz,,,7.2005,51.6104,7.873264312744141,machine,N,1.0
2025-07-16T19:17:22,ollama-chatbot,8c93547f-38cd-4238-8b11-f121a75020cd,5b0fa12a-3dd7-45bb-9766-cc326314d9f1,59.69155799999862,0.0004421368090086,7.407024105630411e-06,60.0,0.0,10.0,0.0009948421433333,0,0.0001657742341666,0.0011606163775,Germany,DEU,north rhine-westphalia,,,Windows-10-10.0.26100-SP0,3.11.0,3.0.1,8,Intel(R) Core(TM) i5-8250U CPU @ 1.60GHz,,,7.2005,51.6104,7.873264312744141,machine,N,1.0
2025-07-16T19:18:23,ollama-chatbot,bbc207b4-c3a9-4f29-927c-4e79ca52d56b,5b0fa12a-3dd7-45bb-9766-cc326314d9f1,54.46731329999966,0.0004034371053806,7.406958062325978e-06,60.0,0.0,10.0,0.0009077697333334,0,0.0001512592872222,0.0010590290205556,Germany,DEU,north rhine-westphalia,,,Windows-10-10.0.26100-SP0,3.11.0,3.0.1,8,Intel(R) Core(TM) i5-8250U CPU @ 1.60GHz,,,7.2005,51.6104,7.873264312744141,machine,N,1.0
2025-07-16T19:19:46,ollama-chatbot,901b59a0-8ce6-4b1b-81ca-02667fc063d1,5b0fa12a-3dd7-45bb-9766-cc326314d9f1,76.99584740000137,0.0005703032092334,7.406934639872798e-06,60.0,0.0,10.0,0.0012832359616665,0,0.0002138193191666,0.0014970552808332,Germany,DEU,north rhine-westphalia,,,Windows-10-10.0.26100-SP0,3.11.0,3.0.1,8,Intel(R) Core(TM) i5-8250U CPU @ 1.60GHz,,,7.2005,51.6104,7.873264312744141,machine,N,1.0
2025-07-16T19:20:41,ollama-chatbot,9ad8b908-e974-4f8c-9eeb-4142d242fb44,5b0fa12a-3dd7-45bb-9766-cc326314d9f1,49.02318160000141,0.0003631082630459,7.406868571049911e-06,60.0,0.0,10.0,0.0008170340166666,0,0.0001361311311111,0.0009531651477777,Germany,DEU,north rhine-westphalia,,,Windows-10-10.0.26100-SP0,3.11.0,3.0.1,8,Intel(R) Core(TM) i5-8250U CPU @ 1.60GHz,,,7.2005,51.6104,7.873264312744141,machine,N,1.0
2025-07-16T19:21:38,ollama-chatbot,f70e4717-3b53-46a1-9405-a07b3a479d4c,5b0fa12a-3dd7-45bb-9766-cc326314d9f1,50.417625099998986,0.0003734385159417,7.406904137216184e-06,60.0,0.0,10.0,0.00084027445,0,0.0001400077811111,0.0009802822311111,Germany,DEU,north rhine-westphalia,,,Windows-10-10.0.26100-SP0,3.11.0,3.0.1,8,Intel(R) Core(TM) i5-8250U CPU @ 1.60GHz,,,7.2005,51.6104,7.873264312744141,machine,N,1.0
2025-07-16T19:22:30,ollama-chatbot,5faed2b5-cebc-4a2d-84f8-a570a3a7b98c,5b0fa12a-3dd7-45bb-9766-cc326314d9f1,45.88829880000048,0.0003398912790524,7.406926993171661e-06,60.0,0.0,10.0,0.0007647886383332,0,0.0001274315455555,0.0008922201838888,Germany,DEU,north rhine-westphalia,,,Windows-10-10.0.26100-SP0,3.11.0,3.0.1,8,Intel(R) Core(TM) i5-8250U CPU @ 1.60GHz,,,7.2005,51.6104,7.873264312744141,machine,N,1.0
2025-07-16T19:23:45,ollama-chatbot,d95daa54-a343-47bb-bf6d-23166550dabb,5b0fa12a-3dd7-45bb-9766-cc326314d9f1,69.20943360000092,0.0005126269343685,7.406893940662175e-06,60.0,0.0,10.0,0.0011534636099999,0,0.0001921905030555,0.0013456541130555,Germany,DEU,north rhine-westphalia,,,Windows-10-10.0.26100-SP0,3.11.0,3.0.1,8,Intel(R) Core(TM) i5-8250U CPU @ 1.60GHz,,,7.2005,51.6104,7.873264312744141,machine,N,1.0
2025-07-16T19:24:49,ollama-chatbot,ed7063ef-6e2c-4427-b6f2-af6192660641,5b0fa12a-3dd7-45bb-9766-cc326314d9f1,57.0562992999985,0.0004226113569693,7.4069184674476e-06,60.0,0.0,10.0,0.0009509159049999,0,0.0001584458405555,0.0011093617455555,Germany,DEU,north rhine-westphalia,,,Windows-10-10.0.26100-SP0,3.11.0,3.0.1,8,Intel(R) Core(TM) i5-8250U CPU @ 1.60GHz,,,7.2005,51.6104,7.873264312744141,machine,N,1.0
2025-07-16T19:25:57,ollama-chatbot,85f8bce4-f68e-4511-b213-23afaf751999,5b0fa12a-3dd7-45bb-9766-cc326314d9f1,61.647209399998246,0.0004566153039142,7.406909548030597e-06,60.0,0.0,10.0,0.0010274307116666,0,0.0001711919524999,0.0011986226641666,Germany,DEU,north rhine-westphalia,,,Windows-10-10.0.26100-SP0,3.11.0,3.0.1,8,Intel(R) Core(TM) i5-8250U CPU @ 1.60GHz,,,7.2005,51.6104,7.873264312744141,machine,N,1.0
2025-07-16T19:26:50,ollama-chatbot,051a95e0-f01b-4439-a9ad-f5501c252e68,5b0fa12a-3dd7-45bb-9766-cc326314d9f1,47.621387900002446,0.0003527252832838,7.406866931819871e-06,60.0,0.0,10.0,0.00079366875,0,0.0001322409055555,0.0009259096555555,Germany,DEU,north rhine-westphalia,,,Windows-10-10.0.26100-SP0,3.11.0,3.0.1,8,Intel(R) Core(TM) i5-8250U CPU @ 1.60GHz,,,7.2005,51.6104,7.873264312744141,machine,N,1.0
2025-07-16T19:27:45,ollama-chatbot,c132ddeb-1759-40bc-b0ad-6d82b0af61eb,5b0fa12a-3dd7-45bb-9766-cc326314d9f1,47.71277639999971,0.0003534028106895,7.40688002992672e-06,60.0,0.0,10.0,0.0007951928066666,0,0.0001324953694444,0.000927688176111,Germany,DEU,north rhine-westphalia,,,Windows-10-10.0.26100-SP0,3.11.0,3.0.1,8,Intel(R) Core(TM) i5-8250U CPU @ 1.60GHz,,,7.2005,51.6104,7.873264312744141,machine,N,1.0
2025-07-16T19:28:44,ollama-chatbot,38a1a40c-1faa-4390-8da9-98af4dc42983,5b0fa12a-3dd7-45bb-9766-cc326314d9f1,52.12667190000138,0.0003861002449536,7.406961367000909e-06,60.0,0.0,10.0,0.000868760645,0,0.0001447588324999,0.0010135194775,Germany,DEU,north rhine-westphalia,,,Windows-10-10.0.26100-SP0,3.11.0,3.0.1,8,Intel(R) Core(TM) i5-8250U CPU @ 1.60GHz,,,7.2005,51.6104,7.873264312744141,machine,N,1.0
2025-07-16T19:29:43,ollama-chatbot,0c17551f-4a81-4ca6-92c0-5047f3243ff2,5b0fa12a-3dd7-45bb-9766-cc326314d9f1,50.82806509999864,0.0003764787397973,7.406906775945714e-06,60.0,0.0,10.0,0.0008471144299999,0,0.0001411484386111,0.000988262868611,Germany,DEU,north rhine-westphalia,,,Windows-10-10.0.26100-SP0,3.11.0,3.0.1,8,Intel(R) Core(TM) i5-8250U CPU @ 1.60GHz,,,7.2005,51.6104,7.873264312744141,machine,N,1.0
2025-07-16T19:30:41,ollama-chatbot,efdb721c-0432-4624-bce0-81113a24ff53,5b0fa12a-3dd7-45bb-9766-cc326314d9f1,52.39908959999957,0.000388115767912,7.4069181521059485e-06,60.0,0.0,10.0,0.0008732954999999,0,0.0001455147583333,0.0010188102583332,Germany,DEU,north rhine-westphalia,,,Windows-10-10.0.26100-SP0,3.11.0,3.0.1,8,Intel(R) Core(TM) i5-8250U CPU @ 1.60GHz,,,7.2005,51.6104,7.873264312744141,machine,N,1.0
2025-07-16T19:31:51,ollama-chatbot,c06c73e8-dadc-4fe5-8bb3-8794d51ea19f,5b0fa12a-3dd7-45bb-9766-cc326314d9f1,63.03564129999722,0.0004669000000577,7.406920758301241e-06,60.0,0.0,10.0,0.0010505702533332,0,0.0001750499069444,0.0012256201602776,Germany,DEU,north rhine-westphalia,,,Windows-10-10.0.26100-SP0,3.11.0,3.0.1,8,Intel(R) Core(TM) i5-8250U CPU @ 1.60GHz,,,7.2005,51.6104,7.873264312744141,machine,N,1.0
2025-07-16T19:32:51,ollama-chatbot,fafe47bd-8a6b-4f0e-8cca-b28728814a88,5b0fa12a-3dd7-45bb-9766-cc326314d9f1,54.15655799999877,0.0004011358471709,7.40696717045795e-06,60.0,0.0,10.0,0.0009025927933333,0,0.0001503953866666,0.0010529881799999,Germany,DEU,north rhine-westphalia,,,Windows-10-10.0.26100-SP0,3.11.0,3.0.1,8,Intel(R) Core(TM) i5-8250U CPU @ 1.60GHz,,,7.2005,51.6104,7.873264312744141,machine,N,1.0
2025-07-16T19:34:01,ollama-chatbot,c5aa2126-c75f-4544-be29-c6e53d5cd6cf,5b0fa12a-3dd7-45bb-9766-cc326314d9f1,63.099728199998935,0.0004673732196398,7.406897509264768e-06,60.0,0.0,10.0,0.0010516397299999,0,0.0001752226394444,0.0012268623694444,Germany,DEU,north rhine-westphalia,,,Windows-10-10.0.26100-SP0,3.11.0,3.0.1,8,Intel(R) Core(TM) i5-8250U CPU @ 1.60GHz,,,7.2005,51.6104,7.873264312744141,machine,N,1.0
2025-07-16T19:34:53,ollama-chatbot,c492d854-5897-4f5a-8178-3872536c5350,5b0fa12a-3dd7-45bb-9766-cc326314d9f1,44.093883699999424,0.0003266032473942,7.406996616952832e-06,60.0,0.0,10.0,0.0007348841,0,0.0001224547827777,0.0008573388827778,Germany,DEU,north rhine-westphalia,,,Windows-10-10.0.26100-SP0,3.11.0,3.0.1,8,Intel(R) Core(TM) i5-8250U CPU @ 1.60GHz,,,7.2005,51.6104,7.873264312744141,machine,N,1.0
2025-07-16T19:36:07,ollama-chatbot,5de8bab9-adc7-4371-bc64-8923d55b21bb,5b0fa12a-3dd7-45bb-9766-cc326314d9f1,68.3873022000007,0.0005065451190467,7.407005434508213e-06,60.0,0.0,10.0,0.0011397664533333,0,0.0001899227947222,0.0013296892480555,Germany,DEU,north rhine-westphalia,,,Windows-10-10.0.26100-SP0,3.11.0,3.0.1,8,Intel(R) Core(TM) i5-8250U CPU @ 1.60GHz,,,7.2005,51.6104,7.873264312744141,machine,N,1.0
2025-07-16T19:37:19,ollama-chatbot,ceba2dce-9347-4339-a427-86799bf27d57,5b0fa12a-3dd7-45bb-9766-cc326314d9f1,63.76297540000087,0.0004722852160296,7.40688797953505e-06,60.0,0.0,10.0,0.0010626896316667,0,0.0001770668088888,0.0012397564405555,Germany,DEU,north rhine-westphalia,,,Windows-10-10.0.26100-SP0,3.11.0,3.0.1,8,Intel(R) Core(TM) i5-8250U CPU @ 1.60GHz,,,7.2005,51.6104,7.873264312744141,machine,N,1.0
2025-07-16T19:38:14,ollama-chatbot,b8f529ea-95f1-4cab-aac0-2142df9de44b,5b0fa12a-3dd7-45bb-9766-cc326314d9f1,49.53077249999842,0.0003668677176444,7.406864442594229e-06,60.0,0.0,10.0,0.0008254921883333,0,0.0001375415894444,0.0009630337777778,Germany,DEU,north rhine-westphalia,,,Windows-10-10.0.26100-SP0,3.11.0,3.0.1,8,Intel(R) Core(TM) i5-8250U CPU @ 1.60GHz,,,7.2005,51.6104,7.873264312744141,machine,N,1.0
2025-07-16T19:39:12,ollama-chatbot,5f4b34a9-dc77-4caa-b96e-24e71f4e13aa,5b0fa12a-3dd7-45bb-9766-cc326314d9f1,50.86332100000072,0.0003767402332953,7.4069137816485775e-06,60.0,0.0,10.0,0.0008477033149999,0,0.0001412459783333,0.0009889492933333,Germany,DEU,north rhine-westphalia,,,Windows-10-10.0.26100-SP0,3.11.0,3.0.1,8,Intel(R) Core(TM) i5-8250U CPU @ 1.60GHz,,,7.2005,51.6104,7.873264312744141,machine,N,1.0
2025-07-16T19:40:36,ollama-chatbot,4e5b918e-1b37-404a-bf35-f8d75f7a07f4,5b0fa12a-3dd7-45bb-9766-cc326314d9f1,76.94333270000061,0.0005699168893199,7.406969120274849e-06,60.0,0.0,10.0,0.00128236425,0,0.0002136769347222,0.0014960411847222,Germany,DEU,north rhine-westphalia,,,Windows-10-10.0.26100-SP0,3.11.0,3.0.1,8,Intel(R) Core(TM) i5-8250U CPU @ 1.60GHz,,,7.2005,51.6104,7.873264312744141,machine,N,1.0
2025-07-16T19:42:07,ollama-chatbot,0caa452f-15bb-4425-ab95-a242ef65934b,5b0fa12a-3dd7-45bb-9766-cc326314d9f1,85.6866955000005,0.0006346807711039,7.406993202392275e-06,60.0,0.0,10.0,0.0014280854716665,0,0.0002379619652777,0.0016660474369443,Germany,DEU,north rhine-westphalia,,,Windows-10-10.0.26100-SP0,3.11.0,3.0.1,8,Intel(R) Core(TM) i5-8250U CPU @ 1.60GHz,,,7.2005,51.6104,7.873264312744141,machine,N,1.0
2025-07-16T19:42:58,ollama-chatbot,1f36595a-293b-4f19-8dd1-a526fc46825a,5b0fa12a-3dd7-45bb-9766-cc326314d9f1,44.71565579999879,0.0003312094513036,7.407013167491942e-06,60.0,0.0,10.0,0.0007452472283332,0,0.0001241830152777,0.000869430243611,Germany,DEU,north rhine-westphalia,,,Windows-10-10.0.26100-SP0,3.11.0,3.0.1,8,Intel(R) Core(TM) i5-8250U CPU @ 1.60GHz,,,7.2005,51.6104,7.873264312744141,machine,N,1.0
2025-07-16T19:44:14,ollama-chatbot,e6ad18b1-cfc7-4528-8a79-89021dc4850f,5b0fa12a-3dd7-45bb-9766-cc326314d9f1,69.43467720000262,0.0005143000458162,7.406962436576914e-06,60.0,0.0,10.0,0.0011572244833333,0,0.0001928215747222,0.0013500460580555,Germany,DEU,north rhine-westphalia,,,Windows-10-10.0.26100-SP0,3.11.0,3.0.1,8,Intel(R) Core(TM) i5-8250U CPU @ 1.60GHz,,,7.2005,51.6104,7.873264312744141,machine,N,1.0
2025-07-16T19:45:09,ollama-chatbot,ae4e5718-20f5-40fa-9cb9-ca14b4df48fd,5b0fa12a-3dd7-45bb-9766-cc326314d9f1,49.70669690000068,0.0003681748994215,7.40694760229707e-06,60.0,0.0,10.0,0.0008284274183332,0,0.0001380377330555,0.0009664651513888,Germany,DEU,north rhine-westphalia,,,Windows-10-10.0.26100-SP0,3.11.0,3.0.1,8,Intel(R) Core(TM) i5-8250U CPU @ 1.60GHz,,,7.2005,51.6104,7.873264312744141,machine,N,1.0
2025-07-16T19:46:11,ollama-chatbot,a590ee4d-68e4-4e0e-b470-d10e225d9a3a,5b0fa12a-3dd7-45bb-9766-cc326314d9f1,55.468414300001314,0.000410850135451,7.4069205084704925e-06,60.0,0.0,10.0,0.0009244516816666,0,0.0001540366644444,0.001078488346111,Germany,DEU,north rhine-westphalia,,,Windows-10-10.0.26100-SP0,3.11.0,3.0.1,8,Intel(R) Core(TM) i5-8250U CPU @ 1.60GHz,,,7.2005,51.6104,7.873264312744141,machine,N,1.0
2025-07-16T19:47:11,ollama-chatbot,df2175e4-2da6-4385-95f0-12a6082a0293,5b0fa12a-3dd7-45bb-9766-cc326314d9f1,54.16688939999949,0.0004012101887169,7.406926872876099e-06,60.0,0.0,10.0,0.000902760715,0,0.0001504226127777,0.0010531833277778,Germany,DEU,north rhine-westphalia,,,Windows-10-10.0.26100-SP0,3.11.0,3.0.1,8,Intel(R) Core(TM) i5-8250U CPU @ 1.60GHz,,,7.2005,51.6104,7.873264312744141,machine,N,1.0
2025-07-16T19:48:23,ollama-chatbot,9bfc07c3-02ea-41a9-8169-841547f21dec,5b0fa12a-3dd7-45bb-9766-cc326314d9f1,65.01031180000064,0.0004815273047212,7.406937321000041e-06,60.0,0.0,10.0,0.001083480795,0,0.00018053628,0.001264017075,Germany,DEU,north rhine-westphalia,,,Windows-10-10.0.26100-SP0,3.11.0,3.0.1,8,Intel(R) Core(TM) i5-8250U CPU @ 1.60GHz,,,7.2005,51.6104,7.873264312744141,machine,N,1.0
2025-07-16T19:49:32,ollama-chatbot,740c5bd5-6073-414f-b9e2-d8a67ddbcaea,5b0fa12a-3dd7-45bb-9766-cc326314d9f1,61.25077020000026,0.000453675497632,7.406853761197145e-06,60.0,0.0,10.0,0.0010208215899999,0,0.0001700840344444,0.0011909056244443,Germany,DEU,north rhine-westphalia,,,Windows-10-10.0.26100-SP0,3.11.0,3.0.1,8,Intel(R) Core(TM) i5-8250U CPU @ 1.60GHz,,,7.2005,51.6104,7.873264312744141,machine,N,1.0
2025-07-16T19:49:59,ollama-chatbot,0ad5f367-35bc-4abf-9d6e-b3c15b89efa4,5b0fa12a-3dd7-45bb-9766-cc326314d9f1,21.328744099999312,0.0001579794699766,7.406881025716311e-06,60.0,0.0,10.0,0.0003554697216666,0,5.922897888889969e-05,0.0004146987005555,Germany,DEU,north rhine-westphalia,,,Windows-10-10.0.26100-SP0,3.11.0,3.0.1,8,Intel(R) Core(TM) i5-8250U CPU @ 1.60GHz,,,7.2005,51.6104,7.873264312744141,machine,N,1.0
2025-07-16T19:51:10,ollama-chatbot,c0dc9cdd-eae6-4d14-ad39-935d87a625cc,5b0fa12a-3dd7-45bb-9766-cc326314d9f1,65.08419119999962,0.0004820720156024,7.406898767799335e-06,60.0,0.0,10.0,0.0010847106883333,0,0.0001807362616666,0.0012654469499999,Germany,DEU,north rhine-westphalia,,,Windows-10-10.0.26100-SP0,3.11.0,3.0.1,8,Intel(R) Core(TM) i5-8250U CPU @ 1.60GHz,,,7.2005,51.6104,7.873264312744141,machine,N,1.0
2025-07-16T19:51:43,ollama-chatbot,812a78ce-587e-4553-b070-91f775dea0d9,5b0fa12a-3dd7-45bb-9766-cc326314d9f1,26.87460120000105,0.0001990576233953,7.406905200710732e-06,60.0,0.0,10.0,0.0004479009983333,0,7.462852888889351e-05,0.0005225295272222,Germany,DEU,north rhine-westphalia,,,Windows-10-10.0.26100-SP0,3.11.0,3.0.1,8,Intel(R) Core(TM) i5-8250U CPU @ 1.60GHz,,,7.2005,51.6104,7.873264312744141,machine,N,1.0
2025-07-16T19:52:27,ollama-chatbot,ed5c1a28-9153-4eec-8fb7-43cb7de69ffc,5b0fa12a-3dd7-45bb-9766-cc326314d9f1,37.655016500000784,0.0002789111477997,7.407011700544781e-06,60.0,0.0,10.0,0.0006275724566666,0,0.0001045738822222,0.0007321463388888,Germany,DEU,north rhine-westphalia,,,Windows-10-10.0.26100-SP0,3.11.0,3.0.1,8,Intel(R) Core(TM) i5-8250U CPU @ 1.60GHz,,,7.2005,51.6104,7.873264312744141,machine,N,1.0
2025-07-16T19:53:16,ollama-chatbot,9cd69879-1363-4392-95b0-e50e9e91f4f2,5b0fa12a-3dd7-45bb-9766-cc326314d9f1,42.75185910000073,0.0003166606126048,7.406943680838335e-06,60.0,0.0,10.0,0.00071251615,0,0.0001187231533333,0.0008312393033333,Germany,DEU,north rhine-westphalia,,,Windows-10-10.0.26100-SP0,3.11.0,3.0.1,8,Intel(R) Core(TM) i5-8250U CPU @ 1.60GHz,,,7.2005,51.6104,7.873264312744141,machine,N,1.0
2025-07-16T19:54:25,ollama-chatbot,dda03db5-f736-4517-9be4-6fced7a59928,5b0fa12a-3dd7-45bb-9766-cc326314d9f1,62.723322000001644,0.000464588477362,7.406949481439037e-06,60.0,0.0,10.0,0.0010453670299999,0,0.0001741853452777,0.0012195523752777,Germany,DEU,north rhine-westphalia,,,Windows-10-10.0.26100-SP0,3.11.0,3.0.1,8,Intel(R) Core(TM) i5-8250U CPU @ 1.60GHz,,,7.2005,51.6104,7.873264312744141,machine,N,1.0
2025-07-16T19:55:20,ollama-chatbot,53ff8f77-b051-4b9b-b5f4-115f5d4aea3e,5b0fa12a-3dd7-45bb-9766-cc326314d9f1,47.94876419999855,0.000355146737356,7.406796468720251e-06,60.0,0.0,10.0,0.0007991260849999,0,0.0001331399272222,0.0009322660122222,Germany,DEU,north rhine-westphalia,,,Windows-10-10.0.26100-SP0,3.11.0,3.0.1,8,Intel(R) Core(TM) i5-8250U CPU @ 1.60GHz,,,7.2005,51.6104,7.873264312744141,machine,N,1.0
2025-07-16T19:56:25,ollama-chatbot,455374ee-1124-43bc-8faa-cd8704c0f512,5b0fa12a-3dd7-45bb-9766-cc326314d9f1,57.83638810000048,0.0004283917047573,7.406958124989726e-06,60.0,0.0,10.0,0.0009639221383333,0,0.000160613115,0.0011245352533333,Germany,DEU,north rhine-westphalia,,,Windows-10-10.0.26100-SP0,3.11.0,3.0.1,8,Intel(R) Core(TM) i5-8250U CPU @ 1.60GHz,,,7.2005,51.6104,7.873264312744141,machine,N,1.0
2025-07-16T19:57:32,ollama-chatbot,088ba347-95d7-4cc0-aacd-bf147c5dfd79,5b0fa12a-3dd7-45bb-9766-cc326314d9f1,59.719643199998245,0.0004423382515591,7.406913837005848e-06,60.0,0.0,10.0,0.0009953066616666,0,0.0001658385058333,0.0011611451674999,Germany,DEU,north rhine-westphalia,,,Windows-10-10.0.26100-SP0,3.11.0,3.0.1,8,Intel(R) Core(TM) i5-8250U CPU @ 1.60GHz,,,7.2005,51.6104,7.873264312744141,machine,N,1.0
2025-07-16T19:58:30,ollama-chatbot,8292e21e-09e1-4065-bc14-f02dd463f850,5b0fa12a-3dd7-45bb-9766-cc326314d9f1,51.56916410000122,0.0003819659889939,7.406867954137161e-06,60.0,0.0,10.0,0.0008594690883333,0,0.0001431978994444,0.0010026669877777,Germany,DEU,north rhine-westphalia,,,Windows-10-10.0.26100-SP0,3.11.0,3.0.1,8,Intel(R) Core(TM) i5-8250U CPU @ 1.60GHz,,,7.2005,51.6104,7.873264312744141,machine,N,1.0
2025-07-16T19:59:17,ollama-chatbot,461b4936-6c85-44d7-800a-13859e8f9993,5b0fa12a-3dd7-45bb-9766-cc326314d9f1,40.66503370000282,0.0003012029858293,7.406928223677908e-06,60.0,0.0,10.0,0.0006777365416666,0,0.0001129262377777,0.0007906627794444,Germany,DEU,north rhine-westphalia,,,Windows-10-10.0.26100-SP0,3.11.0,3.0.1,8,Intel(R) Core(TM) i5-8250U CPU @ 1.60GHz,,,7.2005,51.6104,7.873264312744141,machine,N,1.0
2025-07-16T20:00:23,ollama-chatbot,6f951e2a-c77a-4533-8efb-a68ef47c2196,5b0fa12a-3dd7-45bb-9766-cc326314d9f1,60.9044916999992,0.0004511114941863,7.406867401642816e-06,60.0,0.0,10.0,0.0010150523433333,0,0.0001691227299999,0.0011841750733333,Germany,DEU,north rhine-westphalia,,,Windows-10-10.0.26100-SP0,3.11.0,3.0.1,8,Intel(R) Core(TM) i5-8250U CPU @ 1.60GHz,,,7.2005,51.6104,7.873264312744141,machine,N,1.0
2025-07-16T20:01:44,ollama-chatbot,7adfae2a-8c9f-46b4-aa9d-1532f5eab1c9,5b0fa12a-3dd7-45bb-9766-cc326314d9f1,74.6265988999985,0.0005527549242019,7.40694246219912e-06,60.0,0.0,10.0,0.0012437532633332,0,0.0002072374813888,0.0014509907447221,Germany,DEU,north rhine-westphalia,,,Windows-10-10.0.26100-SP0,3.11.0,3.0.1,8,Intel(R) Core(TM) i5-8250U CPU @ 1.60GHz,,,7.2005,51.6104,7.873264312744141,machine,N,1.0
2025-07-16T20:02:39,ollama-chatbot,11281d67-476d-42b3-b015-80bcb6af1023,5b0fa12a-3dd7-45bb-9766-cc326314d9f1,47.72633249999853,0.0003535014363165,7.406842675718221e-06,60.0,0.0,10.0,0.00079542075,0,0.0001325263199999,0.00092794707,Germany,DEU,north rhine-westphalia,,,Windows-10-10.0.26100-SP0,3.11.0,3.0.1,8,Intel(R) Core(TM) i5-8250U CPU @ 1.60GHz,,,7.2005,51.6104,7.873264312744141,machine,N,1.0
2025-07-16T20:03:32,ollama-chatbot,a760eb9e-6e9d-4809-9326-deed0429d63b,5b0fa12a-3dd7-45bb-9766-cc326314d9f1,44.73055779999777,2.067499629359291e-06,4.6221190413131726e-08,60.0,0.0,10.0,0.0007454959899998,0,0.0001242177127777,0.0008697137027776,Canada,CAN,quebec,,,Windows-10-10.0.26100-SP0,3.11.0,3.0.1,8,Intel(R) Core(TM) i5-8250U CPU @ 1.60GHz,,,-71.2,46.8,7.873264312744141,machine,N,1.0
2025-07-16T20:04:47,ollama-chatbot,3fb72374-1e51-4239-963e-0eb49c08c760,5b0fa12a-3dd7-45bb-9766-cc326314d9f1,69.07254720000128,0.0005116148019642,7.406919575194302e-06,60.0,0.0,10.0,0.001151186815,0,0.0001918104338888,0.0013429972488888,Germany,DEU,north rhine-westphalia,,,Windows-10-10.0.26100-SP0,3.11.0,3.0.1,8,Intel(R) Core(TM) i5-8250U CPU @ 1.60GHz,,,7.2005,51.6104,7.873264312744141,machine,N,1.0
2025-07-16T20:05:45,ollama-chatbot,540e5860-1a01-410e-9bca-6334131bfa58,5b0fa12a-3dd7-45bb-9766-cc326314d9f1,49.8892620000006,0.0003695215478303,7.406835319198838e-06,60.0,0.0,10.0,0.0008314664883332,0,0.0001385336372222,0.0009700001255555,Germany,DEU,north rhine-westphalia,,,Windows-10-10.0.26100-SP0,3.11.0,3.0.1,8,Intel(R) Core(TM) i5-8250U CPU @ 1.60GHz,,,7.2005,51.6104,7.873264312744141,machine,N,1.0
2025-07-16T20:06:29,ollama-chatbot,954c1399-fa10-4b99-b713-e1a5d5e8d7da,5b0fa12a-3dd7-45bb-9766-cc326314d9f1,36.30922009999995,0.0002689381991257,7.406884487881502e-06,60.0,0.0,10.0,0.0006051394983333,0,0.0001008276866666,0.000705967185,Germany,DEU,north rhine-westphalia,,,Windows-10-10.0.26100-SP0,3.11.0,3.0.1,8,Intel(R) Core(TM) i5-8250U CPU @ 1.60GHz,,,7.2005,51.6104,7.873264312744141,machine,N,1.0
2025-07-16T20:07:34,ollama-chatbot,f0a4b151-6f64-4261-aeec-1c1aa6f7204e,5b0fa12a-3dd7-45bb-9766-cc326314d9f1,59.32341860000088,0.0004394093821398,7.40701383213624e-06,60.0,0.0,10.0,0.0009887076866666,0,0.0001647491505555,0.0011534568372222,Germany,DEU,north rhine-westphalia,,,Windows-10-10.0.26100-SP0,3.11.0,3.0.1,8,Intel(R) Core(TM) i5-8250U CPU @ 1.60GHz,,,7.2005,51.6104,7.873264312744141,machine,N,1.0
2025-07-16T20:08:57,ollama-chatbot,cf3a0216-a6ae-4c9b-8e81-cb53180786cd,5b0fa12a-3dd7-45bb-9766-cc326314d9f1,76.35603629999969,0.0005655594703105,7.40687308713264e-06,60.0,0.0,10.0,0.0012725742983333,0,0.00021202859,0.0014846028883333,Germany,DEU,north rhine-westphalia,,,Windows-10-10.0.26100-SP0,3.11.0,3.0.1,8,Intel(R) Core(TM) i5-8250U CPU @ 1.60GHz,,,7.2005,51.6104,7.873264312744141,machine,N,1.0
2025-07-16T20:09:49,ollama-chatbot,a771333a-4168-45b1-88b2-c5355755a436,5b0fa12a-3dd7-45bb-9766-cc326314d9f1,45.92411250000077,0.0003401570524178,7.406937965710613e-06,60.0,0.0,10.0,0.0007653867166666,0,0.0001275311266666,0.0008929178433333,Germany,DEU,north rhine-westphalia,,,Windows-10-10.0.26100-SP0,3.11.0,3.0.1,8,Intel(R) Core(TM) i5-8250U CPU @ 1.60GHz,,,7.2005,51.6104,7.873264312744141,machine,N,1.0
2025-07-16T20:10:35,ollama-chatbot,ede82729-5fa9-4386-81a3-613b55c86188,5b0fa12a-3dd7-45bb-9766-cc326314d9f1,39.82276700000148,0.0002949651152924,7.40694676722137e-06,60.0,0.0,10.0,0.0006637001216666,0,0.0001105881452777,0.0007742882669444,Germany,DEU,north rhine-westphalia,,,Windows-10-10.0.26100-SP0,3.11.0,3.0.1,8,Intel(R) Core(TM) i5-8250U CPU @ 1.60GHz,,,7.2005,51.6104,7.873264312744141,machine,N,1.0
2025-07-16T20:11:30,ollama-chatbot,80a763dc-86d4-480c-87e4-039f95274975,5b0fa12a-3dd7-45bb-9766-cc326314d9f1,48.62631279999914,0.000360170877701,7.406913190856226e-06,60.0,0.0,10.0,0.0008104215483333,0,0.0001350329147222,0.0009454544630555,Germany,DEU,north rhine-westphalia,,,Windows-10-10.0.26100-SP0,3.11.0,3.0.1,8,Intel(R) Core(TM) i5-8250U CPU @ 1.60GHz,,,7.2005,51.6104,7.873264312744141,machine,N,1.0
2025-07-16T20:12:14,ollama-chatbot,24ae2c26-2c07-44fc-bb14-8d5e90617e6e,5b0fa12a-3dd7-45bb-9766-cc326314d9f1,38.43495829999665,0.0002846837510857,7.406896317246855e-06,60.0,0.0,10.0,0.0006405701683332,0,0.0001067293488888,0.0007472995172221,Germany,DEU,north rhine-westphalia,,,Windows-10-10.0.26100-SP0,3.11.0,3.0.1,8,Intel(R) Core(TM) i5-8250U CPU @ 1.60GHz,,,7.2005,51.6104,7.873264312744141,machine,N,1.0
2025-07-16T20:13:24,ollama-chatbot,d5bb9971-17fa-40bc-b24a-1b2e78655c64,5b0fa12a-3dd7-45bb-9766-cc326314d9f1,62.68366210000022,0.0004642891269579,7.406860279114124e-06,60.0,0.0,10.0,0.001044699645,0,0.0001740669305555,0.0012187665755555,Germany,DEU,north rhine-westphalia,,,Windows-10-10.0.26100-SP0,3.11.0,3.0.1,8,Intel(R) Core(TM) i5-8250U CPU @ 1.60GHz,,,7.2005,51.6104,7.873264312744141,machine,N,1.0
2025-07-16T20:14:55,ollama-chatbot,f5ddcb16-4ffb-4ca0-8d39-ed44dcb3f289,5b0fa12a-3dd7-45bb-9766-cc326314d9f1,84.76472500000091,0.0006278513291321,7.406988333085393e-06,60.0,0.0,10.0,0.0014127198116667,0,0.0002354002280555,0.0016481200397222,Germany,DEU,north rhine-westphalia,,,Windows-10-10.0.26100-SP0,3.11.0,3.0.1,8,Intel(R) Core(TM) i5-8250U CPU @ 1.60GHz,,,7.2005,51.6104,7.873264312744141,machine,N,1.0
2025-07-16T20:15:46,ollama-chatbot,c48f0a2b-47c0-45ee-b710-32a607872c43,5b0fa12a-3dd7-45bb-9766-cc326314d9f1,44.70266769999944,0.0003311104434568,7.406950423606326e-06,60.0,0.0,10.0,0.0007450293483333,0,0.0001241409980555,0.0008691703463888,Germany,DEU,north rhine-westphalia,,,Windows-10-10.0.26100-SP0,3.11.0,3.0.1,8,Intel(R) Core(TM) i5-8250U CPU @ 1.60GHz,,,7.2005,51.6104,7.873264312744141,machine,N,1.0
2025-07-16T20:16:47,ollama-chatbot,f73c6a73-a3e3-4b41-b1b8-98071a5ac169,5b0fa12a-3dd7-45bb-9766-cc326314d9f1,52.91525879999972,0.0003919423161653,7.406980992888261e-06,60.0,0.0,10.0,0.0008819058100001,0,0.0001469492002777,0.0010288550102778,Germany,DEU,north rhine-westphalia,,,Windows-10-10.0.26100-SP0,3.11.0,3.0.1,8,Intel(R) Core(TM) i5-8250U CPU @ 1.60GHz,,,7.2005,51.6104,7.873264312744141,machine,N,1.0
2025-07-16T20:17:49,ollama-chatbot,f6e714d5-49fe-4dbc-a89a-947dc7093dcb,5b0fa12a-3dd7-45bb-9766-cc326314d9f1,55.61668719999943,0.0004119497059331,7.406944330426644e-06,60.0,0.0,10.0,0.0009269255516666,0,0.0001544491849999,0.0010813747366666,Germany,DEU,north rhine-westphalia,,,Windows-10-10.0.26100-SP0,3.11.0,3.0.1,8,Intel(R) Core(TM) i5-8250U CPU @ 1.60GHz,,,7.2005,51.6104,7.873264312744141,machine,N,1.0
2025-07-16T20:18:17,ollama-chatbot,6b9ab2f2-8c05-48d3-93bd-cb80eefab5d4,5b0fa12a-3dd7-45bb-9766-cc326314d9f1,21.30151489999844,0.0001577777085921,7.406877366836941e-06,60.0,0.0,10.0,0.0003550163449999,0,5.915272861110578e-05,0.000414169073611,Germany,DEU,north rhine-westphalia,,,Windows-10-10.0.26100-SP0,3.11.0,3.0.1,8,Intel(R) Core(TM) i5-8250U CPU @ 1.60GHz,,,7.2005,51.6104,7.873264312744141,machine,N,1.0
2025-07-16T20:19:20,ollama-chatbot,fd0fd649-acf1-4b2b-8256-b5d33d3c29ef,5b0fa12a-3dd7-45bb-9766-cc326314d9f1,56.149733500002185,0.0004159006578533,7.406992552392314e-06,60.0,0.0,10.0,0.0009358125016666,0,0.0001559335486111,0.0010917460502778,Germany,DEU,north rhine-westphalia,,,Windows-10-10.0.26100-SP0,3.11.0,3.0.1,8,Intel(R) Core(TM) i5-8250U CPU @ 1.60GHz,,,7.2005,51.6104,7.873264312744141,machine,N,1.0
2025-07-16T20:20:18,ollama-chatbot,f61bdfcc-24ce-45ac-a3c9-83fd97a6a0ff,5b0fa12a-3dd7-45bb-9766-cc326314d9f1,51.54349609999917,0.0003817822559623,7.406991858326563e-06,60.0,0.0,10.0,0.0008590427799999,0,0.0001431419055555,0.0010021846855555,Germany,DEU,north rhine-westphalia,,,Windows-10-10.0.26100-SP0,3.11.0,3.0.1,8,Intel(R) Core(TM) i5-8250U CPU @ 1.60GHz,,,7.2005,51.6104,7.873264312744141,machine,N,1.0
2025-07-16T20:21:38,ollama-chatbot,37b227df-8079-4f2f-bd51-458a766c95dd,5b0fa12a-3dd7-45bb-9766-cc326314d9f1,73.32392520000212,0.0005431090669227,7.406982992814009e-06,60.0,0.0,10.0,0.0012220440916666,0,0.0002036261194444,0.0014256702111111,Germany,DEU,north rhine-westphalia,,,Windows-10-10.0.26100-SP0,3.11.0,3.0.1,8,Intel(R) Core(TM) i5-8250U CPU @ 1.60GHz,,,7.2005,51.6104,7.873264312744141,machine,N,1.0
2025-07-16T20:22:44,ollama-chatbot,239d876d-4a96-4796-b0bb-ef7c1c0af0a3,5b0fa12a-3dd7-45bb-9766-cc326314d9f1,59.947400000000926,0.0004440274623771,7.406951133446054e-06,60.0,0.0,10.0,0.0009991029133333,0,0.0001664764602777,0.0011655793736111,Germany,DEU,north rhine-westphalia,,,Windows-10-10.0.26100-SP0,3.11.0,3.0.1,8,Intel(R) Core(TM) i5-8250U CPU @ 1.60GHz,,,7.2005,51.6104,7.873264312744141,machine,N,1.0
2025-07-16T20:23:42,ollama-chatbot,aab3c8d2-bdf8-4cc7-97a3-cf45ba23a466,5b0fa12a-3dd7-45bb-9766-cc326314d9f1,52.28183610000269,0.0003872433587614,7.406843134215399e-06,60.0,0.0,10.0,0.0008713430449999,0,0.0001451771249999,0.0010165201699999,Germany,DEU,north rhine-westphalia,,,Windows-10-10.0.26100-SP0,3.11.0,3.0.1,8,Intel(R) Core(TM) i5-8250U CPU @ 1.60GHz,,,7.2005,51.6104,7.873264312744141,machine,N,1.0
2025-07-16T20:24:35,ollama-chatbot,0b7d255e-8fb1-4843-b9e7-574015a6271a,5b0fa12a-3dd7-45bb-9766-cc326314d9f1,46.78020430000106,0.0003464876443857,7.406715074687228e-06,60.0,0.0,10.0,0.0007796433816666,0,0.0001298923694444,0.000909535751111,Germany,DEU,north rhine-westphalia,,,Windows-10-10.0.26100-SP0,3.11.0,3.0.1,8,Intel(R) Core(TM) i5-8250U CPU @ 1.60GHz,,,7.2005,51.6104,7.873264312744141,machine,N,1.0
2025-07-16T20:32:38,chat_request,217d5142-628b-4ac4-8429-586419b9398c,5b0fa12a-3dd7-45bb-9766-cc326314d9f1,76.46718500000134,0.0005663196412208,7.406047982815639e-06,60.0,0.0,10.0,0.0012743936833333,0,0.000212204666111,0.0014865983494444,Germany,DEU,north rhine-westphalia,,,Windows-10-10.0.26100-SP0,3.11.0,3.0.1,8,Intel(R) Core(TM) i5-8250U CPU @ 1.60GHz,,,7.2005,51.6104,7.873264312744141,machine,N,1.0
2025-07-16T20:33:07,chat_request,08615f3b-2750-4f52-a62d-5d976d54381d,5b0fa12a-3dd7-45bb-9766-cc326314d9f1,5.534167999998317,4.098631684978004e-05,7.406048542399237e-06,60.0,0.0,10.0,9.223522499996762e-05,0,1.5354529166668524e-05,0.0001075897541666,Germany,DEU,north rhine-westphalia,,,Windows-10-10.0.26100-SP0,3.11.0,3.0.1,8,Intel(R) Core(TM) i5-8250U CPU @ 1.60GHz,,,7.2005,51.6104,7.873264312744141,machine,N,1.0
2025-07-16T20:34:02,chat_request,bf697419-7253-4966-9208-d417a1fb2962,5b0fa12a-3dd7-45bb-9766-cc326314d9f1,34.53692890000093,0.0002557958773504,7.406445375936862e-06,60.0,0.0,10.0,0.0005756108750001,0,9.585749972222604e-05,0.0006714683747223,Germany,DEU,north rhine-westphalia,,,Windows-10-10.0.26100-SP0,3.11.0,3.0.1,8,Intel(R) Core(TM) i5-8250U CPU @ 1.60GHz,,,7.2005,51.6104,7.873264312744141,machine,N,1.0
2025-07-16T20:36:00,chat_request,3ba63fca-9c2d-4bde-b943-813008f6189b,5b0fa12a-3dd7-45bb-9766-cc326314d9f1,65.64656620000096,0.0004861985558432,7.406305980452266e-06,60.0,0.0,10.0,0.0010940971683333,0,0.0001821820175,0.0012762791858333,Germany,DEU,north rhine-westphalia,,,Windows-10-10.0.26100-SP0,3.11.0,3.0.1,8,Intel(R) Core(TM) i5-8250U CPU @ 1.60GHz,,,7.2005,51.6104,7.873264312744141,machine,N,1.0
2025-07-16T20:41:28,chat_request,b6b243ac-033c-4ab0-8ddd-4f9279be4610,5b0fa12a-3dd7-45bb-9766-cc326314d9f1,28.853641300000163,0.0002137006408705,7.406366449512543e-06,60.0,0.0,10.0,0.000480889135,0,8.00785533333308e-05,0.0005609676883333,Germany,DEU,north rhine-westphalia,,,Windows-10-10.0.26100-SP0,3.11.0,3.0.1,8,Intel(R) Core(TM) i5-8250U CPU @ 1.60GHz,,,7.2005,51.6104,7.873264312744141,machine,N,1.0
2025-07-16T20:58:45,chat_request,06bb018b-e4e7-4de0-868a-87da4c218da7,5b0fa12a-3dd7-45bb-9766-cc326314d9f1,93.21987249999802,0.0006904119709299,7.406274568010564e-06,60.0,0.0,10.0,0.0015536476699999,0,0.0002586950808333,0.0018123427508332,Germany,DEU,north rhine-westphalia,,,Windows-10-10.0.26100-SP0,3.11.0,3.0.1,8,Intel(R) Core(TM) i5-8250U CPU @ 1.60GHz,,,7.2005,51.6104,7.873264312744141,machine,N,1.0
2025-07-16T21:00:55,chat_request,63fa0e2d-083f-4170-acd5-e7df8fe4055d,5b0fa12a-3dd7-45bb-9766-cc326314d9f1,51.71269559999928,0.0003829894038674,7.406100173734155e-06,60.0,0.0,10.0,0.0008618688916666,0,0.0001434845769444,0.0010053534686111,Germany,DEU,north rhine-westphalia,,,Windows-10-10.0.26100-SP0,3.11.0,3.0.1,8,Intel(R) Core(TM) i5-8250U CPU @ 1.60GHz,,,7.2005,51.6104,7.873264312744141,machine,N,1.0
2025-07-16T21:03:08,chat_request,140fcc4c-1cdb-43b2-bdf3-bbdd6cc51c65,5b0fa12a-3dd7-45bb-9766-cc326314d9f1,4.811760000000504,3.563971830855745e-05,7.406794667347024e-06,60.0,0.0,10.0,8.01953816666355e-05,0,1.3359463611110794e-05,9.35548452777463e-05,Germany,DEU,north rhine-westphalia,,,Windows-10-10.0.26100-SP0,3.11.0,3.0.1,8,Intel(R) Core(TM) i5-8250U CPU @ 1.60GHz,,,7.2005,51.6104,7.873264312744141,machine,N,1.0
2025-07-16T21:03:25,chat_request,6d3fe313-8a67-4575-86a9-cfecb3c157ca,5b0fa12a-3dd7-45bb-9766-cc326314d9f1,4.728498100001161,3.5023077506521736e-05,7.406807989732117e-06,60.0,0.0,10.0,7.880772833335262e-05,0,1.3128424722223524e-05,9.193615305557614e-05,Germany,DEU,north rhine-westphalia,,,Windows-10-10.0.26100-SP0,3.11.0,3.0.1,8,Intel(R) Core(TM) i5-8250U CPU @ 1.60GHz,,,7.2005,51.6104,7.873264312744141,machine,N,1.0
2025-07-21T14:46:12,cluster_test,8c4498e7-5f0a-4118-8815-7a2c72c43421,5b0fa12a-3dd7-45bb-9766-cc326314d9f1,46.98943019999933,0.0003479844797924,7.405590540496128e-06,60.0,0.0,10.0,0.000783109885,0,0.0001303550836111,0.0009134649686111,Germany,DEU,north rhine-westphalia,,,Windows-10-10.0.26100-SP0,3.11.0,3.0.1,8,Intel(R) Core(TM) i5-8250U CPU @ 1.60GHz,,,7.2005,51.6104,7.873264312744141,machine,N,1.0
2025-07-21T14:46:35,cluster_test,6db349b1-1019-4122-af42-217b1290e04a,5b0fa12a-3dd7-45bb-9766-cc326314d9f1,17.371780199999193,0.0001286498399546,7.405679698538388e-06,60.0,0.0,10.0,0.0002895110283332,0,4.819691222221283e-05,0.0003377079405554,Germany,DEU,north rhine-westphalia,,,Windows-10-10.0.26100-SP0,3.11.0,3.0.1,8,Intel(R) Core(TM) i5-8250U CPU @ 1.60GHz,,,7.2005,51.6104,7.873264312744141,machine,N,1.0
2025-07-21T14:47:42,cluster_test,370108d5-0e79-4b4c-a87f-92fbad4ba31a,5b0fa12a-3dd7-45bb-9766-cc326314d9f1,62.64366030000019,0.000463907916007,7.405504623858782e-06,60.0,0.0,10.0,0.0010439943166665,0,0.0001737715738888,0.0012177658905554,Germany,DEU,north rhine-westphalia,,,Windows-10-10.0.26100-SP0,3.11.0,3.0.1,8,Intel(R) Core(TM) i5-8250U CPU @ 1.60GHz,,,7.2005,51.6104,7.873264312744141,machine,N,1.0
2025-07-21T14:48:46,cluster_test,5b01ae1d-830c-483a-b344-9cca24534c6f,5b0fa12a-3dd7-45bb-9766-cc326314d9f1,59.16853560000163,0.0004381850486279,7.405710555187622e-06,60.0,0.0,10.0,0.00098608366,0,0.0001641592816666,0.0011502429416666,Germany,DEU,north rhine-westphalia,,,Windows-10-10.0.26100-SP0,3.11.0,3.0.1,8,Intel(R) Core(TM) i5-8250U CPU @ 1.60GHz,,,7.2005,51.6104,7.873264312744141,machine,N,1.0
2025-07-21T14:49:29,cluster_test,fcd34885-bfa2-463a-8fbb-6d72e27f1f4f,5b0fa12a-3dd7-45bb-9766-cc326314d9f1,37.87073329999839,0.0002804357959426,7.405079635535509e-06,60.0,0.0,10.0,0.0006310897550001,0,0.0001050588102777,0.0007361485652778,Germany,DEU,north rhine-westphalia,,,Windows-10-10.0.26100-SP0,3.11.0,3.0.1,8,Intel(R) Core(TM) i5-8250U CPU @ 1.60GHz,,,7.2005,51.6104,7.873264312744141,machine,N,1.0
2025-07-21T14:50:33,cluster_test,426d091a-7bff-43db-ae08-3ea4949576e7,5b0fa12a-3dd7-45bb-9766-cc326314d9f1,59.26649730000281,0.0004389013006592,7.405554919797837e-06,60.0,0.0,10.0,0.0009877067716666,0,0.0001644163433333,0.0011521231149999,Germany,DEU,north rhine-westphalia,,,Windows-10-10.0.26100-SP0,3.11.0,3.0.1,8,Intel(R) Core(TM) i5-8250U CPU @ 1.60GHz,,,7.2005,51.6104,7.873264312744141,machine,N,1.0
2025-07-21T14:51:46,cluster_test,a1c14988-c0ee-4941-bdff-11b5d3708abc,5b0fa12a-3dd7-45bb-9766-cc326314d9f1,67.9258504999998,0.0005030340607793,7.405635072310967e-06,60.0,0.0,10.0,0.0011320284499999,0,0.0001884442124999,0.0013204726624999,Germany,DEU,north rhine-westphalia,,,Windows-10-10.0.26100-SP0,3.11.0,3.0.1,8,Intel(R) Core(TM) i5-8250U CPU @ 1.60GHz,,,7.2005,51.6104,7.873264312744141,machine,N,1.0
2025-07-21T14:53:02,cluster_test,f060b64d-2d2a-4078-8895-2d1861f1aba1,5b0fa12a-3dd7-45bb-9766-cc326314d9f1,70.47199869999895,0.0005218861413658,7.405581663541378e-06,60.0,0.0,10.0,0.0011744488883333,0,0.000195510795,0.0013699596833333,Germany,DEU,north rhine-westphalia,,,Windows-10-10.0.26100-SP0,3.11.0,3.0.1,8,Intel(R) Core(TM) i5-8250U CPU @ 1.60GHz,,,7.2005,51.6104,7.873264312744141,machine,N,1.0
2025-07-21T14:53:46,cluster_test,99ff235a-65d6-4946-999f-6006babebf22,5b0fa12a-3dd7-45bb-9766-cc326314d9f1,38.52167560000089,0.0002852518322971,7.40496948417234e-06,60.0,0.0,10.0,0.0006419228016666,0,0.0001068679380555,0.0007487907397222,Germany,DEU,north rhine-westphalia,,,Windows-10-10.0.26100-SP0,3.11.0,3.0.1,8,Intel(R) Core(TM) i5-8250U CPU @ 1.60GHz,,,7.2005,51.6104,7.873264312744141,machine,N,1.0
2025-07-21T14:54:50,cluster_test,e224311f-7d8a-470f-a323-f0de83c78a27,5b0fa12a-3dd7-45bb-9766-cc326314d9f1,59.65875150000284,0.0004418158404326,7.40571717181599e-06,60.0,0.0,10.0,0.0009942493949999,0,0.0001655244347222,0.0011597738297222,Germany,DEU,north rhine-westphalia,,,Windows-10-10.0.26100-SP0,3.11.0,3.0.1,8,Intel(R) Core(TM) i5-8250U CPU @ 1.60GHz,,,7.2005,51.6104,7.873264312744141,machine,N,1.0
2025-10-29T15:39:04,chat_request,fb24863b-d52d-4a75-84de-f63c2fa7d476,5b0fa12a-3dd7-45bb-9766-cc326314d9f1,4.11611289999928,3.0488834417135573e-05,7.407190997394874e-06,60.0,0.0,10.0,6.860115333332335e-05,0,1.1432537222223496e-05,8.003369055554685e-05,Germany,DEU,north rhine-westphalia,,,Windows-10-10.0.26200-SP0,3.11.0,3.0.1,8,Intel(R) Core(TM) i5-8250U CPU @ 1.60GHz,,,7.2005,51.6104,7.873264312744141,machine,N,1.0
2025-10-29T15:39:51,img_classification,974b96dc-47a5-4e34-9fe0-dfd558b2f9c5,5b0fa12a-3dd7-45bb-9766-cc326314d9f1,15.242869899999278,0.0001128421724039,7.402947945121621e-06,60.0,0.0,10.0,0.0002540393549999,0,4.217319888889001e-05,0.0002962125538888,Germany,DEU,north rhine-westphalia,,,Windows-10-10.0.26200-SP0,3.11.0,3.0.1,8,Intel(R) Core(TM) i5-8250U CPU @ 1.60GHz,,,7.2005,51.6104,7.873264312744141,machine,N,1.0
2025-10-29T15:48:45,chat_request,04a1615b-6894-4032-8226-bf887746085a,5b0fa12a-3dd7-45bb-9766-cc326314d9f1,6.615486400000009,4.900179976858404e-05,7.407134835706709e-06,60.0,0.0,10.0,0.0001102564066666,0,1.837412166666784e-05,0.0001286305283333,Germany,DEU,north rhine-westphalia,,,Windows-10-10.0.26200-SP0,3.11.0,3.0.1,8,Intel(R) Core(TM) i5-8250U CPU @ 1.60GHz,,,7.2005,51.6104,7.873264312744141,machine,N,1.0
2025-10-29T15:51:00,img_classification,187859a3-52a8-4443-b5d2-e2621cabbf29,5b0fa12a-3dd7-45bb-9766-cc326314d9f1,22.504182300001048,0.00016643064287076402,7.395542777431032e-06,60.0,0.0,10.0,0.0003749486000000009,0,6.193456805555494e-05,0.0004368831680555559,Germany,DEU,north rhine-westphalia,,,Windows-10-10.0.26200-SP0,3.11.0,3.0.1,8,Intel(R) Core(TM) i5-8250U CPU @ 1.60GHz,,,7.2005,51.6104,7.873264312744141,machine,N,1.0
